request_id,timestamp,instance_id,system_type,traffic_pattern,workload_type,endpoint_group,test_tool,experiment_id,concurrent_users,http_method,endpoint_id,endpoint_complexity,payload_size_kb,cpu_utilization_pct,memory_usage_mb,active_connections,event_loop_lag_ms,rolling_avg_cpu_5s,rolling_avg_latency_5s,p95_latency_5s,p99_latency_5s,req_per_sec,short_term_error_rate,response_time_ms,status_code
79804f89-1c50-4277-bc3f-34c20dd62379,2026-06-07T14:10:22.483Z,instance-2,A,burst,heavy,heavy,k6,Exp_A_09,29,POST,/api/heavy,heavy,0.01,0,53.49,1,0.02,0,0,0,0,0.2,0,156.63,200
2ca15dfb-9613-4dcf-b6c6-6798b34179cc,2026-06-07T14:10:22.479Z,instance-1,A,burst,heavy,heavy,k6,Exp_A_09,33,POST,/api/heavy,heavy,0.01,0,52.96,1,0.02,0.62,0,0,0,0.2,0,166.46,200
440a01f3-0535-402e-99ba-9ca4b8e47883,2026-06-07T14:10:22.467Z,instance-3,A,burst,heavy,heavy,k6,Exp_A_09,30,POST,/api/heavy,heavy,0.01,1.5,53.09,1,0.03,0.62,0,0,0,0.2,0,204.36,200
206c0826-1ddc-4cbc-af90-29d5dd0f6166,2026-06-07T14:10:22.643Z,instance-2,A,burst,heavy,heavy,k6,Exp_A_09,3,POST,/api/heavy,heavy,0.01,0,53.49,1,0.02,0,156.63,156.63,156.63,0.4,0,188.42,200
26e4da26-c009-4129-8228-565f4dfa565a,2026-06-07T14:10:22.481Z,instance-1,A,burst,heavy,heavy,k6,Exp_A_09,9,POST,/api/heavy,heavy,0.01,0,52.96,2,0.02,0.62,0,0,0,0.4,0,338.43,200
b513debd-8090-4d7b-8397-dc5f834fb89b,2026-06-07T14:10:22.676Z,instance-3,A,burst,heavy,heavy,k6,Exp_A_09,37,POST,/api/heavy,heavy,0.01,1.5,53.09,1,0.03,0.62,204.36,204.36,204.36,0.4,0,186.73,200
53c5a34b-70a7-481b-84da-53f2fad18eef,2026-06-07T14:10:22.832Z,instance-1,A,burst,heavy,heavy,k6,Exp_A_09,42,POST,/api/heavy,heavy,0.01,0,52.96,1,0.02,0.62,252.44,338.43,338.43,0.6,0,213.27,200
f51b166e-aad0-4b3a-b2b4-818f24df04ee,2026-06-07T14:10:22.832Z,instance-1,A,burst,heavy,heavy,k6,Exp_A_09,2,POST,/api/heavy,heavy,0.01,0,52.96,2,0.02,0.62,252.44,338.43,338.43,0.8,0,398.22,200
4bcdfdc0-335b-4f78-a08c-75afe1646db0,2026-06-07T14:10:22.833Z,instance-1,A,burst,heavy,heavy,k6,Exp_A_09,41,POST,/api/heavy,heavy,0.01,0,52.96,3,0.02,0.62,252.44,338.43,338.43,1,0,607.5,200
47e03e80-801b-448d-b4f0-a596c0741ec7,2026-06-07T14:10:22.833Z,instance-1,A,burst,heavy,heavy,k6,Exp_A_09,34,POST,/api/heavy,heavy,0.01,0,52.96,4,0.02,0.62,252.44,338.43,338.43,1.2,0,766.98,200
6f3e8a0a-b7f1-48f8-a162-080932e4fb62,2026-06-07T14:10:22.834Z,instance-1,A,burst,heavy,heavy,k6,Exp_A_09,20,POST,/api/heavy,heavy,0.01,0,52.96,5,0.02,0.62,252.44,338.43,338.43,1.4,0,951.35,200
56c11e1c-9fda-402c-9d9e-ddd436b59616,2026-06-07T14:10:22.834Z,instance-1,A,burst,heavy,heavy,k6,Exp_A_09,49,POST,/api/heavy,heavy,0.01,0,52.96,6,0.02,0.62,252.44,338.43,338.43,1.6,0,1096.32,200
44ead700-fad7-4b36-9cdf-4a20ae629ec3,2026-06-07T14:10:22.835Z,instance-1,A,burst,heavy,heavy,k6,Exp_A_09,19,POST,/api/heavy,heavy,0.01,0,52.96,7,0.02,0.62,252.44,338.43,338.43,1.8,0,1290.45,200
52360a44-3100-4612-959f-78c66a25ea69,2026-06-07T14:10:22.836Z,instance-1,A,burst,heavy,heavy,k6,Exp_A_09,6,POST,/api/heavy,heavy,0.01,0,52.96,8,0.02,0.62,252.44,338.43,338.43,2,0,1476.41,200
9294de92-29ba-4ab7-afbf-f6e9bb2f564c,2026-06-07T14:10:22.836Z,instance-1,A,burst,heavy,heavy,k6,Exp_A_09,47,POST,/api/heavy,heavy,0.01,0,52.96,9,0.02,0.62,252.44,338.43,338.43,2.2,0,1672.84,200
3e341913-19ca-4f95-884f-95f67e8d1c60,2026-06-07T14:10:22.837Z,instance-1,A,burst,heavy,heavy,k6,Exp_A_09,58,POST,/api/heavy,heavy,0.01,0,52.96,10,0.02,0.62,252.44,338.43,338.43,2.4,0,1854.4,200
08997644-7832-4bda-ae45-015ebd823b5b,2026-06-07T14:10:22.647Z,instance-2,A,burst,heavy,heavy,k6,Exp_A_09,13,POST,/api/heavy,heavy,0.01,0,53.49,2,0.02,0,156.63,156.63,156.63,0.6,0,403.21,200
fe0aef5e-4e9a-41b0-81b8-943aacc384ad,2026-06-07T14:10:22.648Z,instance-2,A,burst,heavy,heavy,k6,Exp_A_09,24,POST,/api/heavy,heavy,0.01,0,53.49,3,0.02,0,156.63,156.63,156.63,0.8,0,642.88,200
78514645-e8f3-422d-a8b8-6ba8f855985d,2026-06-07T14:10:22.649Z,instance-2,A,burst,heavy,heavy,k6,Exp_A_09,22,POST,/api/heavy,heavy,0.01,0,53.49,4,0.02,0,156.63,156.63,156.63,1,0,851.43,200
c4743f7c-e631-4b3d-8d2a-4d2d2060d774,2026-06-07T14:10:22.650Z,instance-2,A,burst,heavy,heavy,k6,Exp_A_09,38,POST,/api/heavy,heavy,0.01,0,53.49,5,0.02,0,156.63,156.63,156.63,1.2,0,1040.81,200
c6a0b9e0-cd34-4bd8-ba77-d3d65bfc24a7,2026-06-07T14:10:22.651Z,instance-2,A,burst,heavy,heavy,k6,Exp_A_09,46,POST,/api/heavy,heavy,0.01,0,53.49,6,0.02,0,156.63,156.63,156.63,1.4,0,1216.32,200
8570c714-6fa9-4975-924b-f4bbbac5b08c,2026-06-07T14:10:22.651Z,instance-2,A,burst,heavy,heavy,k6,Exp_A_09,23,POST,/api/heavy,heavy,0.01,0,53.49,7,0.02,0,156.63,156.63,156.63,1.6,0,1436.82,200
35d8bf53-bf95-4bb9-91b7-f24e525a1e31,2026-06-07T14:10:22.653Z,instance-2,A,burst,heavy,heavy,k6,Exp_A_09,53,POST,/api/heavy,heavy,0.01,0,53.49,8,0.02,0,156.63,156.63,156.63,1.8,0,1629.1,200
27d5200e-6b71-453b-944c-431475d2cff8,2026-06-07T14:10:22.655Z,instance-2,A,burst,heavy,heavy,k6,Exp_A_09,39,POST,/api/heavy,heavy,0.01,0,53.49,9,0.02,0,156.63,156.63,156.63,2,0,1796.24,200
8ce95537-5f92-463d-bd56-1744b6d18ef0,2026-06-07T14:10:22.656Z,instance-2,A,burst,heavy,heavy,k6,Exp_A_09,18,POST,/api/heavy,heavy,0.01,0,53.49,10,0.02,0,156.63,156.63,156.63,2.2,0,1976.27,200
76bae100-7af0-4f42-9d08-6130429f3480,2026-06-07T14:10:22.656Z,instance-2,A,burst,heavy,heavy,k6,Exp_A_09,16,POST,/api/heavy,heavy,0.01,0,53.49,11,0.02,0,156.63,156.63,156.63,2.4,0,2133.66,200
832ef3c6-b7e0-4632-a1ce-50ae9310a1a7,2026-06-07T14:10:22.680Z,instance-3,A,burst,heavy,heavy,k6,Exp_A_09,52,POST,/api/heavy,heavy,0.01,1.5,53.09,2,0.03,0.62,204.36,204.36,204.36,0.6,0,407.8,200
ce22120c-6e4a-4fc2-8df0-3583bd5401fa,2026-06-07T14:10:22.681Z,instance-3,A,burst,heavy,heavy,k6,Exp_A_09,35,POST,/api/heavy,heavy,0.01,1.5,53.09,3,0.03,0.62,204.36,204.36,204.36,0.8,0,621.16,200
96a45664-d668-465b-b2e8-ac71b75183f4,2026-06-07T14:10:22.682Z,instance-3,A,burst,heavy,heavy,k6,Exp_A_09,14,POST,/api/heavy,heavy,0.01,1.5,53.09,4,0.03,0.62,204.36,204.36,204.36,1,0,801.16,200
12ff6b21-551e-43ce-9886-d099d09ce696,2026-06-07T14:10:22.683Z,instance-3,A,burst,heavy,heavy,k6,Exp_A_09,8,POST,/api/heavy,heavy,0.01,1.5,53.09,5,0.03,0.62,204.36,204.36,204.36,1.2,0,982.11,200
b6a8bad9-4c1e-4f01-ab95-b03ef511f7ca,2026-06-07T14:10:22.683Z,instance-3,A,burst,heavy,heavy,k6,Exp_A_09,36,POST,/api/heavy,heavy,0.01,1.5,53.09,6,0.03,0.62,204.36,204.36,204.36,1.4,0,1175.02,200
26ac6045-4205-49ba-892e-270e655dfc73,2026-06-07T14:10:22.684Z,instance-3,A,burst,heavy,heavy,k6,Exp_A_09,21,POST,/api/heavy,heavy,0.01,1.5,53.09,7,0.03,0.62,204.36,204.36,204.36,1.6,0,1384.02,200
ed8ac8cb-988a-4a64-9fc3-7ce9e94ebca4,2026-06-07T14:10:22.686Z,instance-3,A,burst,heavy,heavy,k6,Exp_A_09,4,POST,/api/heavy,heavy,0.01,1.5,53.09,8,0.03,0.62,204.36,204.36,204.36,1.8,0,1567.98,200
07208deb-36b3-4ed9-9e7f-10f4e053483e,2026-06-07T14:10:22.688Z,instance-3,A,burst,heavy,heavy,k6,Exp_A_09,28,POST,/api/heavy,heavy,0.01,1.5,53.09,9,0.03,0.62,204.36,204.36,204.36,2,0,1763.37,200
2c674db0-d4ef-4f29-84a7-7ec41236c349,2026-06-07T14:10:22.688Z,instance-3,A,burst,heavy,heavy,k6,Exp_A_09,44,POST,/api/heavy,heavy,0.01,1.5,53.09,10,0.03,0.62,204.36,204.36,204.36,2.2,0,1959.31,200
ac82bcec-f663-4dcc-b838-4bc4702c9139,2026-06-07T14:10:22.689Z,instance-3,A,burst,heavy,heavy,k6,Exp_A_09,15,POST,/api/heavy,heavy,0.01,1.5,53.09,11,0.03,0.62,204.36,204.36,204.36,2.4,0,2158.97,200
16216455-882c-4db2-9209-56cf57e46995,2026-06-07T14:10:24.703Z,instance-1,A,burst,heavy,heavy,k6,Exp_A_09,30,POST,/api/heavy,heavy,0.01,0,52.96,1,0.02,0.62,902.72,1854.4,1854.4,2.6,0,230.93,200
7fe59bdc-ff67-417f-9d3f-0bc1b300eda9,2026-06-07T14:10:24.703Z,instance-1,A,burst,heavy,heavy,k6,Exp_A_09,9,POST,/api/heavy,heavy,0.01,0,52.96,2,0.02,0.62,902.72,1854.4,1854.4,2.8,0,422.19,200
462956fd-4c1f-4ecf-8551-dd9a0fac1a17,2026-06-07T14:10:24.703Z,instance-1,A,burst,heavy,heavy,k6,Exp_A_09,52,POST,/api/heavy,heavy,0.01,0,52.96,3,0.02,0.62,902.72,1854.4,1854.4,3,0,612.84,200
685f380d-73dc-4796-bc77-c4d9f46157ee,2026-06-07T14:10:24.704Z,instance-1,A,burst,heavy,heavy,k6,Exp_A_09,2,POST,/api/heavy,heavy,0.01,0,52.96,4,0.02,0.62,902.72,1854.4,1854.4,3.2,0,785.13,200
fa2316ba-58ec-480a-bbc8-03c88c4c0a0e,2026-06-07T14:10:24.704Z,instance-1,A,burst,heavy,heavy,k6,Exp_A_09,32,POST,/api/heavy,heavy,0.01,0,52.96,5,0.02,0.62,902.72,1854.4,1854.4,3.4,0,936.13,200
4d00f10d-1df1-44d9-a669-c38b29590092,2026-06-07T14:10:24.704Z,instance-1,A,burst,heavy,heavy,k6,Exp_A_09,26,POST,/api/heavy,heavy,0.01,0,52.96,6,0.02,0.62,902.72,1854.4,1854.4,3.6,0,1130.04,200
5b7993d1-9de9-4be9-b271-ffc3d91f1b07,2026-06-07T14:10:24.705Z,instance-1,A,burst,heavy,heavy,k6,Exp_A_09,1,POST,/api/heavy,heavy,0.01,0,52.96,7,0.02,0.62,902.72,1854.4,1854.4,3.8,0,1330.47,200
e6d3e906-7315-426e-8897-129bf276b1a1,2026-06-07T14:10:24.705Z,instance-1,A,burst,heavy,heavy,k6,Exp_A_09,7,POST,/api/heavy,heavy,0.01,0,52.96,8,0.02,0.62,902.72,1854.4,1854.4,4,0,1484.99,200
8b5ad116-6d5a-4cf5-b03a-815b95511bad,2026-06-07T14:10:24.705Z,instance-1,A,burst,heavy,heavy,k6,Exp_A_09,43,POST,/api/heavy,heavy,0.01,0,52.96,9,0.02,0.62,902.72,1854.4,1854.4,4.2,0,1644.09,200
cafbf4b6-64ad-4746-a2d4-2b41f0a0ce75,2026-06-07T14:10:24.706Z,instance-1,A,burst,heavy,heavy,k6,Exp_A_09,14,POST,/api/heavy,heavy,0.01,0,52.96,10,0.02,0.62,902.72,1854.4,1854.4,4.4,0,1824.72,200
8d7f7488-1526-40ab-93f8-e8d1d5319b90,2026-06-07T14:10:24.799Z,instance-2,A,burst,heavy,heavy,k6,Exp_A_09,33,POST,/api/heavy,heavy,0.01,0,53.49,1,0.02,0,1122.65,2133.66,2133.66,2.6,0,221.1,200
e6043e45-30ec-4d9e-84d9-7e6f7d78dc8a,2026-06-07T14:10:24.800Z,instance-2,A,burst,heavy,heavy,k6,Exp_A_09,37,POST,/api/heavy,heavy,0.01,0,53.49,2,0.02,0,1122.65,2133.66,2133.66,2.8,0,423.25,200
9b626935-f374-45ee-8848-5e41507bc172,2026-06-07T14:10:24.800Z,instance-2,A,burst,heavy,heavy,k6,Exp_A_09,13,POST,/api/heavy,heavy,0.01,0,53.49,3,0.02,0,1122.65,2133.66,2133.66,3,0,643.75,200
172290fc-3d58-46b3-96f0-5219e022bdf9,2026-06-07T14:10:24.801Z,instance-2,A,burst,heavy,heavy,k6,Exp_A_09,35,POST,/api/heavy,heavy,0.01,0,53.49,4,0.02,0,1122.65,2133.66,2133.66,3.2,0,818.68,200
03462f6c-55f9-4fb3-adb5-0d6c8e7d4af3,2026-06-07T14:10:24.802Z,instance-2,A,burst,heavy,heavy,k6,Exp_A_09,31,POST,/api/heavy,heavy,0.01,0,53.49,5,0.02,0,1122.65,2133.66,2133.66,3.4,0,968.05,200
ff460745-c451-470a-a2b0-a6bf80785e61,2026-06-07T14:10:24.802Z,instance-2,A,burst,heavy,heavy,k6,Exp_A_09,45,POST,/api/heavy,heavy,0.01,0,53.49,6,0.02,0,1122.65,2133.66,2133.66,3.6,0,1123.26,200
05898cb4-5ca3-41c3-a6fc-ce31875db36c,2026-06-07T14:10:24.803Z,instance-2,A,burst,heavy,heavy,k6,Exp_A_09,17,POST,/api/heavy,heavy,0.01,0,53.49,7,0.02,0,1122.65,2133.66,2133.66,3.8,0,1295.88,200
75811fa2-7d6b-4525-89b5-e8b8a123fe51,2026-06-07T14:10:24.803Z,instance-2,A,burst,heavy,heavy,k6,Exp_A_09,27,POST,/api/heavy,heavy,0.01,0,53.49,8,0.02,0,1122.65,2133.66,2133.66,4,0,1484.18,200
af5b0a1b-ce69-4412-aa33-4c45de150516,2026-06-07T14:10:24.804Z,instance-2,A,burst,heavy,heavy,k6,Exp_A_09,12,POST,/api/heavy,heavy,0.01,0,53.49,9,0.02,0,1122.65,2133.66,2133.66,4.2,0,1682.21,200
f435b0bd-88ff-4bc3-a532-ebb69f7f1029,2026-06-07T14:10:24.804Z,instance-2,A,burst,heavy,heavy,k6,Exp_A_09,34,POST,/api/heavy,heavy,0.01,0,53.49,10,0.02,0,1122.65,2133.66,2133.66,4.4,0,1889.54,200
2fbdf6fc-fc1e-4d02-87fb-de6173c49675,2026-06-07T14:10:24.805Z,instance-2,A,burst,heavy,heavy,k6,Exp_A_09,38,POST,/api/heavy,heavy,0.01,0,53.49,11,0.02,0,1122.65,2133.66,2133.66,4.6,0,2047.28,200
a52198b5-04aa-4a79-9571-5b9eff7c370c,2026-06-07T14:10:24.862Z,instance-3,A,burst,heavy,heavy,k6,Exp_A_09,29,POST,/api/heavy,heavy,0.01,1.5,53.09,1,0.03,0.62,1101,2158.97,2158.97,2.6,0,179.66,200
3e71f1d4-4149-4f21-8cdc-6a30dbdac472,2026-06-07T14:10:24.863Z,instance-3,A,burst,heavy,heavy,k6,Exp_A_09,3,POST,/api/heavy,heavy,0.01,1.5,53.09,2,0.03,0.62,1101,2158.97,2158.97,2.8,0,345.62,200
09913b50-09ff-49ca-9f40-ef1fdc75d526,2026-06-07T14:10:24.864Z,instance-3,A,burst,heavy,heavy,k6,Exp_A_09,42,POST,/api/heavy,heavy,0.01,1.5,53.09,3,0.03,0.62,1101,2158.97,2158.97,3,0,507.94,200
bd6f1199-1ad4-40ab-a9d2-63555d15d65c,2026-06-07T14:10:24.864Z,instance-3,A,burst,heavy,heavy,k6,Exp_A_09,24,POST,/api/heavy,heavy,0.01,1.5,53.09,4,0.03,0.62,1101,2158.97,2158.97,3.2,0,710.17,200
49ed39b6-e391-46d1-9a53-006185a89e54,2026-06-07T14:10:24.865Z,instance-3,A,burst,heavy,heavy,k6,Exp_A_09,41,POST,/api/heavy,heavy,0.01,1.5,53.09,5,0.03,0.62,1101,2158.97,2158.97,3.4,0,895.31,200
200176d3-29f7-4294-9144-2d79ad891c84,2026-06-07T14:10:24.865Z,instance-3,A,burst,heavy,heavy,k6,Exp_A_09,11,POST,/api/heavy,heavy,0.01,1.5,53.09,6,0.03,0.62,1101,2158.97,2158.97,3.6,0,1077.94,200
bf20765e-9cda-4068-87d4-2a4cb578d017,2026-06-07T14:10:24.866Z,instance-3,A,burst,heavy,heavy,k6,Exp_A_09,25,POST,/api/heavy,heavy,0.01,1.5,53.09,7,0.03,0.62,1101,2158.97,2158.97,3.8,0,1265.09,200
311b7853-8c61-4bfa-9db1-e6de076c0e1f,2026-06-07T14:10:24.866Z,instance-3,A,burst,heavy,heavy,k6,Exp_A_09,5,POST,/api/heavy,heavy,0.01,1.5,53.09,8,0.03,0.62,1101,2158.97,2158.97,4,0,1460.39,200
e98f32e0-cee0-4849-8dd2-c2eff9504b3c,2026-06-07T14:10:24.867Z,instance-3,A,burst,heavy,heavy,k6,Exp_A_09,10,POST,/api/heavy,heavy,0.01,1.5,53.09,9,0.03,0.62,1101,2158.97,2158.97,4.2,0,1636.69,200
e2273927-61bd-427c-a000-9676f6dbee68,2026-06-07T14:10:24.867Z,instance-3,A,burst,heavy,heavy,k6,Exp_A_09,22,POST,/api/heavy,heavy,0.01,1.5,53.09,10,0.03,0.62,1101,2158.97,2158.97,4.4,0,1820.71,200
0b8708db-4db9-41c4-b541-6d70e3fa04d6,2026-06-07T14:10:24.867Z,instance-3,A,burst,heavy,heavy,k6,Exp_A_09,8,POST,/api/heavy,heavy,0.01,1.5,53.09,11,0.03,0.62,1101,2158.97,2158.97,4.6,0,2042.04,200
c69c8a2c-1a19-433d-88d6-7553bef94ccc,2026-06-07T14:10:24.867Z,instance-3,A,burst,heavy,heavy,k6,Exp_A_09,36,POST,/api/heavy,heavy,0.01,1.5,53.09,12,0.03,0.62,1101,2158.97,2158.97,4.8,0,2262.62,200
8443b529-c822-4249-8462-0ac2de0ab878,2026-06-07T14:10:26.539Z,instance-1,A,burst,heavy,heavy,k6,Exp_A_09,20,POST,/api/heavy,heavy,0.01,14.07,54.12,1,0.02,7.04,965.19,1824.72,1854.4,4.6,0,161.33,200
e24b34e7-0659-4311-89b3-527304fa1d02,2026-06-07T14:10:26.540Z,instance-1,A,burst,heavy,heavy,k6,Exp_A_09,46,POST,/api/heavy,heavy,0.01,14.07,54.12,2,0.02,7.04,965.19,1824.72,1854.4,4.8,0,318.77,200
5fa5a58e-f373-4047-800d-1b4ce0ed29b8,2026-06-07T14:10:26.540Z,instance-1,A,burst,heavy,heavy,k6,Exp_A_09,19,POST,/api/heavy,heavy,0.01,14.07,54.12,3,0.02,7.04,965.19,1824.72,1854.4,5,0,517.31,200
4c5682f2-e1f3-416f-9169-609a43463eb1,2026-06-07T14:10:26.540Z,instance-1,A,burst,heavy,heavy,k6,Exp_A_09,4,POST,/api/heavy,heavy,0.01,14.07,54.12,4,0.02,7.04,965.19,1824.72,1854.4,5.2,0,711.71,200
b804a61d-d8c9-4463-ad72-d54a480d04de,2026-06-07T14:10:26.541Z,instance-1,A,burst,heavy,heavy,k6,Exp_A_09,47,POST,/api/heavy,heavy,0.01,14.07,54.12,5,0.02,7.04,965.19,1824.72,1854.4,5.4,0,890.57,200
eaa2e6b8-9337-4c72-a88f-ba5b354bd9ca,2026-06-07T14:10:26.541Z,instance-1,A,burst,heavy,heavy,k6,Exp_A_09,18,POST,/api/heavy,heavy,0.01,14.07,54.12,6,0.02,7.04,965.19,1824.72,1854.4,5.6,0,1070.35,200
62f6bccb-4cb4-4f1b-84b0-7f781e44e1f6,2026-06-07T14:10:26.541Z,instance-1,A,burst,heavy,heavy,k6,Exp_A_09,30,POST,/api/heavy,heavy,0.01,14.07,54.12,7,0.02,7.04,965.19,1824.72,1854.4,5.8,0,1246.9,200
9ab4bb32-9f72-468d-8097-2e5c05f90227,2026-06-07T14:10:26.541Z,instance-1,A,burst,heavy,heavy,k6,Exp_A_09,33,POST,/api/heavy,heavy,0.01,14.07,54.12,8,0.02,7.04,965.19,1824.72,1854.4,6,0,1410.54,200
8466f605-7d98-4861-8222-982ae68a6f12,2026-06-07T14:10:26.542Z,instance-1,A,burst,heavy,heavy,k6,Exp_A_09,52,POST,/api/heavy,heavy,0.01,14.07,54.12,9,0.02,7.04,965.19,1824.72,1854.4,6.2,0,1606.03,200
2bcdf8b7-b85a-45ba-80fc-06541095f099,2026-06-07T14:10:26.542Z,instance-1,A,burst,heavy,heavy,k6,Exp_A_09,42,POST,/api/heavy,heavy,0.01,14.07,54.12,10,0.02,7.04,965.19,1824.72,1854.4,6.4,0,1820.1,200
76319802-cfde-4feb-80b0-f7cf920ffa20,2026-06-07T14:10:26.862Z,instance-2,A,burst,heavy,heavy,k6,Exp_A_09,49,POST,/api/heavy,heavy,0.01,0,53.49,1,0.02,0,1133.43,2047.28,2133.66,4.8,0,163.51,200
43c844f8-c161-404a-afe9-945f13a82dbd,2026-06-07T14:10:26.863Z,instance-2,A,burst,heavy,heavy,k6,Exp_A_09,23,POST,/api/heavy,heavy,0.01,0,53.49,2,0.02,0,1133.43,2047.28,2133.66,5,0,343.18,200
a8b3e2b3-7c89-4ffb-8405-b1ad762f6117,2026-06-07T14:10:26.863Z,instance-2,A,burst,heavy,heavy,k6,Exp_A_09,6,POST,/api/heavy,heavy,0.01,0,53.49,3,0.02,0,1133.43,2047.28,2133.66,5.2,0,534.69,200
7b3936ab-223b-4151-8065-a749bbec37b3,2026-06-07T14:10:26.863Z,instance-2,A,burst,heavy,heavy,k6,Exp_A_09,28,POST,/api/heavy,heavy,0.01,0,53.49,4,0.02,0,1133.43,2047.28,2133.66,5.4,0,735.63,200
62cab615-f526-4f40-8c03-ce1ea6db85e9,2026-06-07T14:10:26.864Z,instance-2,A,burst,heavy,heavy,k6,Exp_A_09,58,POST,/api/heavy,heavy,0.01,0,53.49,5,0.02,0,1133.43,2047.28,2133.66,5.6,0,930.31,200
e130dafb-1221-4f26-ac4b-052a705c9035,2026-06-07T14:10:26.864Z,instance-2,A,burst,heavy,heavy,k6,Exp_A_09,15,POST,/api/heavy,heavy,0.01,0,53.49,6,0.02,0,1133.43,2047.28,2133.66,5.8,0,1108.9,200
d1fc9553-7d01-4422-82d3-1a5d2d2817b3,2026-06-07T14:10:26.864Z,instance-2,A,burst,heavy,heavy,k6,Exp_A_09,9,POST,/api/heavy,heavy,0.01,0,53.49,7,0.02,0,1133.43,2047.28,2133.66,6,0,1286.74,200
7ba8a35f-7c4b-48c5-b5ea-38c109b8ea26,2026-06-07T14:10:26.864Z,instance-2,A,burst,heavy,heavy,k6,Exp_A_09,37,POST,/api/heavy,heavy,0.01,0,53.49,8,0.02,0,1133.43,2047.28,2133.66,6.2,0,1469.92,200
640f9590-26b2-4560-9458-d2d4d7617ad5,2026-06-07T14:10:26.865Z,instance-2,A,burst,heavy,heavy,k6,Exp_A_09,2,POST,/api/heavy,heavy,0.01,0,53.49,9,0.02,0,1133.43,2047.28,2133.66,6.4,0,1697.56,200
6fc94901-6c06-47c8-a872-88cafb5721a7,2026-06-07T14:10:26.865Z,instance-2,A,burst,heavy,heavy,k6,Exp_A_09,35,POST,/api/heavy,heavy,0.01,0,53.49,10,0.02,0,1133.43,2047.28,2133.66,6.6,0,1905.3,200
8a99be2a-75fb-4fb3-920b-371055888794,2026-06-07T14:10:26.865Z,instance-2,A,burst,heavy,heavy,k6,Exp_A_09,26,POST,/api/heavy,heavy,0.01,0,53.49,11,0.02,0,1133.43,2047.28,2133.66,6.8,0,2096.51,200
e7b5561a-e70b-48f2-b288-b9e9efc0aa00,2026-06-07T14:10:27.140Z,instance-3,A,burst,heavy,heavy,k6,Exp_A_09,21,POST,/api/heavy,heavy,0.01,1.5,53.09,1,0.03,0.62,1142.34,2158.97,2262.62,5,0,188.4,200
5ec5f9ce-fe1d-4fd7-aab7-248a1dd6caae,2026-06-07T14:10:27.141Z,instance-3,A,burst,heavy,heavy,k6,Exp_A_09,53,POST,/api/heavy,heavy,0.01,1.5,53.09,2,0.03,0.62,1142.34,2158.97,2262.62,5.2,0,362.06,200
e396a695-81aa-4c7a-b72d-19e28bb99755,2026-06-07T14:10:27.142Z,instance-3,A,burst,heavy,heavy,k6,Exp_A_09,39,POST,/api/heavy,heavy,0.01,1.5,53.09,3,0.03,0.62,1142.34,2158.97,2262.62,5.4,0,565.95,200
439d37bc-5306-48e2-b84c-b4739eb8bba3,2026-06-07T14:10:27.142Z,instance-3,A,burst,heavy,heavy,k6,Exp_A_09,44,POST,/api/heavy,heavy,0.01,1.5,53.09,4,0.03,0.62,1142.34,2158.97,2262.62,5.6,0,748.05,200
efdaf229-f392-495f-afd4-8ffa80501657,2026-06-07T14:10:27.143Z,instance-3,A,burst,heavy,heavy,k6,Exp_A_09,16,POST,/api/heavy,heavy,0.01,1.5,53.09,5,0.03,0.62,1142.34,2158.97,2262.62,5.8,0,909.82,200
49c2ebc0-3c99-4d96-972b-74ae1b523f5b,2026-06-07T14:10:27.144Z,instance-3,A,burst,heavy,heavy,k6,Exp_A_09,29,POST,/api/heavy,heavy,0.01,1.5,53.09,6,0.03,0.62,1142.34,2158.97,2262.62,6,0,1071.66,200
8b486f6f-05e4-4a3e-84ae-777e97030097,2026-06-07T14:10:27.144Z,instance-3,A,burst,heavy,heavy,k6,Exp_A_09,3,POST,/api/heavy,heavy,0.01,1.5,53.09,7,0.03,0.62,1142.34,2158.97,2262.62,6.2,0,1272.19,200
837fb34f-9261-4ebb-8d53-669ea30fe62b,2026-06-07T14:10:27.145Z,instance-3,A,burst,heavy,heavy,k6,Exp_A_09,13,POST,/api/heavy,heavy,0.01,1.5,53.09,8,0.03,0.62,1142.34,2158.97,2262.62,6.4,0,1468.33,200
3a5923ed-7829-45cf-996e-e2668787142b,2026-06-07T14:10:27.145Z,instance-3,A,burst,heavy,heavy,k6,Exp_A_09,24,POST,/api/heavy,heavy,0.01,1.5,53.09,9,0.03,0.62,1142.34,2158.97,2262.62,6.6,0,1680.02,200
4ee85873-ea9d-4f9e-a880-3ddb75e32a19,2026-06-07T14:10:27.146Z,instance-3,A,burst,heavy,heavy,k6,Exp_A_09,41,POST,/api/heavy,heavy,0.01,1.5,53.09,10,0.03,0.62,1142.34,2158.97,2262.62,6.8,0,1944.88,200
7209fcd9-ef4c-4a27-b48d-364da3dd43d9,2026-06-07T14:10:27.146Z,instance-3,A,burst,heavy,heavy,k6,Exp_A_09,45,POST,/api/heavy,heavy,0.01,1.5,53.09,11,0.03,0.62,1142.34,2158.97,2262.62,7,0,2117.86,200
07211a15-668e-4b10-aa3d-0d0412045c89,2026-06-07T14:10:27.147Z,instance-3,A,burst,heavy,heavy,k6,Exp_A_09,25,POST,/api/heavy,heavy,0.01,1.5,53.09,12,0.03,0.62,1142.34,2158.97,2262.62,7.2,0,2276.22,200
0f86899a-d283-4fbf-9b43-8e48ecab51f2,2026-06-07T14:10:28.371Z,instance-1,A,burst,heavy,heavy,k6,Exp_A_09,32,POST,/api/heavy,heavy,0.01,92.2,54.72,1,11.38,53.14,1066.83,1824.72,1854.4,4.2,0,200.93,200
38b86b3a-5719-4766-8180-f6a3a08ae5f3,2026-06-07T14:10:28.371Z,instance-1,A,burst,heavy,heavy,k6,Exp_A_09,31,POST,/api/heavy,heavy,0.01,92.2,54.72,2,11.38,53.14,1066.83,1824.72,1854.4,4.4,0,384.21,200
70ef083a-5c15-4c75-a8c1-c5e17d2fe7bc,2026-06-07T14:10:28.372Z,instance-1,A,burst,heavy,heavy,k6,Exp_A_09,1,POST,/api/heavy,heavy,0.01,92.2,54.72,3,11.38,53.14,1066.83,1824.72,1854.4,4.6,0,610.8,200
f14581c5-7e39-414b-83d2-0461cdd6adfe,2026-06-07T14:10:28.373Z,instance-1,A,burst,heavy,heavy,k6,Exp_A_09,17,POST,/api/heavy,heavy,0.01,92.2,54.72,4,11.38,53.14,1066.83,1824.72,1854.4,4.8,0,809.79,200
4b1188ab-7a5d-4b0e-8ccd-c66bae7612a5,2026-06-07T14:10:28.373Z,instance-1,A,burst,heavy,heavy,k6,Exp_A_09,43,POST,/api/heavy,heavy,0.01,92.2,54.72,5,11.38,53.14,1066.83,1824.72,1854.4,5,0,1018.75,200
c8ef34b4-9fb1-4f47-98cc-6ae063f0bb5d,2026-06-07T14:10:28.374Z,instance-1,A,burst,heavy,heavy,k6,Exp_A_09,12,POST,/api/heavy,heavy,0.01,92.2,54.72,6,11.38,53.14,1066.83,1824.72,1854.4,5.2,0,1246.73,200
9f50f01e-fa83-4aa1-987c-9bb6fa734033,2026-06-07T14:10:28.374Z,instance-1,A,burst,heavy,heavy,k6,Exp_A_09,20,POST,/api/heavy,heavy,0.01,92.2,54.72,7,11.38,53.14,1066.83,1824.72,1854.4,5.4,0,1392.61,200
32c422e5-2a20-4556-8f07-8498f148435b,2026-06-07T14:10:28.375Z,instance-1,A,burst,heavy,heavy,k6,Exp_A_09,38,POST,/api/heavy,heavy,0.01,92.2,54.72,8,11.38,53.14,1066.83,1824.72,1854.4,5.6,0,1552.78,200
da4499df-e5c9-4bb9-a3d1-20f5ed98f02b,2026-06-07T14:10:28.376Z,instance-1,A,burst,heavy,heavy,k6,Exp_A_09,36,POST,/api/heavy,heavy,0.01,92.2,54.72,9,11.38,53.14,1066.83,1824.72,1854.4,5.8,0,1735.06,200
c962ac53-1386-42b5-993d-4761e5b4c5c0,2026-06-07T14:10:28.376Z,instance-1,A,burst,heavy,heavy,k6,Exp_A_09,23,POST,/api/heavy,heavy,0.01,92.2,54.72,10,11.38,53.14,1066.83,1824.72,1854.4,6,0,1914.67,200
b79141cb-82d5-469c-ac51-14304e138147,2026-06-07T14:10:28.973Z,instance-2,A,burst,heavy,heavy,k6,Exp_A_09,11,POST,/api/heavy,heavy,0.01,36.16,54.83,1,0.02,36.16,1253.39,2096.51,2133.66,4.6,0,162.62,200
30584529-f872-41ae-be08-d70cc15a3430,2026-06-07T14:10:28.975Z,instance-2,A,burst,heavy,heavy,k6,Exp_A_09,7,POST,/api/heavy,heavy,0.01,36.16,54.83,2,0.02,36.16,1253.39,2096.51,2133.66,4.8,0,356.82,200
1643f892-adae-47b0-8673-50cb3f1803a9,2026-06-07T14:10:28.975Z,instance-2,A,burst,heavy,heavy,k6,Exp_A_09,5,POST,/api/heavy,heavy,0.01,36.16,54.83,3,0.02,36.16,1253.39,2096.51,2133.66,5,0,524.08,200
10b46aca-02d9-409a-97b1-27aab9104aef,2026-06-07T14:10:28.975Z,instance-2,A,burst,heavy,heavy,k6,Exp_A_09,14,POST,/api/heavy,heavy,0.01,36.16,54.83,4,0.02,36.16,1253.39,2096.51,2133.66,5.2,0,724.22,200
6522547b-649a-447d-9ea4-8622c0dabbe4,2026-06-07T14:10:28.976Z,instance-2,A,burst,heavy,heavy,k6,Exp_A_09,22,POST,/api/heavy,heavy,0.01,36.16,54.83,5,0.02,36.16,1253.39,2096.51,2133.66,5.4,0,888.67,200
2aae9c0e-cd4f-4e73-9a2d-308df62a3f75,2026-06-07T14:10:28.976Z,instance-2,A,burst,heavy,heavy,k6,Exp_A_09,8,POST,/api/heavy,heavy,0.01,36.16,54.83,6,0.02,36.16,1253.39,2096.51,2133.66,5.6,0,1083.11,200
e60a464b-47b4-4581-ab18-697bfd15ca90,2026-06-07T14:10:28.976Z,instance-2,A,burst,heavy,heavy,k6,Exp_A_09,19,POST,/api/heavy,heavy,0.01,36.16,54.83,7,0.02,36.16,1253.39,2096.51,2133.66,5.8,0,1269.58,200
14765118-8b25-45f1-9ab5-3e434cec7254,2026-06-07T14:10:28.976Z,instance-2,A,burst,heavy,heavy,k6,Exp_A_09,21,POST,/api/heavy,heavy,0.01,36.16,54.83,8,0.02,36.16,1253.39,2096.51,2133.66,6,0,1501.86,200
19a74c4d-7893-440f-9750-b89ee0cf0147,2026-06-07T14:10:28.977Z,instance-2,A,burst,heavy,heavy,k6,Exp_A_09,47,POST,/api/heavy,heavy,0.01,36.16,54.83,9,0.02,36.16,1253.39,2096.51,2133.66,6.2,0,1662.85,200
2bbf8c47-430e-4cff-94ef-d309e08b5aa5,2026-06-07T14:10:28.977Z,instance-2,A,burst,heavy,heavy,k6,Exp_A_09,39,POST,/api/heavy,heavy,0.01,36.16,54.83,10,0.02,36.16,1253.39,2096.51,2133.66,6.4,0,1820.13,200
fa39bfc1-30f2-4d00-ac1a-28fe1e0b663b,2026-06-07T14:10:28.977Z,instance-2,A,burst,heavy,heavy,k6,Exp_A_09,58,POST,/api/heavy,heavy,0.01,36.16,54.83,11,0.02,36.16,1253.39,2096.51,2133.66,6.6,0,2043.22,200
b79a5b4c-a5a8-4cc0-89c9-f20da307f687,2026-06-07T14:10:29.433Z,instance-3,A,burst,heavy,heavy,k6,Exp_A_09,10,POST,/api/heavy,heavy,0.01,36.61,54.55,1,0.03,36.61,1284.86,2262.62,2276.22,5,0,158.12,200
070715a7-8842-4699-8eaf-e074577df593,2026-06-07T14:10:29.434Z,instance-3,A,burst,heavy,heavy,k6,Exp_A_09,34,POST,/api/heavy,heavy,0.01,36.61,54.55,2,0.03,36.61,1284.86,2262.62,2276.22,5.2,0,333.29,200
3f5d980a-fb66-4aea-baff-e81fee067e12,2026-06-07T14:10:29.434Z,instance-3,A,burst,heavy,heavy,k6,Exp_A_09,49,POST,/api/heavy,heavy,0.01,36.61,54.55,3,0.03,36.61,1284.86,2262.62,2276.22,5.4,0,508.18,200
8eb7c0c4-23b9-4870-a9ac-0b5930ae7265,2026-06-07T14:10:29.435Z,instance-3,A,burst,heavy,heavy,k6,Exp_A_09,4,POST,/api/heavy,heavy,0.01,36.61,54.55,4,0.03,36.61,1284.86,2262.62,2276.22,5.6,0,686.79,200
1ed2ea0c-468b-4ef0-a4cb-79ba75a8fc9a,2026-06-07T14:10:29.435Z,instance-3,A,burst,heavy,heavy,k6,Exp_A_09,6,POST,/api/heavy,heavy,0.01,36.61,54.55,5,0.03,36.61,1284.86,2262.62,2276.22,5.8,0,867.2,200
6a51bfa2-259e-4ee6-89d4-477283429f49,2026-06-07T14:10:29.435Z,instance-3,A,burst,heavy,heavy,k6,Exp_A_09,18,POST,/api/heavy,heavy,0.01,36.61,54.55,6,0.03,36.61,1284.86,2262.62,2276.22,6,0,1077.68,200
b89e2ca4-45c8-44f8-b262-df6f7fce37aa,2026-06-07T14:10:29.435Z,instance-3,A,burst,heavy,heavy,k6,Exp_A_09,30,POST,/api/heavy,heavy,0.01,36.61,54.55,7,0.03,36.61,1284.86,2262.62,2276.22,6.2,0,1248.22,200
84473c3b-79f9-4ed0-8e90-36d372f3b417,2026-06-07T14:10:29.435Z,instance-3,A,burst,heavy,heavy,k6,Exp_A_09,15,POST,/api/heavy,heavy,0.01,36.61,54.55,8,0.03,36.61,1284.86,2262.62,2276.22,6.4,0,1450.46,200
d2b374bb-f0b3-461e-9655-7cb2a2135af2,2026-06-07T14:10:29.436Z,instance-3,A,burst,heavy,heavy,k6,Exp_A_09,52,POST,/api/heavy,heavy,0.01,36.61,54.55,9,0.03,36.61,1284.86,2262.62,2276.22,6.6,0,1651.42,200
13c436f8-d6de-44f0-b2ed-35d4353db506,2026-06-07T14:10:29.436Z,instance-3,A,burst,heavy,heavy,k6,Exp_A_09,42,POST,/api/heavy,heavy,0.01,36.61,54.55,10,0.03,36.61,1284.86,2262.62,2276.22,6.8,0,1840.21,200
cc9276b1-caf4-4c96-bccf-e32a39668ea3,2026-06-07T14:10:29.436Z,instance-3,A,burst,heavy,heavy,k6,Exp_A_09,27,POST,/api/heavy,heavy,0.01,36.61,54.55,11,0.03,36.61,1284.86,2262.62,2276.22,7,0,1999.98,200
ac9fb8d1-f7af-40e5-8d13-2fc2c08d79a2,2026-06-07T14:10:29.436Z,instance-3,A,burst,heavy,heavy,k6,Exp_A_09,46,POST,/api/heavy,heavy,0.01,36.61,54.55,12,0.03,36.61,1284.86,2262.62,2276.22,7.2,0,2198.51,200
175ea344-7b58-4b01-ada4-c52adb2bcb91,2026-06-07T14:10:30.302Z,instance-1,A,burst,heavy,heavy,k6,Exp_A_09,53,POST,/api/heavy,heavy,0.01,86.7,54.87,1,14.75,64.32,1084.58,1824.72,1914.67,4.2,0,210.95,200
580552b2-0ac1-4fb6-8a13-eb241a3bef2b,2026-06-07T14:10:30.302Z,instance-1,A,burst,heavy,heavy,k6,Exp_A_09,28,POST,/api/heavy,heavy,0.01,86.7,54.87,2,14.75,64.32,1084.58,1824.72,1914.67,4.4,0,416.98,200
7f9c2533-89d6-47cc-9281-e51d581b05d4,2026-06-07T14:10:30.303Z,instance-1,A,burst,heavy,heavy,k6,Exp_A_09,44,POST,/api/heavy,heavy,0.01,86.7,54.87,3,14.75,64.32,1084.58,1824.72,1914.67,4.6,0,587.99,200
8d1e251e-b489-4d61-ad56-7d3b6f441b73,2026-06-07T14:10:30.304Z,instance-1,A,burst,heavy,heavy,k6,Exp_A_09,33,POST,/api/heavy,heavy,0.01,86.7,54.87,4,14.75,64.32,1084.58,1824.72,1914.67,4.8,0,807.93,200
e3a1206a-7687-4235-9248-3a3340f03440,2026-06-07T14:10:30.304Z,instance-1,A,burst,heavy,heavy,k6,Exp_A_09,29,POST,/api/heavy,heavy,0.01,86.7,54.87,5,14.75,64.32,1084.58,1824.72,1914.67,5,0,1024.94,200
3462c702-e537-4baf-803b-3356d7203d2e,2026-06-07T14:10:30.305Z,instance-1,A,burst,heavy,heavy,k6,Exp_A_09,37,POST,/api/heavy,heavy,0.01,86.7,54.87,6,14.75,64.32,1084.58,1824.72,1914.67,5.2,0,1240.77,200
ce3eaf8b-23cd-40ca-81f9-a5f3d63494ee,2026-06-07T14:10:30.305Z,instance-1,A,burst,heavy,heavy,k6,Exp_A_09,13,POST,/api/heavy,heavy,0.01,86.7,54.87,7,14.75,64.32,1084.58,1824.72,1914.67,5.4,0,1417.78,200
b4c6d46f-f101-4b80-b2c3-cf98a58b90fa,2026-06-07T14:10:30.306Z,instance-1,A,burst,heavy,heavy,k6,Exp_A_09,31,POST,/api/heavy,heavy,0.01,86.7,54.87,8,14.75,64.32,1084.58,1824.72,1914.67,5.6,0,1610.16,200
3cd5972a-4c82-47ed-878f-0d7da19fcfbd,2026-06-07T14:10:30.306Z,instance-1,A,burst,heavy,heavy,k6,Exp_A_09,41,POST,/api/heavy,heavy,0.01,86.7,54.87,9,14.75,64.32,1084.58,1824.72,1914.67,5.8,0,1786.77,200
fa08ce52-d97e-45b8-bb73-117137373224,2026-06-07T14:10:30.306Z,instance-1,A,burst,heavy,heavy,k6,Exp_A_09,11,POST,/api/heavy,heavy,0.01,86.7,54.87,10,14.75,64.32,1084.58,1824.72,1914.67,6,0,1984.38,200
0d3c3c2c-989f-474b-9451-34f3c4d93525,2026-06-07T14:10:31.031Z,instance-2,A,burst,heavy,heavy,k6,Exp_A_09,16,POST,/api/heavy,heavy,0.01,100.75,55.21,1,14.74,68.45,1211.43,2047.28,2096.51,4.6,0,243.28,200
1a0a017d-056f-48cd-9818-b1424ffdc172,2026-06-07T14:10:31.032Z,instance-2,A,burst,heavy,heavy,k6,Exp_A_09,9,POST,/api/heavy,heavy,0.01,100.75,55.21,2,14.74,68.45,1211.43,2047.28,2096.51,4.8,0,424.44,200
b57b6ee4-4765-4504-9b13-815c78cbe16f,2026-06-07T14:10:31.032Z,instance-2,A,burst,heavy,heavy,k6,Exp_A_09,3,POST,/api/heavy,heavy,0.01,100.75,55.21,3,14.74,68.45,1211.43,2047.28,2096.51,5,0,599.13,200
d3df7fc0-32eb-4d0d-a158-6384a0b225eb,2026-06-07T14:10:31.032Z,instance-2,A,burst,heavy,heavy,k6,Exp_A_09,32,POST,/api/heavy,heavy,0.01,100.75,55.21,4,14.74,68.45,1211.43,2047.28,2096.51,5.2,0,796.71,200
11efd8cd-c2f3-4056-a58b-7317629cdd15,2026-06-07T14:10:31.033Z,instance-2,A,burst,heavy,heavy,k6,Exp_A_09,24,POST,/api/heavy,heavy,0.01,100.75,55.21,5,14.74,68.45,1211.43,2047.28,2096.51,5.4,0,1007.79,200
3d8cf704-09f7-4dd3-a3c9-c09ee4e96103,2026-06-07T14:10:31.033Z,instance-2,A,burst,heavy,heavy,k6,Exp_A_09,1,POST,/api/heavy,heavy,0.01,100.75,55.21,6,14.74,68.45,1211.43,2047.28,2096.51,5.6,0,1195.86,200
e0538b74-8858-490b-b2c5-d495ee7efef5,2026-06-07T14:10:31.033Z,instance-2,A,burst,heavy,heavy,k6,Exp_A_09,45,POST,/api/heavy,heavy,0.01,100.75,55.21,7,14.74,68.45,1211.43,2047.28,2096.51,5.8,0,1397.31,200
f08eedf8-a207-4614-958e-077f989016f5,2026-06-07T14:10:31.033Z,instance-2,A,burst,heavy,heavy,k6,Exp_A_09,43,POST,/api/heavy,heavy,0.01,100.75,55.21,8,14.74,68.45,1211.43,2047.28,2096.51,6,0,1568.65,200
dfda687b-abc7-43f7-8f33-8a1c1c6ee1ce,2026-06-07T14:10:31.033Z,instance-2,A,burst,heavy,heavy,k6,Exp_A_09,12,POST,/api/heavy,heavy,0.01,100.75,55.21,9,14.74,68.45,1211.43,2047.28,2096.51,6.2,0,1715.48,200
0b3c9048-1709-49a4-bd89-d69a8839acd2,2026-06-07T14:10:31.034Z,instance-2,A,burst,heavy,heavy,k6,Exp_A_09,20,POST,/api/heavy,heavy,0.01,100.75,55.21,10,14.74,68.45,1211.43,2047.28,2096.51,6.4,0,1903.02,200
dd722891-5e5d-42cf-b1fa-060e2e267e49,2026-06-07T14:10:31.034Z,instance-2,A,burst,heavy,heavy,k6,Exp_A_09,49,POST,/api/heavy,heavy,0.01,100.75,55.21,11,14.74,68.45,1211.43,2047.28,2096.51,6.6,0,2067.13,200
106db533-d4a7-4e6c-8f6e-4200012fc588,2026-06-07T14:10:31.642Z,instance-3,A,burst,heavy,heavy,k6,Exp_A_09,2,POST,/api/heavy,heavy,0.01,112.5,54.68,1,13.3,74.56,1287.07,2262.62,2276.22,5,0,170.4,200
2defdbc6-5ea1-42a0-99ba-459d9de41e29,2026-06-07T14:10:31.643Z,instance-3,A,burst,heavy,heavy,k6,Exp_A_09,35,POST,/api/heavy,heavy,0.01,112.5,54.68,2,13.3,74.56,1287.07,2262.62,2276.22,5.2,0,350.74,200
4a08fcd9-e072-46fa-870f-1ffc6d19481f,2026-06-07T14:10:31.643Z,instance-3,A,burst,heavy,heavy,k6,Exp_A_09,26,POST,/api/heavy,heavy,0.01,112.5,54.68,3,13.3,74.56,1287.07,2262.62,2276.22,5.4,0,546.6,200
82906d04-3192-4399-baa1-0e10364de1a4,2026-06-07T14:10:31.643Z,instance-3,A,burst,heavy,heavy,k6,Exp_A_09,17,POST,/api/heavy,heavy,0.01,112.5,54.68,4,13.3,74.56,1287.07,2262.62,2276.22,5.6,0,723.67,200
0f3423b7-cf50-4abd-bbbe-fc3996c69d1b,2026-06-07T14:10:31.643Z,instance-3,A,burst,heavy,heavy,k6,Exp_A_09,7,POST,/api/heavy,heavy,0.01,112.5,54.68,5,13.3,74.56,1287.07,2262.62,2276.22,5.8,0,898.86,200
83f5eb52-8e06-4aa8-bd9e-7e14d064670e,2026-06-07T14:10:31.644Z,instance-3,A,burst,heavy,heavy,k6,Exp_A_09,10,POST,/api/heavy,heavy,0.01,112.5,54.68,6,13.3,74.56,1287.07,2262.62,2276.22,6,0,1079.05,200
d129bf28-0f42-4218-81e4-d0991661d3a0,2026-06-07T14:10:31.644Z,instance-3,A,burst,heavy,heavy,k6,Exp_A_09,14,POST,/api/heavy,heavy,0.01,112.5,54.68,7,13.3,74.56,1287.07,2262.62,2276.22,6.2,0,1256.57,200
ffd316fb-7ced-4626-bc4a-54dc2702dce9,2026-06-07T14:10:31.645Z,instance-3,A,burst,heavy,heavy,k6,Exp_A_09,38,POST,/api/heavy,heavy,0.01,112.5,54.68,8,13.3,74.56,1287.07,2262.62,2276.22,6.4,0,1435.64,200
cbb78ff3-f4f0-46ef-9ab0-19e4e940f844,2026-06-07T14:10:31.645Z,instance-3,A,burst,heavy,heavy,k6,Exp_A_09,8,POST,/api/heavy,heavy,0.01,112.5,54.68,9,13.3,74.56,1287.07,2262.62,2276.22,6.6,0,1629.47,200
072dd2a5-17be-4553-bda9-d825b5eca3bb,2026-06-07T14:10:31.645Z,instance-3,A,burst,heavy,heavy,k6,Exp_A_09,23,POST,/api/heavy,heavy,0.01,112.5,54.68,10,13.3,74.56,1287.07,2262.62,2276.22,6.8,0,1818.93,200
cf146455-b591-4501-b0a6-280b3dd49422,2026-06-07T14:10:31.645Z,instance-3,A,burst,heavy,heavy,k6,Exp_A_09,21,POST,/api/heavy,heavy,0.01,112.5,54.68,11,13.3,74.56,1287.07,2262.62,2276.22,7,0,1956.56,200
e174e5b7-4cf1-44fb-bb88-a4b1322d4a19,2026-06-07T14:10:32.302Z,instance-1,A,burst,heavy,heavy,k6,Exp_A_09,25,POST,/api/heavy,heavy,0.01,87.5,55.16,1,15.15,88.8,1153.82,1914.67,1984.38,4.2,0,214.7,200
946f2c1e-c636-4f9d-858c-015a7bdf9eb9,2026-06-07T14:10:32.302Z,instance-1,A,burst,heavy,heavy,k6,Exp_A_09,5,POST,/api/heavy,heavy,0.01,87.5,55.16,2,15.15,88.8,1153.82,1914.67,1984.38,4.4,0,414.49,200
de7e9f0b-3798-4d17-9ea5-106010d88c15,2026-06-07T14:10:32.303Z,instance-1,A,burst,heavy,heavy,k6,Exp_A_09,34,POST,/api/heavy,heavy,0.01,87.5,55.16,3,15.15,88.8,1153.82,1914.67,1984.38,4.6,0,572.38,200
366e44d2-0b9f-43df-b061-76e5fc31dd37,2026-06-07T14:10:32.304Z,instance-1,A,burst,heavy,heavy,k6,Exp_A_09,22,POST,/api/heavy,heavy,0.01,87.5,55.16,4,15.15,88.8,1153.82,1914.67,1984.38,4.8,0,756.98,200
f169340d-2ed7-4285-bcb9-386b7bcf171f,2026-06-07T14:10:32.304Z,instance-1,A,burst,heavy,heavy,k6,Exp_A_09,4,POST,/api/heavy,heavy,0.01,87.5,55.16,5,15.15,88.8,1153.82,1914.67,1984.38,5,0,947.06,200
c13d4b34-b793-4d3c-8a33-718a6bd0915f,2026-06-07T14:10:32.305Z,instance-1,A,burst,heavy,heavy,k6,Exp_A_09,19,POST,/api/heavy,heavy,0.01,87.5,55.16,6,15.15,88.8,1153.82,1914.67,1984.38,5.2,0,1135.45,200
db4d6c14-f8bc-49ee-aedf-1fe3d19a7180,2026-06-07T14:10:32.306Z,instance-1,A,burst,heavy,heavy,k6,Exp_A_09,18,POST,/api/heavy,heavy,0.01,87.5,55.16,7,15.15,88.8,1153.82,1914.67,1984.38,5.4,0,1347.84,200
270a2483-ab4c-4cee-9488-fd974ece304f,2026-06-07T14:10:32.306Z,instance-1,A,burst,heavy,heavy,k6,Exp_A_09,47,POST,/api/heavy,heavy,0.01,87.5,55.16,8,15.15,88.8,1153.82,1914.67,1984.38,5.6,0,1543.92,200
bf406633-898a-48b6-9ce5-49b976493985,2026-06-07T14:10:32.307Z,instance-1,A,burst,heavy,heavy,k6,Exp_A_09,15,POST,/api/heavy,heavy,0.01,87.5,55.16,9,15.15,88.8,1153.82,1914.67,1984.38,5.8,0,1729.3,200
a8f13f5c-c81a-4e0e-8138-137080dd3a1c,2026-06-07T14:10:32.307Z,instance-1,A,burst,heavy,heavy,k6,Exp_A_09,58,POST,/api/heavy,heavy,0.01,87.5,55.16,10,15.15,88.8,1153.82,1914.67,1984.38,6,0,1919.44,200
f0b1aacd-763c-4882-b342-dea365b27900,2026-06-07T14:10:33.110Z,instance-2,A,burst,heavy,heavy,k6,Exp_A_09,36,POST,/api/heavy,heavy,0.01,103.1,55.54,1,12.99,80,1237.48,2067.13,2096.51,4.6,0,196.81,200
ad0aa5c0-d195-4e4a-bb64-5518b919556e,2026-06-07T14:10:33.110Z,instance-2,A,burst,heavy,heavy,k6,Exp_A_09,6,POST,/api/heavy,heavy,0.01,103.1,55.54,2,12.99,80,1237.48,2067.13,2096.51,4.8,0,356.5,200
8e190b93-3371-4751-be1a-049321ee2710,2026-06-07T14:10:33.110Z,instance-2,A,burst,heavy,heavy,k6,Exp_A_09,53,POST,/api/heavy,heavy,0.01,103.1,55.54,3,12.99,80,1237.48,2067.13,2096.51,5,0,544.75,200
753caa44-be2b-4fd7-ac57-89d508feb52b,2026-06-07T14:10:33.111Z,instance-2,A,burst,heavy,heavy,k6,Exp_A_09,28,POST,/api/heavy,heavy,0.01,103.1,55.54,4,12.99,80,1237.48,2067.13,2096.51,5.2,0,750.77,200
d06dc4bf-eccf-46f0-8669-cbc135834391,2026-06-07T14:10:33.111Z,instance-2,A,burst,heavy,heavy,k6,Exp_A_09,44,POST,/api/heavy,heavy,0.01,103.1,55.54,5,12.99,80,1237.48,2067.13,2096.51,5.4,0,949.35,200
c37dbce6-b53b-466a-9ae1-036f06858dd0,2026-06-07T14:10:33.111Z,instance-2,A,burst,heavy,heavy,k6,Exp_A_09,33,POST,/api/heavy,heavy,0.01,103.1,55.54,6,12.99,80,1237.48,2067.13,2096.51,5.6,0,1122.19,200
2dadfe4f-07d5-48fb-991d-1456e2b38642,2026-06-07T14:10:33.111Z,instance-2,A,burst,heavy,heavy,k6,Exp_A_09,42,POST,/api/heavy,heavy,0.01,103.1,55.54,7,12.99,80,1237.48,2067.13,2096.51,5.8,0,1310.82,200
e30d0c28-4731-4f65-bf1c-0e2b3e67f2f0,2026-06-07T14:10:33.111Z,instance-2,A,burst,heavy,heavy,k6,Exp_A_09,37,POST,/api/heavy,heavy,0.01,103.1,55.54,8,12.99,80,1237.48,2067.13,2096.51,6,0,1478.22,200
86a77150-b380-4763-a9ef-5c8e00ef4fed,2026-06-07T14:10:33.112Z,instance-2,A,burst,heavy,heavy,k6,Exp_A_09,46,POST,/api/heavy,heavy,0.01,103.1,55.54,9,12.99,80,1237.48,2067.13,2096.51,6.2,0,1653.61,200
928e5fd5-5163-46dd-9cc9-e37a3712ed61,2026-06-07T14:10:33.112Z,instance-2,A,burst,heavy,heavy,k6,Exp_A_09,31,POST,/api/heavy,heavy,0.01,103.1,55.54,10,12.99,80,1237.48,2067.13,2096.51,6.4,0,1827.54,200
05725ffe-308f-4df6-9a81-8428be763ea8,2026-06-07T14:10:33.112Z,instance-2,A,burst,heavy,heavy,k6,Exp_A_09,24,POST,/api/heavy,heavy,0.01,103.1,55.54,11,12.99,80,1237.48,2067.13,2096.51,6.6,0,1991.24,200
de106bc2-8d88-4599-a27a-7aba42ef2ec6,2026-06-07T14:10:33.611Z,instance-3,A,burst,heavy,heavy,k6,Exp_A_09,30,POST,/api/heavy,heavy,0.01,112.45,54.92,1,10.01,87.19,1263.35,2198.51,2276.22,4.8,0,158.08,200
e8c6be65-4dd4-4268-907a-9f665baf9959,2026-06-07T14:10:33.611Z,instance-3,A,burst,heavy,heavy,k6,Exp_A_09,39,POST,/api/heavy,heavy,0.01,112.45,54.92,2,10.01,87.19,1263.35,2198.51,2276.22,5,0,320.67,200
72cec571-e2bb-4361-af81-bb6cb392ee74,2026-06-07T14:10:33.611Z,instance-3,A,burst,heavy,heavy,k6,Exp_A_09,52,POST,/api/heavy,heavy,0.01,112.45,54.92,3,10.01,87.19,1263.35,2198.51,2276.22,5.2,0,469.41,200
1c82a7c9-f5ee-49fd-b2cc-762fe63f39a4,2026-06-07T14:10:33.612Z,instance-3,A,burst,heavy,heavy,k6,Exp_A_09,16,POST,/api/heavy,heavy,0.01,112.45,54.92,4,10.01,87.19,1263.35,2198.51,2276.22,5.4,0,657,200
d3b721bb-2735-4dc6-8f81-3ce58f20e895,2026-06-07T14:10:33.612Z,instance-3,A,burst,heavy,heavy,k6,Exp_A_09,9,POST,/api/heavy,heavy,0.01,112.45,54.92,5,10.01,87.19,1263.35,2198.51,2276.22,5.6,0,873.37,200
8d2ca316-6c2a-4d0c-9c79-f05f77d70204,2026-06-07T14:10:33.612Z,instance-3,A,burst,heavy,heavy,k6,Exp_A_09,3,POST,/api/heavy,heavy,0.01,112.45,54.92,6,10.01,87.19,1263.35,2198.51,2276.22,5.8,0,1049.41,200
6d468bd4-6218-4d9f-ad82-855edd2adcf3,2026-06-07T14:10:33.612Z,instance-3,A,burst,heavy,heavy,k6,Exp_A_09,32,POST,/api/heavy,heavy,0.01,112.45,54.92,7,10.01,87.19,1263.35,2198.51,2276.22,6,0,1215.73,200
77085c3b-d338-4ea8-b2db-12909624189a,2026-06-07T14:10:33.613Z,instance-3,A,burst,heavy,heavy,k6,Exp_A_09,35,POST,/api/heavy,heavy,0.01,112.45,54.92,8,10.01,87.19,1263.35,2198.51,2276.22,6.2,0,1406.95,200
396cb00d-3994-4d7a-925c-6bd4cd44422e,2026-06-07T14:10:33.613Z,instance-3,A,burst,heavy,heavy,k6,Exp_A_09,1,POST,/api/heavy,heavy,0.01,112.45,54.92,9,10.01,87.19,1263.35,2198.51,2276.22,6.4,0,1605.9,200
d6b40c6c-8235-4471-8d4f-540d4338a8fd,2026-06-07T14:10:33.613Z,instance-3,A,burst,heavy,heavy,k6,Exp_A_09,17,POST,/api/heavy,heavy,0.01,112.45,54.92,10,10.01,87.19,1263.35,2198.51,2276.22,6.6,0,1785.25,200
9663c88e-3f56-42f5-968c-400c71c3a7c3,2026-06-07T14:10:33.613Z,instance-3,A,burst,heavy,heavy,k6,Exp_A_09,43,POST,/api/heavy,heavy,0.01,112.45,54.92,11,10.01,87.19,1263.35,2198.51,2276.22,6.8,0,1946.32,200
848dc940-d051-4232-8e62-b808eb425ce5,2026-06-07T14:10:34.235Z,instance-1,A,burst,heavy,heavy,k6,Exp_A_09,29,POST,/api/heavy,heavy,0.01,94.55,55.35,1,16.07,89.58,1174.26,1919.44,1984.38,4.2,0,174.51,200
654d6d8b-ed40-4dc2-b5d4-db06638cebf6,2026-06-07T14:10:34.236Z,instance-1,A,burst,heavy,heavy,k6,Exp_A_09,27,POST,/api/heavy,heavy,0.01,94.55,55.35,2,16.07,89.58,1174.26,1919.44,1984.38,4.4,0,397.99,200
174a0f47-739b-4bd8-a624-b4a139e67df3,2026-06-07T14:10:34.236Z,instance-1,A,burst,heavy,heavy,k6,Exp_A_09,13,POST,/api/heavy,heavy,0.01,94.55,55.35,3,16.07,89.58,1174.26,1919.44,1984.38,4.6,0,582.48,200
c2d93abc-5d8c-472a-abbe-5290ac951f8e,2026-06-07T14:10:34.237Z,instance-1,A,burst,heavy,heavy,k6,Exp_A_09,2,POST,/api/heavy,heavy,0.01,94.55,55.35,4,16.07,89.58,1174.26,1919.44,1984.38,4.8,0,764.91,200
08e5eb63-004a-40ae-aa46-7abbf132c54e,2026-06-07T14:10:34.237Z,instance-1,A,burst,heavy,heavy,k6,Exp_A_09,41,POST,/api/heavy,heavy,0.01,94.55,55.35,5,16.07,89.58,1174.26,1919.44,1984.38,5,0,984.79,200
3acb30f4-f69e-464b-a421-8b66c44fe846,2026-06-07T14:10:34.238Z,instance-1,A,burst,heavy,heavy,k6,Exp_A_09,26,POST,/api/heavy,heavy,0.01,94.55,55.35,6,16.07,89.58,1174.26,1919.44,1984.38,5.2,0,1161.71,200
cf313a13-6eef-4acf-ac58-4c2d7f56df4a,2026-06-07T14:10:34.239Z,instance-1,A,burst,heavy,heavy,k6,Exp_A_09,25,POST,/api/heavy,heavy,0.01,94.55,55.35,7,16.07,89.58,1174.26,1919.44,1984.38,5.4,0,1366.73,200
95bff2c7-0676-4f15-8cf9-984e582ad775,2026-06-07T14:10:34.239Z,instance-1,A,burst,heavy,heavy,k6,Exp_A_09,7,POST,/api/heavy,heavy,0.01,94.55,55.35,8,16.07,89.58,1174.26,1919.44,1984.38,5.6,0,1542.1,200
471afa3b-8f04-4cc9-aef2-e98265352a89,2026-06-07T14:10:34.239Z,instance-1,A,burst,heavy,heavy,k6,Exp_A_09,34,POST,/api/heavy,heavy,0.01,94.55,55.35,9,16.07,89.58,1174.26,1919.44,1984.38,5.8,0,1685.05,200
d9f1439d-02a1-4124-b0f2-f7aab6e45c89,2026-06-07T14:10:34.240Z,instance-1,A,burst,heavy,heavy,k6,Exp_A_09,14,POST,/api/heavy,heavy,0.01,94.55,55.35,10,16.07,89.58,1174.26,1919.44,1984.38,6,0,1891.96,200
da0f8437-6740-4c7f-be30-9606d88280ee,2026-06-07T14:10:35.112Z,instance-2,A,burst,heavy,heavy,k6,Exp_A_09,11,POST,/api/heavy,heavy,0.01,100.85,55.64,1,10.79,101.57,1236.97,2043.22,2067.13,4.6,0,183.02,200
b108f8a1-86c2-4e29-ba39-f00edaea4d0b,2026-06-07T14:10:35.113Z,instance-2,A,burst,heavy,heavy,k6,Exp_A_09,45,POST,/api/heavy,heavy,0.01,100.85,55.64,2,10.79,101.57,1236.97,2043.22,2067.13,4.8,0,356.63,200
456b5ef4-166a-413b-9efc-ffa055a0227a,2026-06-07T14:10:35.114Z,instance-2,A,burst,heavy,heavy,k6,Exp_A_09,5,POST,/api/heavy,heavy,0.01,100.85,55.64,3,10.79,101.57,1236.97,2043.22,2067.13,5,0,537.47,200
4705a05c-ddff-45c9-9b5f-002a04163df4,2026-06-07T14:10:35.114Z,instance-2,A,burst,heavy,heavy,k6,Exp_A_09,12,POST,/api/heavy,heavy,0.01,100.85,55.64,4,10.79,101.57,1236.97,2043.22,2067.13,5.2,0,707.09,200
d9544ecb-e638-4e07-893a-63da87e58838,2026-06-07T14:10:35.115Z,instance-2,A,burst,heavy,heavy,k6,Exp_A_09,22,POST,/api/heavy,heavy,0.01,100.85,55.64,5,10.79,101.57,1236.97,2043.22,2067.13,5.4,0,872.87,200
c1254601-36a9-4622-95bb-dd4953721036,2026-06-07T14:10:35.115Z,instance-2,A,burst,heavy,heavy,k6,Exp_A_09,49,POST,/api/heavy,heavy,0.01,100.85,55.64,6,10.79,101.57,1236.97,2043.22,2067.13,5.6,0,1025.37,200
5363d93c-b282-458e-a7a5-faa67d195e8d,2026-06-07T14:10:35.116Z,instance-2,A,burst,heavy,heavy,k6,Exp_A_09,19,POST,/api/heavy,heavy,0.01,100.85,55.64,7,10.79,101.57,1236.97,2043.22,2067.13,5.8,0,1187.57,200
ebb541e2-bb79-4bc5-942f-3f749c279e19,2026-06-07T14:10:35.116Z,instance-2,A,burst,heavy,heavy,k6,Exp_A_09,23,POST,/api/heavy,heavy,0.01,100.85,55.64,8,10.79,101.57,1236.97,2043.22,2067.13,6,0,1369.61,200
58e28ba5-c6bd-4413-92be-2ccb82d6b7ac,2026-06-07T14:10:35.117Z,instance-2,A,burst,heavy,heavy,k6,Exp_A_09,30,POST,/api/heavy,heavy,0.01,100.85,55.64,9,10.79,101.57,1236.97,2043.22,2067.13,6.2,0,1538.3,200
c95f1153-38f6-4486-a40b-dbfc385a5e63,2026-06-07T14:10:35.117Z,instance-2,A,burst,heavy,heavy,k6,Exp_A_09,28,POST,/api/heavy,heavy,0.01,100.85,55.64,10,10.79,101.57,1236.97,2043.22,2067.13,6.4,0,1720.63,200
88237357-1f0c-4968-b160-a4e23df4b2c7,2026-06-07T14:10:35.117Z,instance-2,A,burst,heavy,heavy,k6,Exp_A_09,52,POST,/api/heavy,heavy,0.01,100.85,55.64,11,10.79,101.57,1236.97,2043.22,2067.13,6.6,0,1912.86,200
d483cdc9-6a6a-48e2-9e56-c511a9ce76e2,2026-06-07T14:10:35.569Z,instance-3,A,burst,heavy,heavy,k6,Exp_A_09,10,POST,/api/heavy,heavy,0.01,106.25,55.05,1,11.25,110.4,1205.12,1999.98,2198.51,4.6,0,178.9,200
b075dfdc-cf81-4c9a-b6da-f4bed589eaad,2026-06-07T14:10:35.570Z,instance-3,A,burst,heavy,heavy,k6,Exp_A_09,20,POST,/api/heavy,heavy,0.01,106.25,55.05,2,11.25,110.4,1205.12,1999.98,2198.51,4.8,0,401.7,200
d0dadbe1-00ad-40cc-8191-3652d883fe53,2026-06-07T14:10:35.571Z,instance-3,A,burst,heavy,heavy,k6,Exp_A_09,38,POST,/api/heavy,heavy,0.01,106.25,55.05,3,11.25,110.4,1205.12,1999.98,2198.51,5,0,583.75,200
6e00d160-aff6-4a12-82ba-125c06fd5d55,2026-06-07T14:10:35.571Z,instance-3,A,burst,heavy,heavy,k6,Exp_A_09,36,POST,/api/heavy,heavy,0.01,106.25,55.05,4,11.25,110.4,1205.12,1999.98,2198.51,5.2,0,797.36,200
2c12f781-da18-4a0e-b90b-b0251e41d42f,2026-06-07T14:10:35.572Z,instance-3,A,burst,heavy,heavy,k6,Exp_A_09,6,POST,/api/heavy,heavy,0.01,106.25,55.05,5,11.25,110.4,1205.12,1999.98,2198.51,5.4,0,993,200
a62c5a77-1f40-4124-ae28-a70d9ef67bc8,2026-06-07T14:10:35.572Z,instance-3,A,burst,heavy,heavy,k6,Exp_A_09,18,POST,/api/heavy,heavy,0.01,106.25,55.05,6,11.25,110.4,1205.12,1999.98,2198.51,5.6,0,1227.92,200
bb227d8f-485a-41c2-96a7-0d12c7f6193d,2026-06-07T14:10:35.572Z,instance-3,A,burst,heavy,heavy,k6,Exp_A_09,47,POST,/api/heavy,heavy,0.01,106.25,55.05,7,11.25,110.4,1205.12,1999.98,2198.51,5.8,0,1385.69,200
f8e9f1d8-9826-44db-b7bf-0b2c3c6d63ef,2026-06-07T14:10:35.572Z,instance-3,A,burst,heavy,heavy,k6,Exp_A_09,44,POST,/api/heavy,heavy,0.01,106.25,55.05,8,11.25,110.4,1205.12,1999.98,2198.51,6,0,1593.66,200
aa5ede6b-13f4-4e93-a179-855e7c6357f8,2026-06-07T14:10:35.573Z,instance-3,A,burst,heavy,heavy,k6,Exp_A_09,58,POST,/api/heavy,heavy,0.01,106.25,55.05,9,11.25,110.4,1205.12,1999.98,2198.51,6.2,0,1783.98,200
28570ac0-f014-49a1-b986-d2eaff83304a,2026-06-07T14:10:36.141Z,instance-1,A,burst,heavy,heavy,k6,Exp_A_09,4,POST,/api/heavy,heavy,0.01,99.25,55.44,1,13.34,93.77,1161.48,1919.44,1984.38,4.2,0,173.96,200
6df02a9c-625f-4c92-bfe9-73278d4f80a6,2026-06-07T14:10:36.141Z,instance-1,A,burst,heavy,heavy,k6,Exp_A_09,8,POST,/api/heavy,heavy,0.01,99.25,55.44,2,13.34,93.77,1161.48,1919.44,1984.38,4.4,0,375.15,200
e6563ced-9a6a-4d54-abe8-3edb766c9962,2026-06-07T14:10:36.141Z,instance-1,A,burst,heavy,heavy,k6,Exp_A_09,21,POST,/api/heavy,heavy,0.01,99.25,55.44,3,13.34,93.77,1161.48,1919.44,1984.38,4.6,0,575.78,200
3a6e4e10-81d2-4ce7-a05e-de49036e45ad,2026-06-07T14:10:36.142Z,instance-1,A,burst,heavy,heavy,k6,Exp_A_09,53,POST,/api/heavy,heavy,0.01,99.25,55.44,4,13.34,93.77,1161.48,1919.44,1984.38,4.8,0,787.11,200
866a9f71-7cd8-4e32-aba4-84e381f720de,2026-06-07T14:10:36.142Z,instance-1,A,burst,heavy,heavy,k6,Exp_A_09,39,POST,/api/heavy,heavy,0.01,99.25,55.44,5,13.34,93.77,1161.48,1919.44,1984.38,5,0,984.6,200
0ed4b2fa-d1fa-45ea-8dbe-39d4d66a7287,2026-06-07T14:10:36.142Z,instance-1,A,burst,heavy,heavy,k6,Exp_A_09,15,POST,/api/heavy,heavy,0.01,99.25,55.44,6,13.34,93.77,1161.48,1919.44,1984.38,5.2,0,1150.65,200
98fd8c10-5a9a-4e3d-858e-7787ef23e2b4,2026-06-07T14:10:36.142Z,instance-1,A,burst,heavy,heavy,k6,Exp_A_09,16,POST,/api/heavy,heavy,0.01,99.25,55.44,7,13.34,93.77,1161.48,1919.44,1984.38,5.4,0,1348.27,200
4a01ad80-b261-4d12-b984-62774ffbec11,2026-06-07T14:10:36.142Z,instance-1,A,burst,heavy,heavy,k6,Exp_A_09,29,POST,/api/heavy,heavy,0.01,99.25,55.44,8,13.34,93.77,1161.48,1919.44,1984.38,5.6,0,1533.04,200
2d8280b2-39ae-4923-a084-b176dc31ed51,2026-06-07T14:10:37.040Z,instance-2,A,burst,heavy,heavy,k6,Exp_A_09,33,POST,/api/heavy,heavy,0.01,99.2,55.79,1,13.81,101.05,1187.88,1991.24,2067.13,4.6,0,202.99,200
9ec2843d-c7fd-4d12-8323-63085f8a4325,2026-06-07T14:10:37.042Z,instance-2,A,burst,heavy,heavy,k6,Exp_A_09,26,POST,/api/heavy,heavy,0.01,99.2,55.79,2,13.81,101.05,1187.88,1991.24,2067.13,4.8,0,422.9,200
704c8051-561d-4479-b48d-b372aa3cf81e,2026-06-07T14:10:37.042Z,instance-2,A,burst,heavy,heavy,k6,Exp_A_09,45,POST,/api/heavy,heavy,0.01,99.2,55.79,3,13.81,101.05,1187.88,1991.24,2067.13,5,0,568.05,200
98995349-2cd4-4c40-bcbf-0b2cb6052e40,2026-06-07T14:10:37.042Z,instance-2,A,burst,heavy,heavy,k6,Exp_A_09,10,POST,/api/heavy,heavy,0.01,99.2,55.79,4,13.81,101.05,1187.88,1991.24,2067.13,5.2,0,745.81,200
f10780d6-d49f-48a7-93db-9e9330204e77,2026-06-07T14:10:37.043Z,instance-2,A,burst,heavy,heavy,k6,Exp_A_09,12,POST,/api/heavy,heavy,0.01,99.2,55.79,5,13.81,101.05,1187.88,1991.24,2067.13,5.4,0,926.25,200
ccd3e846-79a7-49ca-b4f5-32fc039a6ef9,2026-06-07T14:10:37.369Z,instance-3,A,burst,heavy,heavy,k6,Exp_A_09,11,POST,/api/heavy,heavy,0.01,96.1,55.18,1,13.07,104.93,1115.46,1946.32,1956.56,4.2,0,169.96,200
5e0a01db-4e0a-4e9a-9075-d0a8d0f0a490,2026-06-07T14:10:37.370Z,instance-3,A,burst,heavy,heavy,k6,Exp_A_09,17,POST,/api/heavy,heavy,0.01,96.1,55.18,2,13.07,104.93,1115.46,1946.32,1956.56,4.4,0,377.94,200
01be6e4c-d221-47d8-a8bd-e7ce36d0b16a,2026-06-07T14:10:37.370Z,instance-3,A,burst,heavy,heavy,k6,Exp_A_09,5,POST,/api/heavy,heavy,0.01,96.1,55.18,3,13.07,104.93,1115.46,1946.32,1956.56,4.6,0,529.4,200
9d3aff13-0d38-458f-8938-c3d0bce9455b,2026-06-07T14:10:37.371Z,instance-3,A,burst,heavy,heavy,k6,Exp_A_09,7,POST,/api/heavy,heavy,0.01,96.1,55.18,4,13.07,104.93,1115.46,1946.32,1956.56,4.8,0,716.65,200
c237c95e-f704-462b-801e-b1d6cabf78e3,2026-06-07T14:10:37.372Z,instance-3,A,burst,heavy,heavy,k6,Exp_A_09,22,POST,/api/heavy,heavy,0.01,96.1,55.18,5,13.07,104.93,1115.46,1946.32,1956.56,5,0,868.73,200
a2fb890c-4e64-4344-83b4-3027feaf7454,2026-06-07T14:10:37.373Z,instance-3,A,burst,heavy,heavy,k6,Exp_A_09,49,POST,/api/heavy,heavy,0.01,96.1,55.18,6,13.07,104.93,1115.46,1946.32,1956.56,5.2,0,1064.31,200
1dd9da59-70b5-4f63-a0bc-fec33422ceb9,2026-06-07T14:10:37.684Z,instance-1,A,burst,heavy,heavy,k6,Exp_A_09,43,POST,/api/heavy,heavy,0.01,189,55.5,1,10.13,127.6,1031.39,1891.96,1919.44,3.8,0,185.13,200
6a964f59-c0c1-46ca-9ede-115b5dce02d5,2026-06-07T14:10:37.685Z,instance-1,A,burst,heavy,heavy,k6,Exp_A_09,25,POST,/api/heavy,heavy,0.01,189,55.5,2,10.13,127.6,1031.39,1891.96,1919.44,4,0,387.42,200
0075fdc9-11e4-4af5-9de2-7d27213f2379,2026-06-07T14:10:37.686Z,instance-1,A,burst,heavy,heavy,k6,Exp_A_09,34,POST,/api/heavy,heavy,0.01,189,55.5,3,10.13,127.6,1031.39,1891.96,1919.44,4.2,0,569.8,200
539037ee-f2bb-46d7-baf8-6a871f5e7a52,2026-06-07T14:10:37.687Z,instance-1,A,burst,heavy,heavy,k6,Exp_A_09,20,POST,/api/heavy,heavy,0.01,189,55.5,4,10.13,127.6,1031.39,1891.96,1919.44,4.4,0,733.95,200
de5791ed-feee-4abe-af7e-64e325593bfc,2026-06-07T14:10:37.687Z,instance-1,A,burst,heavy,heavy,k6,Exp_A_09,19,POST,/api/heavy,heavy,0.01,189,55.5,5,10.13,127.6,1031.39,1891.96,1919.44,4.6,0,919.3,200
16ccec98-0b7b-405d-8e0b-13b4cc50b5d9,2026-06-07T14:10:37.688Z,instance-1,A,burst,heavy,heavy,k6,Exp_A_09,4,POST,/api/heavy,heavy,0.01,189,55.5,6,10.13,127.6,1031.39,1891.96,1919.44,4.8,0,1069.57,200
f33dceff-7c89-48eb-89af-64f07b2f6730,2026-06-07T14:10:37.689Z,instance-1,A,burst,heavy,heavy,k6,Exp_A_09,9,POST,/api/heavy,heavy,0.01,189,55.5,7,10.13,127.6,1031.39,1891.96,1919.44,5,0,1245.56,200
9089302c-584b-44e4-a63e-d28a165776cb,2026-06-07T14:10:37.689Z,instance-1,A,burst,heavy,heavy,k6,Exp_A_09,6,POST,/api/heavy,heavy,0.01,189,55.5,8,10.13,127.6,1031.39,1891.96,1919.44,5.2,0,1433.85,200
5bf70fe5-311a-4ab5-bba2-3e361f6c75c5,2026-06-07T14:10:37.970Z,instance-2,A,burst,heavy,heavy,k6,Exp_A_09,14,POST,/api/heavy,heavy,0.01,193.8,55.98,1,12.23,124.24,1018.8,1991.24,2067.13,5.6,0,193.76,200
68722444-0f64-488f-ae55-78db1f8ff97b,2026-06-07T14:10:37.970Z,instance-2,A,burst,heavy,heavy,k6,Exp_A_09,38,POST,/api/heavy,heavy,0.01,193.8,55.98,2,12.23,124.24,1018.8,1991.24,2067.13,5.8,0,397.75,200
aeb9b499-016d-4722-9f3e-19e2f0461848,2026-06-07T14:10:37.970Z,instance-2,A,burst,heavy,heavy,k6,Exp_A_09,42,POST,/api/heavy,heavy,0.01,193.8,55.98,3,12.23,124.24,1018.8,1991.24,2067.13,6,0,586.7,200
41e57e0b-9ff4-4ee3-873a-4440a6b8a924,2026-06-07T14:10:37.971Z,instance-2,A,burst,heavy,heavy,k6,Exp_A_09,8,POST,/api/heavy,heavy,0.01,193.8,55.98,4,12.23,124.24,1018.8,1991.24,2067.13,6.2,0,775.39,200
97d42ff0-63ce-437a-b093-56d88cbb72b6,2026-06-07T14:10:37.971Z,instance-2,A,burst,heavy,heavy,k6,Exp_A_09,30,POST,/api/heavy,heavy,0.01,193.8,55.98,5,12.23,124.24,1018.8,1991.24,2067.13,6.4,0,942,200
db39cf6e-a9f5-4eda-9210-c16f06299c99,2026-06-07T14:10:37.971Z,instance-2,A,burst,heavy,heavy,k6,Exp_A_09,3,POST,/api/heavy,heavy,0.01,193.8,55.98,6,12.23,124.24,1018.8,1991.24,2067.13,6.6,0,1106.49,200
144b5ab7-febf-47ca-98b0-ac32c9905cff,2026-06-07T14:10:37.971Z,instance-2,A,burst,heavy,heavy,k6,Exp_A_09,28,POST,/api/heavy,heavy,0.01,193.8,55.98,7,12.23,124.24,1018.8,1991.24,2067.13,6.8,0,1322.5,200
0f34dd51-d39f-40bf-978a-5a1eb5634d2d,2026-06-07T14:10:37.972Z,instance-2,A,burst,heavy,heavy,k6,Exp_A_09,32,POST,/api/heavy,heavy,0.01,193.8,55.98,8,12.23,124.24,1018.8,1991.24,2067.13,7,0,1490.8,200
b3e12120-4cd4-40e3-9720-b6634ec6392e,2026-06-07T14:10:38.446Z,instance-3,A,burst,heavy,heavy,k6,Exp_A_09,36,POST,/api/heavy,heavy,0.01,187.6,55.21,1,15.99,125.6,997.73,1946.32,1956.56,5.4,0,168.88,200
c34b6509-7561-4b11-8172-b1869fd32132,2026-06-07T14:10:38.446Z,instance-3,A,burst,heavy,heavy,k6,Exp_A_09,23,POST,/api/heavy,heavy,0.01,187.6,55.21,2,15.99,125.6,997.73,1946.32,1956.56,5.6,0,371.26,200
8982c04f-c8e9-41c8-a39d-3e7d11873322,2026-06-07T14:10:38.447Z,instance-3,A,burst,heavy,heavy,k6,Exp_A_09,37,POST,/api/heavy,heavy,0.01,187.6,55.21,3,15.99,125.6,997.73,1946.32,1956.56,5.8,0,563.65,200
1b7de407-5329-4466-8ece-ffc4d287a97a,2026-06-07T14:10:38.447Z,instance-3,A,burst,heavy,heavy,k6,Exp_A_09,27,POST,/api/heavy,heavy,0.01,187.6,55.21,4,15.99,125.6,997.73,1946.32,1956.56,6,0,737.41,200
8ab3f8d0-281a-4aa9-ba89-3a8cc9c2440e,2026-06-07T14:10:38.448Z,instance-3,A,burst,heavy,heavy,k6,Exp_A_09,18,POST,/api/heavy,heavy,0.01,187.6,55.21,5,15.99,125.6,997.73,1946.32,1956.56,6.2,0,916.79,200
a3ddfbe8-f2ad-40b0-b933-20b3d32ed7e2,2026-06-07T14:10:38.448Z,instance-3,A,burst,heavy,heavy,k6,Exp_A_09,13,POST,/api/heavy,heavy,0.01,187.6,55.21,6,15.99,125.6,997.73,1946.32,1956.56,6.4,0,1109.57,200
665b8e0e-0e39-45da-83ed-8fb95874c535,2026-06-07T14:10:38.449Z,instance-3,A,burst,heavy,heavy,k6,Exp_A_09,31,POST,/api/heavy,heavy,0.01,187.6,55.21,7,15.99,125.6,997.73,1946.32,1956.56,6.6,0,1268.35,200
37651d12-c259-45ba-b230-4ad8631001b3,2026-06-07T14:10:38.449Z,instance-3,A,burst,heavy,heavy,k6,Exp_A_09,2,POST,/api/heavy,heavy,0.01,187.6,55.21,8,15.99,125.6,997.73,1946.32,1956.56,6.8,0,1446.98,200
a9d0aa46-5184-49a5-86e7-9b53a681acb8,2026-06-07T14:10:38.449Z,instance-3,A,burst,heavy,heavy,k6,Exp_A_09,44,POST,/api/heavy,heavy,0.01,187.6,55.21,9,15.99,125.6,997.73,1946.32,1956.56,7,0,1621.66,200
043b2b46-adc3-479e-8acd-03b7597e1a9b,2026-06-07T14:10:38.450Z,instance-3,A,burst,heavy,heavy,k6,Exp_A_09,33,POST,/api/heavy,heavy,0.01,187.6,55.21,10,15.99,125.6,997.73,1946.32,1956.56,7.2,0,1812.29,200
6909d0be-48ac-4e70-a8ef-f99426381a21,2026-06-07T14:10:39.471Z,instance-2,A,burst,heavy,heavy,k6,Exp_A_09,52,POST,/api/heavy,heavy,0.01,185.9,56.11,1,2.5,144.94,1001.55,1912.86,1991.24,5,0,187.02,200
7073ea6f-0af8-4d9d-b4c8-1d860c45ff8c,2026-06-07T14:10:39.472Z,instance-2,A,burst,heavy,heavy,k6,Exp_A_09,35,POST,/api/heavy,heavy,0.01,185.9,56.11,2,2.5,144.94,1001.55,1912.86,1991.24,5.2,0,348.62,200
cd4534c4-a362-4c91-bd1d-ec51ff4abd21,2026-06-07T14:10:39.472Z,instance-2,A,burst,heavy,heavy,k6,Exp_A_09,1,POST,/api/heavy,heavy,0.01,185.9,56.11,3,2.5,144.94,1001.55,1912.86,1991.24,5.4,0,501.07,200
88ab163b-d16c-41e8-b09e-69e37409dec0,2026-06-07T14:10:39.473Z,instance-2,A,burst,heavy,heavy,k6,Exp_A_09,41,POST,/api/heavy,heavy,0.01,185.9,56.11,4,2.5,144.94,1001.55,1912.86,1991.24,5.6,0,670.96,200
bec3def1-a2b9-4196-9d9a-ef2be62f75b5,2026-06-07T14:10:39.474Z,instance-2,A,burst,heavy,heavy,k6,Exp_A_09,16,POST,/api/heavy,heavy,0.01,185.9,56.11,5,2.5,144.94,1001.55,1912.86,1991.24,5.8,0,874.07,200
4a67c8c4-bff2-4a70-bb6e-640e4cc15bda,2026-06-07T14:10:39.474Z,instance-2,A,burst,heavy,heavy,k6,Exp_A_09,45,POST,/api/heavy,heavy,0.01,185.9,56.11,6,2.5,144.94,1001.55,1912.86,1991.24,6,0,1058.73,200
dac6cdb7-551b-4d55-9ac4-9a380eb28b00,2026-06-07T14:10:39.474Z,instance-2,A,burst,heavy,heavy,k6,Exp_A_09,43,POST,/api/heavy,heavy,0.01,185.9,56.11,7,2.5,144.94,1001.55,1912.86,1991.24,6.2,0,1208.51,200
bba699e2-2dad-4d34-9eb8-081fcdb46848,2026-06-07T14:10:39.475Z,instance-2,A,burst,heavy,heavy,k6,Exp_A_09,12,POST,/api/heavy,heavy,0.01,185.9,56.11,8,2.5,144.94,1001.55,1912.86,1991.24,6.4,0,1351.15,200
7e61ce0c-9507-4026-a4e9-f2b3bb98df16,2026-06-07T14:10:39.475Z,instance-2,A,burst,heavy,heavy,k6,Exp_A_09,22,POST,/api/heavy,heavy,0.01,185.9,56.11,9,2.5,144.94,1001.55,1912.86,1991.24,6.6,0,1513.13,200
6be638c0-694c-4e79-9d3e-5d65005fd43b,2026-06-07T14:10:39.475Z,instance-2,A,burst,heavy,heavy,k6,Exp_A_09,38,POST,/api/heavy,heavy,0.01,185.9,56.11,10,2.5,144.94,1001.55,1912.86,1991.24,6.8,0,1694.47,200
a6cf851a-dfe5-420e-b429-63f8a45e05a3,2026-06-07T14:10:39.134Z,instance-1,A,burst,heavy,heavy,k6,Exp_A_09,21,POST,/api/heavy,heavy,0.01,94.5,55.63,1,13.64,119.33,960.92,1891.96,1919.44,5.4,0,163.48,200
50d1b90c-3ac7-45a3-9b5f-3b7ce1fccfc7,2026-06-07T14:10:39.134Z,instance-1,A,burst,heavy,heavy,k6,Exp_A_09,46,POST,/api/heavy,heavy,0.01,94.5,55.63,2,13.64,119.33,960.92,1891.96,1919.44,5.6,0,384.05,200
ada9f546-7e47-4bd2-a5a4-ea0188a2030a,2026-06-07T14:10:39.135Z,instance-1,A,burst,heavy,heavy,k6,Exp_A_09,53,POST,/api/heavy,heavy,0.01,94.5,55.63,3,13.64,119.33,960.92,1891.96,1919.44,5.8,0,577.4,200
f6fccaa8-d313-4809-b370-48e816665313,2026-06-07T14:10:39.135Z,instance-1,A,burst,heavy,heavy,k6,Exp_A_09,47,POST,/api/heavy,heavy,0.01,94.5,55.63,4,13.64,119.33,960.92,1891.96,1919.44,6,0,779.46,200
f6d96752-7842-4e9d-9d8d-d7bcb9c76388,2026-06-07T14:10:39.136Z,instance-1,A,burst,heavy,heavy,k6,Exp_A_09,39,POST,/api/heavy,heavy,0.01,94.5,55.63,5,13.64,119.33,960.92,1891.96,1919.44,6.2,0,971.14,200
32ea4c0e-7154-4fbb-b3c4-0a4223307fa9,2026-06-07T14:10:39.137Z,instance-1,A,burst,heavy,heavy,k6,Exp_A_09,24,POST,/api/heavy,heavy,0.01,94.5,55.63,6,13.64,119.33,960.92,1891.96,1919.44,6.4,0,1144.22,200
34334970-293b-4552-aaaa-77b6297068a8,2026-06-07T14:10:39.137Z,instance-1,A,burst,heavy,heavy,k6,Exp_A_09,15,POST,/api/heavy,heavy,0.01,94.5,55.63,7,13.64,119.33,960.92,1891.96,1919.44,6.6,0,1337.01,200
6ef0c3f5-73f1-42ca-bbb8-9e8e84e85e46,2026-06-07T14:10:39.138Z,instance-1,A,burst,heavy,heavy,k6,Exp_A_09,29,POST,/api/heavy,heavy,0.01,94.5,55.63,8,13.64,119.33,960.92,1891.96,1919.44,6.8,0,1545.75,200
91fbf080-72d9-4091-8423-8208569a4e04,2026-06-07T14:10:39.139Z,instance-1,A,burst,heavy,heavy,k6,Exp_A_09,17,POST,/api/heavy,heavy,0.01,94.5,55.63,9,13.64,119.33,960.92,1891.96,1919.44,7,0,1728.07,200
1b74b06b-542c-4c58-9d25-53b4eeb7c799,2026-06-07T14:10:39.139Z,instance-1,A,burst,heavy,heavy,k6,Exp_A_09,25,POST,/api/heavy,heavy,0.01,94.5,55.63,10,13.64,119.33,960.92,1891.96,1919.44,7.2,0,1895.08,200
0d650cb6-c629-486c-95ac-18da0b5e8dc6,2026-06-07T14:10:39.140Z,instance-1,A,burst,heavy,heavy,k6,Exp_A_09,7,POST,/api/heavy,heavy,0.01,94.5,55.63,11,13.64,119.33,960.92,1891.96,1919.44,7.4,0,2099.87,200
6e415a04-3a41-49fe-b01a-2ecabc407c53,2026-06-07T14:10:39.140Z,instance-1,A,burst,heavy,heavy,k6,Exp_A_09,58,POST,/api/heavy,heavy,0.01,94.5,55.63,12,13.64,119.33,960.92,1891.96,1919.44,7.6,0,2320.49,200
9a0ea73f-0ad3-4bf5-b8af-76e656fcf729,2026-06-07T14:10:40.274Z,instance-3,A,burst,heavy,heavy,k6,Exp_A_09,26,POST,/api/heavy,heavy,0.01,88.25,55.55,1,12.26,119.55,978.57,1812.29,1946.32,5.2,0,172.11,200
2e3907b5-3ea5-4efa-a726-1080228924e6,2026-06-07T14:10:40.274Z,instance-3,A,burst,heavy,heavy,k6,Exp_A_09,11,POST,/api/heavy,heavy,0.01,88.25,55.55,2,12.26,119.55,978.57,1812.29,1946.32,5.4,0,348.15,200
dc2bcb96-eb35-45c5-a28e-87382d72f58b,2026-06-07T14:10:40.275Z,instance-3,A,burst,heavy,heavy,k6,Exp_A_09,10,POST,/api/heavy,heavy,0.01,88.25,55.55,3,12.26,119.55,978.57,1812.29,1946.32,5.6,0,536.69,200
ff1b6905-034b-4f71-8680-f65fabd4ed0e,2026-06-07T14:10:40.275Z,instance-3,A,burst,heavy,heavy,k6,Exp_A_09,5,POST,/api/heavy,heavy,0.01,88.25,55.55,4,12.26,119.55,978.57,1812.29,1946.32,5.8,0,739.12,200
d42e7ce1-2dba-4faa-87a2-95a85cf161a9,2026-06-07T14:10:40.275Z,instance-3,A,burst,heavy,heavy,k6,Exp_A_09,14,POST,/api/heavy,heavy,0.01,88.25,55.55,5,12.26,119.55,978.57,1812.29,1946.32,6,0,896.19,200
f8968d79-014b-416b-ab3b-e199b7780a94,2026-06-07T14:10:40.276Z,instance-3,A,burst,heavy,heavy,k6,Exp_A_09,34,POST,/api/heavy,heavy,0.01,88.25,55.55,6,12.26,119.55,978.57,1812.29,1946.32,6.2,0,1105.93,200
08859e80-f5f7-4839-a568-40495ec130aa,2026-06-07T14:10:40.276Z,instance-3,A,burst,heavy,heavy,k6,Exp_A_09,42,POST,/api/heavy,heavy,0.01,88.25,55.55,7,12.26,119.55,978.57,1812.29,1946.32,6.4,0,1316.41,200
8b131709-abb4-4bbf-b257-4ea84d452dcd,2026-06-07T14:10:40.276Z,instance-3,A,burst,heavy,heavy,k6,Exp_A_09,36,POST,/api/heavy,heavy,0.01,88.25,55.55,8,12.26,119.55,978.57,1812.29,1946.32,6.6,0,1514.01,200
80c17205-708b-43ef-8d82-be2857865cc9,2026-06-07T14:10:40.276Z,instance-3,A,burst,heavy,heavy,k6,Exp_A_09,30,POST,/api/heavy,heavy,0.01,88.25,55.55,9,12.26,119.55,978.57,1812.29,1946.32,6.8,0,1728.26,200
ee6ba2a2-92ff-40d1-a2ff-bf86610db2f4,2026-06-07T14:10:40.277Z,instance-3,A,burst,heavy,heavy,k6,Exp_A_09,37,POST,/api/heavy,heavy,0.01,88.25,55.55,10,12.26,119.55,978.57,1812.29,1946.32,7,0,1952.1,200
fbf9c938-7f21-4151-adbc-a69edd710012,2026-06-07T14:10:41.179Z,instance-2,A,burst,heavy,heavy,k6,Exp_A_09,19,POST,/api/heavy,heavy,0.01,185.9,56.11,1,12.6,144.94,957.79,1720.63,1912.86,4.8,0,177.37,200
70e8b35f-3bd7-4363-aacc-7940c8e4d2e7,2026-06-07T14:10:41.180Z,instance-2,A,burst,heavy,heavy,k6,Exp_A_09,8,POST,/api/heavy,heavy,0.01,185.9,56.11,2,12.6,144.94,957.79,1720.63,1912.86,5,0,415.88,200
b2e3c10b-2158-4c85-99be-9117e9b115e9,2026-06-07T14:10:41.181Z,instance-2,A,burst,heavy,heavy,k6,Exp_A_09,9,POST,/api/heavy,heavy,0.01,185.9,56.11,3,12.6,144.94,957.79,1720.63,1912.86,5.2,0,598.46,200
f4a302bf-8618-4d8c-b06e-ca2e6f49b1bf,2026-06-07T14:10:41.181Z,instance-2,A,burst,heavy,heavy,k6,Exp_A_09,3,POST,/api/heavy,heavy,0.01,185.9,56.11,4,12.6,144.94,957.79,1720.63,1912.86,5.4,0,769.55,200
cf72d692-97e1-4f42-83ba-b7a7575faf88,2026-06-07T14:10:41.182Z,instance-2,A,burst,heavy,heavy,k6,Exp_A_09,21,POST,/api/heavy,heavy,0.01,185.9,56.11,5,12.6,144.94,957.79,1720.63,1912.86,5.6,0,951.19,200
f45cece9-0bef-4905-bbc3-b0f45a32e3b1,2026-06-07T14:10:41.183Z,instance-2,A,burst,heavy,heavy,k6,Exp_A_09,32,POST,/api/heavy,heavy,0.01,185.9,56.11,6,12.6,144.94,957.79,1720.63,1912.86,5.8,0,1120.4,200
c449cc32-3794-4284-9f83-adca2488b04a,2026-06-07T14:10:41.183Z,instance-2,A,burst,heavy,heavy,k6,Exp_A_09,53,POST,/api/heavy,heavy,0.01,185.9,56.11,7,12.6,144.94,957.79,1720.63,1912.86,6,0,1284.63,200
7fddea37-8e80-49a0-8453-1d71d07ff95c,2026-06-07T14:10:41.183Z,instance-2,A,burst,heavy,heavy,k6,Exp_A_09,35,POST,/api/heavy,heavy,0.01,185.9,56.11,8,12.6,144.94,957.79,1720.63,1912.86,6.2,0,1444.09,200
a9459b64-7347-44e1-aeef-6d722eba70fd,2026-06-07T14:10:41.183Z,instance-2,A,burst,heavy,heavy,k6,Exp_A_09,44,POST,/api/heavy,heavy,0.01,185.9,56.11,9,12.6,144.94,957.79,1720.63,1912.86,6.4,0,1619.38,200
c0c13a05-2763-4b59-bc78-ab1859c1eab4,2026-06-07T14:10:41.183Z,instance-2,A,burst,heavy,heavy,k6,Exp_A_09,41,POST,/api/heavy,heavy,0.01,185.9,56.11,10,12.6,144.94,957.79,1720.63,1912.86,6.6,0,1795.04,200
546f19fa-49a4-42a8-ba8d-b6210b11f35f,2026-06-07T14:10:41.469Z,instance-1,A,burst,heavy,heavy,k6,Exp_A_09,20,POST,/api/heavy,heavy,0.01,73.45,55.75,1,16.88,118.98,1046.12,2099.87,2320.49,4.2,0,206.25,200
41ae84ed-eb58-4f1e-85a3-e338ff591fab,2026-06-07T14:10:41.470Z,instance-1,A,burst,heavy,heavy,k6,Exp_A_09,49,POST,/api/heavy,heavy,0.01,73.45,55.75,2,16.88,118.98,1046.12,2099.87,2320.49,4.4,0,415.48,200
70d0e626-5050-4671-82a7-a855c99d07ff,2026-06-07T14:10:41.470Z,instance-1,A,burst,heavy,heavy,k6,Exp_A_09,4,POST,/api/heavy,heavy,0.01,73.45,55.75,3,16.88,118.98,1046.12,2099.87,2320.49,4.6,0,584.71,200
60e0ef70-017f-4069-932e-49d55ca53ac3,2026-06-07T14:10:41.471Z,instance-1,A,burst,heavy,heavy,k6,Exp_A_09,23,POST,/api/heavy,heavy,0.01,73.45,55.75,4,16.88,118.98,1046.12,2099.87,2320.49,4.8,0,736.8,200
a34a8d0f-bd1a-4189-a533-bbd37687783c,2026-06-07T14:10:41.472Z,instance-1,A,burst,heavy,heavy,k6,Exp_A_09,6,POST,/api/heavy,heavy,0.01,73.45,55.75,5,16.88,118.98,1046.12,2099.87,2320.49,5,0,935.77,200
d64e1087-f455-4fa2-b5f4-9bbc76a7d02d,2026-06-07T14:10:41.473Z,instance-1,A,burst,heavy,heavy,k6,Exp_A_09,27,POST,/api/heavy,heavy,0.01,73.45,55.75,6,16.88,118.98,1046.12,2099.87,2320.49,5.2,0,1115.37,200
30a0c5d1-85a4-4b78-973c-13522c4219e9,2026-06-07T14:10:41.473Z,instance-1,A,burst,heavy,heavy,k6,Exp_A_09,46,POST,/api/heavy,heavy,0.01,73.45,55.75,7,16.88,118.98,1046.12,2099.87,2320.49,5.4,0,1305.98,200
14ff5ba2-4854-4e83-9b86-84640a21f574,2026-06-07T14:10:41.474Z,instance-1,A,burst,heavy,heavy,k6,Exp_A_09,13,POST,/api/heavy,heavy,0.01,73.45,55.75,8,16.88,118.98,1046.12,2099.87,2320.49,5.6,0,1480.21,200
8f0eb78e-2665-4a12-8ca1-d2afa69e668c,2026-06-07T14:10:41.474Z,instance-1,A,burst,heavy,heavy,k6,Exp_A_09,2,POST,/api/heavy,heavy,0.01,73.45,55.75,9,16.88,118.98,1046.12,2099.87,2320.49,5.8,0,1665.06,200
98ee2a1c-243d-4882-8c13-5c61cc2775e1,2026-06-07T14:10:41.474Z,instance-1,A,burst,heavy,heavy,k6,Exp_A_09,47,POST,/api/heavy,heavy,0.01,73.45,55.75,10,16.88,118.98,1046.12,2099.87,2320.49,6,0,1844.02,200
0e828fbd-2729-4b54-a0f6-4e985ee4409a,2026-06-07T14:10:41.475Z,instance-1,A,burst,heavy,heavy,k6,Exp_A_09,33,POST,/api/heavy,heavy,0.01,73.45,55.75,11,16.88,118.98,1046.12,2099.87,2320.49,6.2,0,2014.78,200
a6ba9255-4337-4b2b-9a64-ed23788460f4,2026-06-07T14:10:41.475Z,instance-1,A,burst,heavy,heavy,k6,Exp_A_09,24,POST,/api/heavy,heavy,0.01,73.45,55.75,12,16.88,118.98,1046.12,2099.87,2320.49,6.4,0,2179.74,200
9aaa360d-ec2c-491a-b182-d49c9a22b947,2026-06-07T14:10:42.239Z,instance-3,A,burst,heavy,heavy,k6,Exp_A_09,28,POST,/api/heavy,heavy,0.01,52.35,55.55,1,13.87,106.08,956.92,1812.29,1952.1,5.4,0,170.15,200
3c8f5fd0-79ae-46b1-aedb-7c97f65818d9,2026-06-07T14:10:42.240Z,instance-3,A,burst,heavy,heavy,k6,Exp_A_09,18,POST,/api/heavy,heavy,0.01,52.35,55.55,2,13.87,106.08,956.92,1812.29,1952.1,5.6,0,355.71,200
6500ccef-6e23-4da3-9902-504a4b23606d,2026-06-07T14:10:42.240Z,instance-3,A,burst,heavy,heavy,k6,Exp_A_09,52,POST,/api/heavy,heavy,0.01,52.35,55.55,3,13.87,106.08,956.92,1812.29,1952.1,5.8,0,511.07,200
58b10239-a169-4d89-a94d-5f66fd10c82e,2026-06-07T14:10:42.241Z,instance-3,A,burst,heavy,heavy,k6,Exp_A_09,31,POST,/api/heavy,heavy,0.01,52.35,55.55,4,13.87,106.08,956.92,1812.29,1952.1,6,0,696.19,200
d78d41a1-904b-4143-a07e-7b5262b9f1e4,2026-06-07T14:10:42.241Z,instance-3,A,burst,heavy,heavy,k6,Exp_A_09,1,POST,/api/heavy,heavy,0.01,52.35,55.55,5,13.87,106.08,956.92,1812.29,1952.1,6.2,0,873.98,200
e84cbb2d-546b-4260-bef3-a3a3ebd4642c,2026-06-07T14:10:42.242Z,instance-3,A,burst,heavy,heavy,k6,Exp_A_09,39,POST,/api/heavy,heavy,0.01,52.35,55.55,6,13.87,106.08,956.92,1812.29,1952.1,6.4,0,1043.72,200
1534fa66-ed0d-4515-a42c-19060b294ce2,2026-06-07T14:10:42.242Z,instance-3,A,burst,heavy,heavy,k6,Exp_A_09,16,POST,/api/heavy,heavy,0.01,52.35,55.55,7,13.87,106.08,956.92,1812.29,1952.1,6.6,0,1183.73,200
bed5d5c7-a7e2-4e4c-a100-5ebf62cc1ded,2026-06-07T14:10:42.242Z,instance-3,A,burst,heavy,heavy,k6,Exp_A_09,15,POST,/api/heavy,heavy,0.01,52.35,55.55,8,13.87,106.08,956.92,1812.29,1952.1,6.8,0,1348.88,200
8b01e006-f4df-4de6-8f32-7d2e306fd2c7,2026-06-07T14:10:42.242Z,instance-3,A,burst,heavy,heavy,k6,Exp_A_09,29,POST,/api/heavy,heavy,0.01,52.35,55.55,9,13.87,106.08,956.92,1812.29,1952.1,7,0,1553.05,200
fce8667e-6dd2-4854-b072-a6410709371c,2026-06-07T14:10:42.242Z,instance-3,A,burst,heavy,heavy,k6,Exp_A_09,12,POST,/api/heavy,heavy,0.01,52.35,55.55,10,13.87,106.08,956.92,1812.29,1952.1,7.2,0,1737.68,200
1ce9a2fe-be77-4151-a42c-f3ae8d1636ae,2026-06-07T14:10:42.243Z,instance-3,A,burst,heavy,heavy,k6,Exp_A_09,25,POST,/api/heavy,heavy,0.01,52.35,55.55,11,13.87,106.08,956.92,1812.29,1952.1,7.4,0,1943.49,200
c9918665-7aff-4b57-a1e8-7dc46b338da2,2026-06-07T14:10:42.243Z,instance-3,A,burst,heavy,heavy,k6,Exp_A_09,14,POST,/api/heavy,heavy,0.01,52.35,55.55,12,13.87,106.08,956.92,1812.29,1952.1,7.6,0,2166.7,200
d532b047-1fbf-410f-b48b-829e093de06a,2026-06-07T14:10:42.988Z,instance-2,A,burst,heavy,heavy,k6,Exp_A_09,26,POST,/api/heavy,heavy,0.01,61.7,56.29,1,12.6,123.8,942.83,1694.47,1795.04,4.2,0,178.73,200
9016386f-3bb9-4605-a0e8-966cffe94b28,2026-06-07T14:10:42.988Z,instance-2,A,burst,heavy,heavy,k6,Exp_A_09,45,POST,/api/heavy,heavy,0.01,61.7,56.29,2,12.6,123.8,942.83,1694.47,1795.04,4.4,0,387.31,200
2d5be879-6d82-45ef-8165-667736363401,2026-06-07T14:10:42.989Z,instance-2,A,burst,heavy,heavy,k6,Exp_A_09,10,POST,/api/heavy,heavy,0.01,61.7,56.29,3,12.6,123.8,942.83,1694.47,1795.04,4.6,0,585.81,200
5b87bea3-8804-4e91-bdad-db733f81aab6,2026-06-07T14:10:42.990Z,instance-2,A,burst,heavy,heavy,k6,Exp_A_09,17,POST,/api/heavy,heavy,0.01,61.7,56.29,4,12.6,123.8,942.83,1694.47,1795.04,4.8,0,764.15,200
62c5247b-637f-4cfe-b408-2a5fb9d3fa19,2026-06-07T14:10:42.991Z,instance-2,A,burst,heavy,heavy,k6,Exp_A_09,38,POST,/api/heavy,heavy,0.01,61.7,56.29,5,12.6,123.8,942.83,1694.47,1795.04,5,0,939.19,200
21247d7c-c823-43c8-88b2-0cd82432b8d6,2026-06-07T14:10:42.991Z,instance-2,A,burst,heavy,heavy,k6,Exp_A_09,7,POST,/api/heavy,heavy,0.01,61.7,56.29,6,12.6,123.8,942.83,1694.47,1795.04,5.2,0,1169.08,200
159785ef-3a48-4381-b298-b14e62168fce,2026-06-07T14:10:42.991Z,instance-2,A,burst,heavy,heavy,k6,Exp_A_09,8,POST,/api/heavy,heavy,0.01,61.7,56.29,7,12.6,123.8,942.83,1694.47,1795.04,5.4,0,1366.25,200
ef5cf197-d5d7-4240-8259-1a1ece5eacc2,2026-06-07T14:10:42.992Z,instance-2,A,burst,heavy,heavy,k6,Exp_A_09,20,POST,/api/heavy,heavy,0.01,61.7,56.29,8,12.6,123.8,942.83,1694.47,1795.04,5.6,0,1575.15,200
a48cc6ca-c850-4163-ba60-6c5f257a5f0d,2026-06-07T14:10:42.992Z,instance-2,A,burst,heavy,heavy,k6,Exp_A_09,3,POST,/api/heavy,heavy,0.01,61.7,56.29,9,12.6,123.8,942.83,1694.47,1795.04,5.8,0,1780.79,200
f1f14dfe-7bc2-4783-a523-2d08c64ef39d,2026-06-07T14:10:43.664Z,instance-1,A,burst,heavy,heavy,k6,Exp_A_09,43,POST,/api/heavy,heavy,0.01,68.75,55.93,1,14.27,78.9,1228.86,2179.74,2320.49,5,0,203.44,200
f89b4c61-f292-4db1-8a22-eea0e55adbf9,2026-06-07T14:10:43.665Z,instance-1,A,burst,heavy,heavy,k6,Exp_A_09,22,POST,/api/heavy,heavy,0.01,68.75,55.93,2,14.27,78.9,1228.86,2179.74,2320.49,5.2,0,381.19,200
07e92bfd-9ef7-492c-9b75-5f885fd8bb21,2026-06-07T14:10:43.666Z,instance-1,A,burst,heavy,heavy,k6,Exp_A_09,5,POST,/api/heavy,heavy,0.01,68.75,55.93,3,14.27,78.9,1228.86,2179.74,2320.49,5.4,0,597.64,200
1b812d1a-2071-460c-b1da-1d3aa3818bf7,2026-06-07T14:10:43.666Z,instance-1,A,burst,heavy,heavy,k6,Exp_A_09,19,POST,/api/heavy,heavy,0.01,68.75,55.93,4,14.27,78.9,1228.86,2179.74,2320.49,5.6,0,757.54,200
8304883f-81bb-40c8-9a63-f81acb9f9dba,2026-06-07T14:10:43.667Z,instance-1,A,burst,heavy,heavy,k6,Exp_A_09,34,POST,/api/heavy,heavy,0.01,68.75,55.93,5,14.27,78.9,1228.86,2179.74,2320.49,5.8,0,956.68,200
d4fcb1ef-205e-4200-aea9-60b570a2bfb0,2026-06-07T14:10:43.667Z,instance-1,A,burst,heavy,heavy,k6,Exp_A_09,9,POST,/api/heavy,heavy,0.01,68.75,55.93,6,14.27,78.9,1228.86,2179.74,2320.49,6,0,1199.7,200
9838ab04-c474-4b4a-ad43-4e80cde098c3,2026-06-07T14:10:43.668Z,instance-1,A,burst,heavy,heavy,k6,Exp_A_09,36,POST,/api/heavy,heavy,0.01,68.75,55.93,7,14.27,78.9,1228.86,2179.74,2320.49,6.2,0,1383.78,200
1b8f7ca2-74c3-4706-85fc-074b68a15e28,2026-06-07T14:10:43.668Z,instance-1,A,burst,heavy,heavy,k6,Exp_A_09,21,POST,/api/heavy,heavy,0.01,68.75,55.93,8,14.27,78.9,1228.86,2179.74,2320.49,6.4,0,1545.46,200
5c675816-6e8c-4947-960b-242790743ea1,2026-06-07T14:10:43.669Z,instance-1,A,burst,heavy,heavy,k6,Exp_A_09,23,POST,/api/heavy,heavy,0.01,68.75,55.93,9,14.27,78.9,1228.86,2179.74,2320.49,6.6,0,1738.18,200
485cf16d-5b72-4c08-9f1f-366492fc1fe8,2026-06-07T14:10:43.669Z,instance-1,A,burst,heavy,heavy,k6,Exp_A_09,53,POST,/api/heavy,heavy,0.01,68.75,55.93,10,14.27,78.9,1228.86,2179.74,2320.49,6.8,0,1905.04,200
8ec07017-fdaa-4652-ac1f-bce159dc72f7,2026-06-07T14:10:43.670Z,instance-1,A,burst,heavy,heavy,k6,Exp_A_09,27,POST,/api/heavy,heavy,0.01,68.75,55.93,11,14.27,78.9,1228.86,2179.74,2320.49,7,0,2125.72,200
6b862b2e-880c-4b84-9113-55f66e271ef1,2026-06-07T14:10:43.670Z,instance-1,A,burst,heavy,heavy,k6,Exp_A_09,11,POST,/api/heavy,heavy,0.01,68.75,55.93,12,14.27,78.9,1228.86,2179.74,2320.49,7.2,0,2316.34,200
f51f9f01-a7e1-4667-97ff-8dc72269f792,2026-06-07T14:10:44.419Z,instance-3,A,burst,heavy,heavy,k6,Exp_A_09,58,POST,/api/heavy,heavy,0.01,90.6,55.74,1,13.95,77.07,1153.79,1952.1,2166.7,4.6,0,165.1,200
cacb403d-e091-46d6-b016-7d733ec1ecbd,2026-06-07T14:10:44.419Z,instance-3,A,burst,heavy,heavy,k6,Exp_A_09,42,POST,/api/heavy,heavy,0.01,90.6,55.74,2,13.95,77.07,1153.79,1952.1,2166.7,4.8,0,373.04,200
be0cc2cb-0fad-4cb1-8422-60edb1007978,2026-06-07T14:10:44.420Z,instance-3,A,burst,heavy,heavy,k6,Exp_A_09,49,POST,/api/heavy,heavy,0.01,90.6,55.74,3,13.95,77.07,1153.79,1952.1,2166.7,5,0,538.17,200
5dbf1727-bd0e-46fd-85d7-66b7320fdeab,2026-06-07T14:10:44.420Z,instance-3,A,burst,heavy,heavy,k6,Exp_A_09,30,POST,/api/heavy,heavy,0.01,90.6,55.74,4,13.95,77.07,1153.79,1952.1,2166.7,5.2,0,741.36,200
6ee50e58-4439-45ba-a3d8-cae9676064b2,2026-06-07T14:10:44.420Z,instance-3,A,burst,heavy,heavy,k6,Exp_A_09,37,POST,/api/heavy,heavy,0.01,90.6,55.74,5,13.95,77.07,1153.79,1952.1,2166.7,5.4,0,959.35,200
961be97a-f93b-4ec0-8df5-c8aac4ce9b8d,2026-06-07T14:10:44.420Z,instance-3,A,burst,heavy,heavy,k6,Exp_A_09,6,POST,/api/heavy,heavy,0.01,90.6,55.74,6,13.95,77.07,1153.79,1952.1,2166.7,5.6,0,1131.73,200
665c637b-3738-4c87-b6b6-f9228903781a,2026-06-07T14:10:44.420Z,instance-3,A,burst,heavy,heavy,k6,Exp_A_09,18,POST,/api/heavy,heavy,0.01,90.6,55.74,7,13.95,77.07,1153.79,1952.1,2166.7,5.8,0,1285.25,200
a1b81238-7684-4081-a529-e836f77f76b0,2026-06-07T14:10:44.421Z,instance-3,A,burst,heavy,heavy,k6,Exp_A_09,52,POST,/api/heavy,heavy,0.01,90.6,55.74,8,13.95,77.07,1153.79,1952.1,2166.7,6,0,1447.52,200
50c9e793-daad-4ad1-9e46-c99cc555561f,2026-06-07T14:10:44.421Z,instance-3,A,burst,heavy,heavy,k6,Exp_A_09,13,POST,/api/heavy,heavy,0.01,90.6,55.74,9,13.95,77.07,1153.79,1952.1,2166.7,6.2,0,1641.81,200
168db56b-1e36-4232-bd4e-2bb470a61a84,2026-06-07T14:10:44.421Z,instance-3,A,burst,heavy,heavy,k6,Exp_A_09,1,POST,/api/heavy,heavy,0.01,90.6,55.74,10,13.95,77.07,1153.79,1952.1,2166.7,6.4,0,1837.95,200
17a02809-fe77-456b-8af7-352e5a065b35,2026-06-07T14:10:44.421Z,instance-3,A,burst,heavy,heavy,k6,Exp_A_09,47,POST,/api/heavy,heavy,0.01,90.6,55.74,11,13.95,77.07,1153.79,1952.1,2166.7,6.6,0,2005.65,200
37f09cf5-6bcb-44f4-ba62-46fb2bf15e78,2026-06-07T14:10:44.784Z,instance-2,A,burst,heavy,heavy,k6,Exp_A_09,4,POST,/api/heavy,heavy,0.01,167.3,56.43,1,13.09,114.5,1005.11,1780.79,1795.04,4,0,201.89,200
8bed632f-49d9-41b6-9769-4ce09795b21a,2026-06-07T14:10:44.785Z,instance-2,A,burst,heavy,heavy,k6,Exp_A_09,32,POST,/api/heavy,heavy,0.01,167.3,56.43,2,13.09,114.5,1005.11,1780.79,1795.04,4.2,0,378.17,200
69956fc7-1889-4ea8-9f6d-9651baf5ba58,2026-06-07T14:10:44.785Z,instance-2,A,burst,heavy,heavy,k6,Exp_A_09,28,POST,/api/heavy,heavy,0.01,167.3,56.43,3,13.09,114.5,1005.11,1780.79,1795.04,4.4,0,540.66,200
71de7f9e-dfda-4b2a-ab6b-9fe896cad60f,2026-06-07T14:10:44.785Z,instance-2,A,burst,heavy,heavy,k6,Exp_A_09,35,POST,/api/heavy,heavy,0.01,167.3,56.43,4,13.09,114.5,1005.11,1780.79,1795.04,4.6,0,715.67,200
42aba5ca-fa20-4021-b223-363b22e0b2cb,2026-06-07T14:10:44.786Z,instance-2,A,burst,heavy,heavy,k6,Exp_A_09,46,POST,/api/heavy,heavy,0.01,167.3,56.43,5,13.09,114.5,1005.11,1780.79,1795.04,4.8,0,919.86,200
3f7ae26a-341d-43d0-98cb-5cb70c004ca6,2026-06-07T14:10:44.786Z,instance-2,A,burst,heavy,heavy,k6,Exp_A_09,41,POST,/api/heavy,heavy,0.01,167.3,56.43,6,13.09,114.5,1005.11,1780.79,1795.04,5,0,1140.31,200
6b929d16-7045-4ca9-a1e0-8b1cb9a41b8d,2026-06-07T14:10:44.786Z,instance-2,A,burst,heavy,heavy,k6,Exp_A_09,2,POST,/api/heavy,heavy,0.01,167.3,56.43,7,13.09,114.5,1005.11,1780.79,1795.04,5.2,0,1354.48,200
ed53a173-e239-48c4-b38c-8edb98ed2eef,2026-06-07T14:10:44.787Z,instance-2,A,burst,heavy,heavy,k6,Exp_A_09,45,POST,/api/heavy,heavy,0.01,167.3,56.43,8,13.09,114.5,1005.11,1780.79,1795.04,5.4,0,1546.94,200
2997e2cd-66d4-4805-ba87-6f327e7dc310,2026-06-07T14:10:44.787Z,instance-2,A,burst,heavy,heavy,k6,Exp_A_09,33,POST,/api/heavy,heavy,0.01,167.3,56.43,9,13.09,114.5,1005.11,1780.79,1795.04,5.6,0,1742.81,200
8a37dcb1-05eb-4183-8c1c-416f0ec15709,2026-06-07T14:10:44.787Z,instance-2,A,burst,heavy,heavy,k6,Exp_A_09,17,POST,/api/heavy,heavy,0.01,167.3,56.43,10,13.09,114.5,1005.11,1780.79,1795.04,5.8,0,1944.02,200
8313ede6-1790-4dd0-b22e-04dc7c73077f,2026-06-07T14:10:45.997Z,instance-1,A,burst,heavy,heavy,k6,Exp_A_09,44,POST,/api/heavy,heavy,0.01,77.6,56.28,1,15.59,73.27,1330.01,2316.34,2320.49,5,0,189.97,200
a3c01edc-f1dc-4605-8f54-61e0ed4b6a3d,2026-06-07T14:10:45.998Z,instance-1,A,burst,heavy,heavy,k6,Exp_A_09,31,POST,/api/heavy,heavy,0.01,77.6,56.28,2,15.59,73.27,1330.01,2316.34,2320.49,5.2,0,384.63,200
485143ad-afa4-462b-987b-dc90d92335f8,2026-06-07T14:10:45.999Z,instance-1,A,burst,heavy,heavy,k6,Exp_A_09,26,POST,/api/heavy,heavy,0.01,77.6,56.28,3,15.59,73.27,1330.01,2316.34,2320.49,5.4,0,610.84,200
185017ed-f964-4db0-9601-ed748dafd7b8,2026-06-07T14:10:45.999Z,instance-1,A,burst,heavy,heavy,k6,Exp_A_09,39,POST,/api/heavy,heavy,0.01,77.6,56.28,4,15.59,73.27,1330.01,2316.34,2320.49,5.6,0,777.99,200
88fe9389-6076-498c-8110-7a09f28ddb36,2026-06-07T14:10:46.000Z,instance-1,A,burst,heavy,heavy,k6,Exp_A_09,10,POST,/api/heavy,heavy,0.01,77.6,56.28,5,15.59,73.27,1330.01,2316.34,2320.49,5.8,0,978.9,200
66bdfc47-0df6-4501-a147-cf437d520897,2026-06-07T14:10:46.001Z,instance-1,A,burst,heavy,heavy,k6,Exp_A_09,15,POST,/api/heavy,heavy,0.01,77.6,56.28,6,15.59,73.27,1330.01,2316.34,2320.49,6,0,1128.52,200
83aa2a71-a08d-4cb9-b66e-4d412f2cf85b,2026-06-07T14:10:46.001Z,instance-1,A,burst,heavy,heavy,k6,Exp_A_09,38,POST,/api/heavy,heavy,0.01,77.6,56.28,7,15.59,73.27,1330.01,2316.34,2320.49,6.2,0,1321.28,200
a7c2ec25-7c5e-41c2-aad9-d689195f75a9,2026-06-07T14:10:46.002Z,instance-1,A,burst,heavy,heavy,k6,Exp_A_09,12,POST,/api/heavy,heavy,0.01,77.6,56.28,8,15.59,73.27,1330.01,2316.34,2320.49,6.4,0,1514.28,200
0673eb45-2929-46b0-9202-a3b9dd0053fb,2026-06-07T14:10:46.002Z,instance-1,A,burst,heavy,heavy,k6,Exp_A_09,8,POST,/api/heavy,heavy,0.01,77.6,56.28,9,15.59,73.27,1330.01,2316.34,2320.49,6.6,0,1676.25,200
76312b76-c6d9-4007-b151-f09200dac1e4,2026-06-07T14:10:46.003Z,instance-1,A,burst,heavy,heavy,k6,Exp_A_09,14,POST,/api/heavy,heavy,0.01,77.6,56.28,10,15.59,73.27,1330.01,2316.34,2320.49,6.8,0,1848.37,200
2b3c1ca8-d089-419d-8ced-abc29f34f6ed,2026-06-07T14:10:46.003Z,instance-1,A,burst,heavy,heavy,k6,Exp_A_09,3,POST,/api/heavy,heavy,0.01,77.6,56.28,11,15.59,73.27,1330.01,2316.34,2320.49,7,0,2028.91,200
4863ae2b-aaf9-4f75-9f09-66f333181b0d,2026-06-07T14:10:46.004Z,instance-1,A,burst,heavy,heavy,k6,Exp_A_09,42,POST,/api/heavy,heavy,0.01,77.6,56.28,12,15.59,73.27,1330.01,2316.34,2320.49,7.2,0,2258.66,200
acbd2d9e-5feb-4259-ac75-f6272f3778b6,2026-06-07T14:10:46.438Z,instance-3,A,burst,heavy,heavy,k6,Exp_A_09,16,POST,/api/heavy,heavy,0.01,97.65,56.02,1,11.29,80.2,1193.41,2005.65,2166.7,4.8,0,189.03,200
7a1f3a25-22bf-4c9d-b383-7b87cf21df5e,2026-06-07T14:10:46.439Z,instance-3,A,burst,heavy,heavy,k6,Exp_A_09,24,POST,/api/heavy,heavy,0.01,97.65,56.02,2,11.29,80.2,1193.41,2005.65,2166.7,5,0,389.41,200
a48c0a9c-ed62-4dcf-ac09-ad613ea6944e,2026-06-07T14:10:46.439Z,instance-3,A,burst,heavy,heavy,k6,Exp_A_09,29,POST,/api/heavy,heavy,0.01,97.65,56.02,3,11.29,80.2,1193.41,2005.65,2166.7,5.2,0,548.02,200
9b980b57-e659-4345-aa6b-0dcda47f292e,2026-06-07T14:10:46.439Z,instance-3,A,burst,heavy,heavy,k6,Exp_A_09,22,POST,/api/heavy,heavy,0.01,97.65,56.02,4,11.29,80.2,1193.41,2005.65,2166.7,5.4,0,729.35,200
27215561-817d-4b59-b78c-c507190b0e61,2026-06-07T14:10:46.440Z,instance-3,A,burst,heavy,heavy,k6,Exp_A_09,25,POST,/api/heavy,heavy,0.01,97.65,56.02,5,11.29,80.2,1193.41,2005.65,2166.7,5.6,0,932.99,200
bf17f9ad-2464-4d80-b4ea-83a39e8d5da7,2026-06-07T14:10:46.440Z,instance-3,A,burst,heavy,heavy,k6,Exp_A_09,19,POST,/api/heavy,heavy,0.01,97.65,56.02,6,11.29,80.2,1193.41,2005.65,2166.7,5.8,0,1113.56,200
de3b9cfe-4064-4513-9bdb-e7ca0fb22cf7,2026-06-07T14:10:46.440Z,instance-3,A,burst,heavy,heavy,k6,Exp_A_09,58,POST,/api/heavy,heavy,0.01,97.65,56.02,7,11.29,80.2,1193.41,2005.65,2166.7,6,0,1302.65,200
b01950b4-b9d3-4b2f-b15f-cdae89c03dc7,2026-06-07T14:10:46.440Z,instance-3,A,burst,heavy,heavy,k6,Exp_A_09,9,POST,/api/heavy,heavy,0.01,97.65,56.02,8,11.29,80.2,1193.41,2005.65,2166.7,6.2,0,1480.98,200
3f28bab5-6816-4974-b5e3-01c468c883db,2026-06-07T14:10:46.440Z,instance-3,A,burst,heavy,heavy,k6,Exp_A_09,4,POST,/api/heavy,heavy,0.01,97.65,56.02,9,11.29,80.2,1193.41,2005.65,2166.7,6.4,0,1661.82,200
8cc7582c-1f37-462f-b590-ac71ca16f8d2,2026-06-07T14:10:46.441Z,instance-3,A,burst,heavy,heavy,k6,Exp_A_09,21,POST,/api/heavy,heavy,0.01,97.65,56.02,10,11.29,80.2,1193.41,2005.65,2166.7,6.6,0,1873.3,200
fee54796-69ec-47a7-96a8-0a4b29bc1224,2026-06-07T14:10:46.441Z,instance-3,A,burst,heavy,heavy,k6,Exp_A_09,37,POST,/api/heavy,heavy,0.01,97.65,56.02,11,11.29,80.2,1193.41,2005.65,2166.7,6.8,0,2054.06,200
e07f6670-32b7-46e0-88ab-2ab1d65ea36e,2026-06-07T14:10:46.742Z,instance-2,A,burst,heavy,heavy,k6,Exp_A_09,43,POST,/api/heavy,heavy,0.01,88.25,56.29,1,13.45,105.75,1067.19,1795.04,1944.02,4,0,189.39,200
cd8adefb-88b9-441c-ac0b-d2c1e5ef62a9,2026-06-07T14:10:46.742Z,instance-2,A,burst,heavy,heavy,k6,Exp_A_09,7,POST,/api/heavy,heavy,0.01,88.25,56.29,2,13.45,105.75,1067.19,1795.04,1944.02,4.2,0,349.08,200
d284caa7-0f7c-476f-8061-7cf947d4a9e1,2026-06-07T14:10:46.743Z,instance-2,A,burst,heavy,heavy,k6,Exp_A_09,5,POST,/api/heavy,heavy,0.01,88.25,56.29,3,13.45,105.75,1067.19,1795.04,1944.02,4.4,0,562.07,200
7c0a58f9-3bb4-49d9-8247-8831dae08076,2026-06-07T14:10:46.743Z,instance-2,A,burst,heavy,heavy,k6,Exp_A_09,20,POST,/api/heavy,heavy,0.01,88.25,56.29,4,13.45,105.75,1067.19,1795.04,1944.02,4.6,0,730.89,200
a72e050f-bc40-40c2-a775-061aa0a460ed,2026-06-07T14:10:46.743Z,instance-2,A,burst,heavy,heavy,k6,Exp_A_09,34,POST,/api/heavy,heavy,0.01,88.25,56.29,5,13.45,105.75,1067.19,1795.04,1944.02,4.8,0,881.67,200
bde571f5-0b5a-4f43-b220-31b10c8d6713,2026-06-07T14:10:46.743Z,instance-2,A,burst,heavy,heavy,k6,Exp_A_09,49,POST,/api/heavy,heavy,0.01,88.25,56.29,6,13.45,105.75,1067.19,1795.04,1944.02,5,0,1071.83,200
f95395c1-84cb-40ac-b1a3-c7ebb5afee84,2026-06-07T14:10:46.743Z,instance-2,A,burst,heavy,heavy,k6,Exp_A_09,36,POST,/api/heavy,heavy,0.01,88.25,56.29,7,13.45,105.75,1067.19,1795.04,1944.02,5.2,0,1237.9,200
618d42e0-0981-417c-baa3-1bad31bd33fc,2026-06-07T14:10:46.744Z,instance-2,A,burst,heavy,heavy,k6,Exp_A_09,28,POST,/api/heavy,heavy,0.01,88.25,56.29,8,13.45,105.75,1067.19,1795.04,1944.02,5.4,0,1445.3,200
29b73aeb-a603-4847-98f9-c23b3c7b0608,2026-06-07T14:10:46.744Z,instance-2,A,burst,heavy,heavy,k6,Exp_A_09,23,POST,/api/heavy,heavy,0.01,88.25,56.29,9,13.45,105.75,1067.19,1795.04,1944.02,5.6,0,1650.85,200
0f1a262b-0db2-4822-9e44-47a2c2de0496,2026-06-07T14:10:46.744Z,instance-2,A,burst,heavy,heavy,k6,Exp_A_09,46,POST,/api/heavy,heavy,0.01,88.25,56.29,10,13.45,105.75,1067.19,1795.04,1944.02,5.8,0,1851.74,200
7e214d25-4f2e-4617-bd25-a796c1bb89f8,2026-06-07T14:10:48.605Z,instance-2,A,burst,heavy,heavy,k6,Exp_A_09,27,POST,/api/heavy,heavy,0.01,92.2,56.59,1,12.81,115.92,1078.85,1851.74,1944.02,4.2,0,158.9,200
4f57e40d-a951-4827-bdec-8382c4389f24,2026-06-07T14:10:48.606Z,instance-2,A,burst,heavy,heavy,k6,Exp_A_09,13,POST,/api/heavy,heavy,0.01,92.2,56.59,2,12.81,115.92,1078.85,1851.74,1944.02,4.4,0,349.2,200
bcf6054c-a6e9-4278-891f-c9ff13f62a64,2026-06-07T14:10:48.606Z,instance-2,A,burst,heavy,heavy,k6,Exp_A_09,44,POST,/api/heavy,heavy,0.01,92.2,56.59,3,12.81,115.92,1078.85,1851.74,1944.02,4.6,0,518.83,200
9446e770-bad7-4cdc-a5ef-0561728f8015,2026-06-07T14:10:48.607Z,instance-2,A,burst,heavy,heavy,k6,Exp_A_09,47,POST,/api/heavy,heavy,0.01,92.2,56.59,4,12.81,115.92,1078.85,1851.74,1944.02,4.8,0,679.36,200
c92f833d-e19b-4046-a8bb-5ec800812b11,2026-06-07T14:10:48.607Z,instance-2,A,burst,heavy,heavy,k6,Exp_A_09,26,POST,/api/heavy,heavy,0.01,92.2,56.59,5,12.81,115.92,1078.85,1851.74,1944.02,5,0,860.06,200
50a2163b-89a2-40ec-b884-964d8e4fdd43,2026-06-07T14:10:48.607Z,instance-2,A,burst,heavy,heavy,k6,Exp_A_09,24,POST,/api/heavy,heavy,0.01,92.2,56.59,6,12.81,115.92,1078.85,1851.74,1944.02,5.2,0,1048.12,200
fa893667-f493-4dc3-b06c-a7a57b0c04ab,2026-06-07T14:10:48.607Z,instance-2,A,burst,heavy,heavy,k6,Exp_A_09,10,POST,/api/heavy,heavy,0.01,92.2,56.59,7,12.81,115.92,1078.85,1851.74,1944.02,5.4,0,1248.28,200
7470636d-0823-43e9-a230-aabefe023b7b,2026-06-07T14:10:48.607Z,instance-2,A,burst,heavy,heavy,k6,Exp_A_09,22,POST,/api/heavy,heavy,0.01,92.2,56.59,8,12.81,115.92,1078.85,1851.74,1944.02,5.6,0,1433.9,200
9bf7beaa-e18e-4577-8663-c6e60b1bc737,2026-06-07T14:10:48.607Z,instance-2,A,burst,heavy,heavy,k6,Exp_A_09,38,POST,/api/heavy,heavy,0.01,92.2,56.59,9,12.81,115.92,1078.85,1851.74,1944.02,5.8,0,1611.97,200
af586757-aefd-411c-9fa4-21a52797c733,2026-06-07T14:10:48.505Z,instance-3,A,burst,heavy,heavy,k6,Exp_A_09,53,POST,/api/heavy,heavy,0.01,105.5,56.36,1,13.8,97.92,1227.85,2054.06,2166.7,4.6,0,197.74,200
81158b9a-aff8-424a-8616-f1b730edde86,2026-06-07T14:10:48.506Z,instance-3,A,burst,heavy,heavy,k6,Exp_A_09,18,POST,/api/heavy,heavy,0.01,105.5,56.36,2,13.8,97.92,1227.85,2054.06,2166.7,4.8,0,381.91,200
3606c8eb-b1f7-4de1-aa5f-16bbb2cdc97f,2026-06-07T14:10:48.507Z,instance-3,A,burst,heavy,heavy,k6,Exp_A_09,11,POST,/api/heavy,heavy,0.01,105.5,56.36,3,13.8,97.92,1227.85,2054.06,2166.7,5,0,554.6,200
0d2ed316-5500-481a-85b3-5daf3dad3610,2026-06-07T14:10:48.507Z,instance-3,A,burst,heavy,heavy,k6,Exp_A_09,2,POST,/api/heavy,heavy,0.01,105.5,56.36,4,13.8,97.92,1227.85,2054.06,2166.7,5.2,0,733.3,200
33223dae-f5da-4128-a17a-ce175677462e,2026-06-07T14:10:48.508Z,instance-3,A,burst,heavy,heavy,k6,Exp_A_09,31,POST,/api/heavy,heavy,0.01,105.5,56.36,5,13.8,97.92,1227.85,2054.06,2166.7,5.4,0,891.84,200
4b5a3da5-59c5-44c9-90fc-2c869aff30b4,2026-06-07T14:10:48.508Z,instance-3,A,burst,heavy,heavy,k6,Exp_A_09,33,POST,/api/heavy,heavy,0.01,105.5,56.36,6,13.8,97.92,1227.85,2054.06,2166.7,5.6,0,1054.94,200
1b52d078-a420-4f09-92db-fc00caf89135,2026-06-07T14:10:48.509Z,instance-3,A,burst,heavy,heavy,k6,Exp_A_09,39,POST,/api/heavy,heavy,0.01,105.5,56.36,7,13.8,97.92,1227.85,2054.06,2166.7,5.8,0,1293.54,200
c021c937-808e-4c4f-a88b-b367c204267b,2026-06-07T14:10:48.509Z,instance-3,A,burst,heavy,heavy,k6,Exp_A_09,43,POST,/api/heavy,heavy,0.01,105.5,56.36,8,13.8,97.92,1227.85,2054.06,2166.7,6,0,1437.54,200
1a960222-a9ab-41a5-b096-6fef7ddc9feb,2026-06-07T14:10:48.510Z,instance-3,A,burst,heavy,heavy,k6,Exp_A_09,15,POST,/api/heavy,heavy,0.01,105.5,56.36,9,13.8,97.92,1227.85,2054.06,2166.7,6.2,0,1595.8,200
69fa6eba-d53d-4544-aa40-15393298bcdd,2026-06-07T14:10:48.510Z,instance-3,A,burst,heavy,heavy,k6,Exp_A_09,5,POST,/api/heavy,heavy,0.01,105.5,56.36,10,13.8,97.92,1227.85,2054.06,2166.7,6.4,0,1765.31,200
9527a52c-8f17-4fbd-9a44-f4b212b497de,2026-06-07T14:10:48.273Z,instance-1,A,burst,heavy,heavy,k6,Exp_A_09,32,POST,/api/heavy,heavy,0.01,108.6,56.32,1,17.58,84.98,1328.44,2258.66,2316.34,5,0,171.53,200
b4cf9f56-9123-4ff3-aca6-a9604a9aeb34,2026-06-07T14:10:48.273Z,instance-1,A,burst,heavy,heavy,k6,Exp_A_09,30,POST,/api/heavy,heavy,0.01,108.6,56.32,2,17.58,84.98,1328.44,2258.66,2316.34,5.2,0,364.51,200
a58d308e-8e38-4f7b-bec5-66e08c741420,2026-06-07T14:10:48.274Z,instance-1,A,burst,heavy,heavy,k6,Exp_A_09,35,POST,/api/heavy,heavy,0.01,108.6,56.32,3,17.58,84.98,1328.44,2258.66,2316.34,5.4,0,550.98,200
b005a0dd-6583-4070-a1e9-fd7b65a13789,2026-06-07T14:10:48.274Z,instance-1,A,burst,heavy,heavy,k6,Exp_A_09,6,POST,/api/heavy,heavy,0.01,108.6,56.32,4,17.58,84.98,1328.44,2258.66,2316.34,5.6,0,719.1,200
84b3579c-eeb0-4cc4-9b92-e3a1599bb77d,2026-06-07T14:10:48.274Z,instance-1,A,burst,heavy,heavy,k6,Exp_A_09,52,POST,/api/heavy,heavy,0.01,108.6,56.32,5,17.58,84.98,1328.44,2258.66,2316.34,5.8,0,913.62,200
0ed52a2f-c2e3-4f59-975b-4c16aff3324e,2026-06-07T14:10:48.274Z,instance-1,A,burst,heavy,heavy,k6,Exp_A_09,41,POST,/api/heavy,heavy,0.01,108.6,56.32,6,17.58,84.98,1328.44,2258.66,2316.34,6,0,1129.8,200
e0b526d1-a6ef-4576-92e8-d164adf2e324,2026-06-07T14:10:48.274Z,instance-1,A,burst,heavy,heavy,k6,Exp_A_09,1,POST,/api/heavy,heavy,0.01,108.6,56.32,7,17.58,84.98,1328.44,2258.66,2316.34,6.2,0,1288.68,200
ca52cd5e-5e3f-47e7-b53c-df797a7cc9ab,2026-06-07T14:10:48.275Z,instance-1,A,burst,heavy,heavy,k6,Exp_A_09,45,POST,/api/heavy,heavy,0.01,108.6,56.32,8,17.58,84.98,1328.44,2258.66,2316.34,6.4,0,1502,200
df4a7d6f-d1fb-4c5f-9813-14df742459ad,2026-06-07T14:10:48.275Z,instance-1,A,burst,heavy,heavy,k6,Exp_A_09,16,POST,/api/heavy,heavy,0.01,108.6,56.32,9,17.58,84.98,1328.44,2258.66,2316.34,6.6,0,1734.63,200
1e3f4b0a-de1f-453b-8c10-4cf9581f5c32,2026-06-07T14:10:48.275Z,instance-1,A,burst,heavy,heavy,k6,Exp_A_09,17,POST,/api/heavy,heavy,0.01,108.6,56.32,10,17.58,84.98,1328.44,2258.66,2316.34,6.8,0,1921.52,200
8e27e5a8-64ba-4404-9abf-513e8be00bc6,2026-06-07T14:10:48.275Z,instance-1,A,burst,heavy,heavy,k6,Exp_A_09,29,POST,/api/heavy,heavy,0.01,108.6,56.32,11,17.58,84.98,1328.44,2258.66,2316.34,7,0,2116.41,200
8474612b-f189-4f8e-a1a1-ce66bb16fa29,2026-06-07T14:10:48.275Z,instance-1,A,burst,heavy,heavy,k6,Exp_A_09,7,POST,/api/heavy,heavy,0.01,108.6,56.32,12,17.58,84.98,1328.44,2258.66,2316.34,7.2,0,2276.8,200
12c96fe8-4414-4b42-8f83-36d1fab06ef9,2026-06-07T14:10:50.228Z,instance-2,A,burst,heavy,heavy,k6,Exp_A_09,36,POST,/api/heavy,heavy,0.01,93.7,56.79,1,11.05,91.38,1029.04,1851.74,1944.02,4,0,216.52,200
22b707fb-556b-40db-920d-a335194b902e,2026-06-07T14:10:50.228Z,instance-2,A,burst,heavy,heavy,k6,Exp_A_09,4,POST,/api/heavy,heavy,0.01,93.7,56.79,2,11.05,91.38,1029.04,1851.74,1944.02,4.2,0,418.57,200
3926d33e-eb66-462b-971b-18daca36f84b,2026-06-07T14:10:50.229Z,instance-2,A,burst,heavy,heavy,k6,Exp_A_09,53,POST,/api/heavy,heavy,0.01,93.7,56.79,3,11.05,91.38,1029.04,1851.74,1944.02,4.4,0,642.67,200
79b00b59-4f87-4450-a0e2-f67518fba651,2026-06-07T14:10:50.229Z,instance-2,A,burst,heavy,heavy,k6,Exp_A_09,11,POST,/api/heavy,heavy,0.01,93.7,56.79,4,11.05,91.38,1029.04,1851.74,1944.02,4.6,0,851.09,200
b43738eb-aa61-4a1f-b0db-614d506d3351,2026-06-07T14:10:50.229Z,instance-2,A,burst,heavy,heavy,k6,Exp_A_09,44,POST,/api/heavy,heavy,0.01,93.7,56.79,5,11.05,91.38,1029.04,1851.74,1944.02,4.8,0,1045.64,200
52587310-72bd-4fa7-9ffa-f78cfcc9c4ae,2026-06-07T14:10:50.287Z,instance-3,A,burst,heavy,heavy,k6,Exp_A_09,58,POST,/api/heavy,heavy,0.01,101.55,56.49,1,15.03,101.57,1160.39,2005.65,2054.06,4.4,0,168.85,200
28627f8e-8c74-4d25-bf22-737de6403be2,2026-06-07T14:10:50.287Z,instance-3,A,burst,heavy,heavy,k6,Exp_A_09,3,POST,/api/heavy,heavy,0.01,101.55,56.49,2,15.03,101.57,1160.39,2005.65,2054.06,4.6,0,354.35,200
d08e8204-7995-4f6f-921d-0c48ea44eaa5,2026-06-07T14:10:50.288Z,instance-3,A,burst,heavy,heavy,k6,Exp_A_09,27,POST,/api/heavy,heavy,0.01,101.55,56.49,3,15.03,101.57,1160.39,2005.65,2054.06,4.8,0,595.64,200
995973cc-aa43-4736-8ad2-db77fa732b9c,2026-06-07T14:10:50.289Z,instance-3,A,burst,heavy,heavy,k6,Exp_A_09,18,POST,/api/heavy,heavy,0.01,101.55,56.49,4,15.03,101.57,1160.39,2005.65,2054.06,5,0,797.97,200
ce1e8168-bf54-4dea-9748-9417d1a4c26d,2026-06-07T14:10:50.289Z,instance-3,A,burst,heavy,heavy,k6,Exp_A_09,52,POST,/api/heavy,heavy,0.01,101.55,56.49,5,15.03,101.57,1160.39,2005.65,2054.06,5.2,0,947.68,200
f6af8855-496b-448c-85b3-77052f174120,2026-06-07T14:10:50.290Z,instance-3,A,burst,heavy,heavy,k6,Exp_A_09,2,POST,/api/heavy,heavy,0.01,101.55,56.49,6,15.03,101.57,1160.39,2005.65,2054.06,5.4,0,1129.66,200
a8ef79c9-e1b2-4d2d-8c6a-75f4728d3430,2026-06-07T14:10:50.563Z,instance-1,A,burst,heavy,heavy,k6,Exp_A_09,25,POST,/api/heavy,heavy,0.01,115.6,56.32,1,12.73,100.6,1324.27,2276.8,2316.34,5,0,228.87,200
147fef5b-1a5f-4cbf-b1ab-d35de1b78cfb,2026-06-07T14:10:50.564Z,instance-1,A,burst,heavy,heavy,k6,Exp_A_09,20,POST,/api/heavy,heavy,0.01,115.6,56.32,2,12.73,100.6,1324.27,2276.8,2316.34,5.2,0,429.03,200
db532169-4fa1-4abf-a19a-2a4c74ff3256,2026-06-07T14:10:50.565Z,instance-1,A,burst,heavy,heavy,k6,Exp_A_09,21,POST,/api/heavy,heavy,0.01,115.6,56.32,3,12.73,100.6,1324.27,2276.8,2316.34,5.4,0,594.26,200
074b2fbd-3baa-413d-a762-11027c890a5d,2026-06-07T14:10:50.566Z,instance-1,A,burst,heavy,heavy,k6,Exp_A_09,23,POST,/api/heavy,heavy,0.01,115.6,56.32,4,12.73,100.6,1324.27,2276.8,2316.34,5.6,0,788.23,200
850fd807-0247-44cf-8b56-a5cbd3e13ea8,2026-06-07T14:10:50.566Z,instance-1,A,burst,heavy,heavy,k6,Exp_A_09,13,POST,/api/heavy,heavy,0.01,115.6,56.32,5,12.73,100.6,1324.27,2276.8,2316.34,5.8,0,974.8,200
a3078f2b-43ee-4530-a52a-91d79782df7b,2026-06-07T14:10:50.566Z,instance-1,A,burst,heavy,heavy,k6,Exp_A_09,6,POST,/api/heavy,heavy,0.01,115.6,56.32,6,12.73,100.6,1324.27,2276.8,2316.34,6,0,1132.9,200
9632f7cc-f3ff-475a-ac53-f2f29d2cdced,2026-06-07T14:10:50.567Z,instance-1,A,burst,heavy,heavy,k6,Exp_A_09,47,POST,/api/heavy,heavy,0.01,115.6,56.32,7,12.73,100.6,1324.27,2276.8,2316.34,6.2,0,1339.9,200
411ff986-b110-4f8c-a64b-0b5013ecbe4d,2026-06-07T14:10:50.568Z,instance-1,A,burst,heavy,heavy,k6,Exp_A_09,41,POST,/api/heavy,heavy,0.01,115.6,56.32,8,12.73,100.6,1324.27,2276.8,2316.34,6.4,0,1521.25,200
a7df54ae-9237-4608-b2f4-5f183effa63b,2026-06-07T14:10:51.286Z,instance-2,A,burst,heavy,heavy,k6,Exp_A_09,31,POST,/api/heavy,heavy,0.01,181.3,56.66,1,9.47,113.86,973.61,1851.74,1944.02,5,0,199.78,200
3ae46c3d-12d6-4dd1-abf8-5847f115f15d,2026-06-07T14:10:51.286Z,instance-2,A,burst,heavy,heavy,k6,Exp_A_09,26,POST,/api/heavy,heavy,0.01,181.3,56.66,2,9.47,113.86,973.61,1851.74,1944.02,5.2,0,387.31,200
0c5df75e-692d-43da-8b3b-f2b060b576a9,2026-06-07T14:10:51.287Z,instance-2,A,burst,heavy,heavy,k6,Exp_A_09,34,POST,/api/heavy,heavy,0.01,181.3,56.66,3,9.47,113.86,973.61,1851.74,1944.02,5.4,0,538.6,200
74069ed9-a157-4567-876d-c9c588618707,2026-06-07T14:10:51.287Z,instance-2,A,burst,heavy,heavy,k6,Exp_A_09,24,POST,/api/heavy,heavy,0.01,181.3,56.66,4,9.47,113.86,973.61,1851.74,1944.02,5.6,0,746.65,200
76173877-4096-4258-80fd-43c7d88e4e51,2026-06-07T14:10:51.288Z,instance-2,A,burst,heavy,heavy,k6,Exp_A_09,10,POST,/api/heavy,heavy,0.01,181.3,56.66,5,9.47,113.86,973.61,1851.74,1944.02,5.8,0,931.57,200
3ff338fb-7ff8-4658-a8f8-7a5c3e7cdee7,2026-06-07T14:10:51.288Z,instance-2,A,burst,heavy,heavy,k6,Exp_A_09,14,POST,/api/heavy,heavy,0.01,181.3,56.66,6,9.47,113.86,973.61,1851.74,1944.02,6,0,1104.22,200
b927863a-315f-4cb9-ad42-0f1e825e669e,2026-06-07T14:10:51.290Z,instance-2,A,burst,heavy,heavy,k6,Exp_A_09,15,POST,/api/heavy,heavy,0.01,181.3,56.66,7,9.47,113.86,973.61,1851.74,1944.02,6.2,0,1291.47,200
598f43bb-9ae7-40ae-aef7-94daca82c242,2026-06-07T14:10:51.291Z,instance-2,A,burst,heavy,heavy,k6,Exp_A_09,17,POST,/api/heavy,heavy,0.01,181.3,56.66,8,9.47,113.86,973.61,1851.74,1944.02,6.4,0,1445.2,200
f4c2c063-da8e-4dab-af0a-1237f5876f9d,2026-06-07T14:10:51.427Z,instance-3,A,burst,heavy,heavy,k6,Exp_A_09,12,POST,/api/heavy,heavy,0.01,195.4,57,1,13.95,125.03,1006.48,2005.65,2054.06,5.6,0,195.21,200
6ea6d119-c7c6-4259-948d-207eb29c4295,2026-06-07T14:10:51.428Z,instance-3,A,burst,heavy,heavy,k6,Exp_A_09,1,POST,/api/heavy,heavy,0.01,195.4,57,2,13.95,125.03,1006.48,2005.65,2054.06,5.8,0,370.04,200
69830fbe-3c5e-4427-b9f8-857f10887817,2026-06-07T14:10:51.428Z,instance-3,A,burst,heavy,heavy,k6,Exp_A_09,8,POST,/api/heavy,heavy,0.01,195.4,57,3,13.95,125.03,1006.48,2005.65,2054.06,6,0,519.04,200
4511a626-2c9f-4094-97fc-a57e758bb895,2026-06-07T14:10:51.428Z,instance-3,A,burst,heavy,heavy,k6,Exp_A_09,45,POST,/api/heavy,heavy,0.01,195.4,57,4,13.95,125.03,1006.48,2005.65,2054.06,6.2,0,699.9,200
043950d8-0e91-43f0-bf92-52b23f792675,2026-06-07T14:10:51.428Z,instance-3,A,burst,heavy,heavy,k6,Exp_A_09,9,POST,/api/heavy,heavy,0.01,195.4,57,5,13.95,125.03,1006.48,2005.65,2054.06,6.4,0,886.17,200
2e59e2e4-08ae-4078-b53d-dfd852678a00,2026-06-07T14:10:51.429Z,instance-3,A,burst,heavy,heavy,k6,Exp_A_09,43,POST,/api/heavy,heavy,0.01,195.4,57,6,13.95,125.03,1006.48,2005.65,2054.06,6.6,0,1045.27,200
e12102ac-ef0a-4cdb-8e43-d2149d34c29e,2026-06-07T14:10:51.429Z,instance-3,A,burst,heavy,heavy,k6,Exp_A_09,38,POST,/api/heavy,heavy,0.01,195.4,57,7,13.95,125.03,1006.48,2005.65,2054.06,6.8,0,1237.54,200
5c741324-22b7-4993-8b10-d49e7a6b99d2,2026-06-07T14:10:51.429Z,instance-3,A,burst,heavy,heavy,k6,Exp_A_09,28,POST,/api/heavy,heavy,0.01,195.4,57,8,13.95,125.03,1006.48,2005.65,2054.06,7,0,1446.95,200
f1abbd37-25d3-4b7c-be06-ac27098fa6de,2026-06-07T14:10:52.744Z,instance-2,A,burst,heavy,heavy,k6,Exp_A_09,29,POST,/api/heavy,heavy,0.01,156.2,57.13,1,16.24,130.85,925.39,1650.85,1851.74,4.6,0,187.36,200
e62e99dc-ce25-408c-9162-bfe1ef8d8b93,2026-06-07T14:10:52.745Z,instance-2,A,burst,heavy,heavy,k6,Exp_A_09,36,POST,/api/heavy,heavy,0.01,156.2,57.13,2,16.24,130.85,925.39,1650.85,1851.74,4.8,0,387.53,200
7e42b7f4-0254-4742-8ff2-2cebb43d5385,2026-06-07T14:10:52.746Z,instance-2,A,burst,heavy,heavy,k6,Exp_A_09,46,POST,/api/heavy,heavy,0.01,156.2,57.13,3,16.24,130.85,925.39,1650.85,1851.74,5,0,542.69,200
aec1a5b5-8bb8-4540-a29b-b8587fb061b3,2026-06-07T14:10:52.746Z,instance-2,A,burst,heavy,heavy,k6,Exp_A_09,4,POST,/api/heavy,heavy,0.01,156.2,57.13,4,16.24,130.85,925.39,1650.85,1851.74,5.2,0,719.23,200
f7d11f3c-1bd0-430b-9c62-e29a4ca78751,2026-06-07T14:10:52.747Z,instance-2,A,burst,heavy,heavy,k6,Exp_A_09,53,POST,/api/heavy,heavy,0.01,156.2,57.13,5,16.24,130.85,925.39,1650.85,1851.74,5.4,0,857.91,200
fc2593e0-e342-460e-9c88-943a886d5453,2026-06-07T14:10:52.747Z,instance-2,A,burst,heavy,heavy,k6,Exp_A_09,27,POST,/api/heavy,heavy,0.01,156.2,57.13,6,16.24,130.85,925.39,1650.85,1851.74,5.6,0,1032.2,200
4e44a7dd-e38d-4e1a-bfaf-11c3a862d397,2026-06-07T14:10:52.748Z,instance-2,A,burst,heavy,heavy,k6,Exp_A_09,52,POST,/api/heavy,heavy,0.01,156.2,57.13,7,16.24,130.85,925.39,1650.85,1851.74,5.8,0,1191.22,200
d0bd31c9-5677-4ac7-bc6d-8fd74e7cbcdd,2026-06-07T14:10:52.748Z,instance-2,A,burst,heavy,heavy,k6,Exp_A_09,44,POST,/api/heavy,heavy,0.01,156.2,57.13,8,16.24,130.85,925.39,1650.85,1851.74,6,0,1363.35,200
1116faa7-6f80-468a-86d4-3eb832fc4e1f,2026-06-07T14:10:52.749Z,instance-2,A,burst,heavy,heavy,k6,Exp_A_09,12,POST,/api/heavy,heavy,0.01,156.2,57.13,9,16.24,130.85,925.39,1650.85,1851.74,6.2,0,1507.59,200
2c6dcdb8-9ee3-4f8b-901f-f9f77228af5e,2026-06-07T14:10:52.749Z,instance-2,A,burst,heavy,heavy,k6,Exp_A_09,26,POST,/api/heavy,heavy,0.01,156.2,57.13,10,16.24,130.85,925.39,1650.85,1851.74,6.4,0,1711.5,200
cdb72d7e-6d25-4e74-9c9b-2419c72111a4,2026-06-07T14:10:52.100Z,instance-1,A,burst,heavy,heavy,k6,Exp_A_09,33,POST,/api/heavy,heavy,0.01,110.95,56.89,1,14.28,111.72,1239.82,2258.66,2276.8,4.2,0,232.64,200
ad6e6f53-213a-4b2d-83d7-46371b19283d,2026-06-07T14:10:52.100Z,instance-1,A,burst,heavy,heavy,k6,Exp_A_09,19,POST,/api/heavy,heavy,0.01,110.95,56.89,2,14.28,111.72,1239.82,2258.66,2276.8,4.4,0,403.15,200
80a50ee7-5f6b-4fa4-b2fe-82b2b730a44b,2026-06-07T14:10:52.101Z,instance-1,A,burst,heavy,heavy,k6,Exp_A_09,39,POST,/api/heavy,heavy,0.01,110.95,56.89,3,14.28,111.72,1239.82,2258.66,2276.8,4.6,0,604.04,200
a07627cc-1c34-4716-ab5f-5a3fe6d89c94,2026-06-07T14:10:52.101Z,instance-1,A,burst,heavy,heavy,k6,Exp_A_09,49,POST,/api/heavy,heavy,0.01,110.95,56.89,4,14.28,111.72,1239.82,2258.66,2276.8,4.8,0,779.55,200
532bb433-c975-41ff-8f33-e9611bb38fad,2026-06-07T14:10:52.102Z,instance-1,A,burst,heavy,heavy,k6,Exp_A_09,16,POST,/api/heavy,heavy,0.01,110.95,56.89,5,14.28,111.72,1239.82,2258.66,2276.8,5,0,984.1,200
5cd6aa68-99ee-4b7b-846a-25b706116369,2026-06-07T14:10:52.102Z,instance-1,A,burst,heavy,heavy,k6,Exp_A_09,22,POST,/api/heavy,heavy,0.01,110.95,56.89,6,14.28,111.72,1239.82,2258.66,2276.8,5.2,0,1171.33,200
c3c253de-b3f7-4940-a6c5-916ec0199256,2026-06-07T14:10:52.103Z,instance-1,A,burst,heavy,heavy,k6,Exp_A_09,42,POST,/api/heavy,heavy,0.01,110.95,56.89,7,14.28,111.72,1239.82,2258.66,2276.8,5.4,0,1367.51,200
a9e25638-f925-46b6-a276-114494a43c73,2026-06-07T14:10:52.104Z,instance-1,A,burst,heavy,heavy,k6,Exp_A_09,5,POST,/api/heavy,heavy,0.01,110.95,56.89,8,14.28,111.72,1239.82,2258.66,2276.8,5.6,0,1577.25,200
30910390-c430-4cc5-91e8-48b67f56ac3d,2026-06-07T14:10:52.105Z,instance-1,A,burst,heavy,heavy,k6,Exp_A_09,37,POST,/api/heavy,heavy,0.01,110.95,56.89,9,14.28,111.72,1239.82,2258.66,2276.8,5.8,0,1730.6,200
6d918a42-4432-4feb-9be8-2ca24cbfacab,2026-06-07T14:10:52.105Z,instance-1,A,burst,heavy,heavy,k6,Exp_A_09,7,POST,/api/heavy,heavy,0.01,110.95,56.89,10,14.28,111.72,1239.82,2258.66,2276.8,6,0,1890.95,200
b2ed5e79-b5de-47f5-b1b2-62a174ad7529,2026-06-07T14:10:52.106Z,instance-1,A,burst,heavy,heavy,k6,Exp_A_09,25,POST,/api/heavy,heavy,0.01,110.95,56.89,11,14.28,111.72,1239.82,2258.66,2276.8,6.2,0,2049.17,200
97079010-7ccc-4e6c-b456-6b666526974b,2026-06-07T14:10:52.106Z,instance-1,A,burst,heavy,heavy,k6,Exp_A_09,35,POST,/api/heavy,heavy,0.01,110.95,56.89,12,14.28,111.72,1239.82,2258.66,2276.8,6.4,0,2249.69,200
f890361c-21b9-478b-a9da-805783b7379e,2026-06-07T14:10:52.107Z,instance-1,A,burst,heavy,heavy,k6,Exp_A_09,18,POST,/api/heavy,heavy,0.01,110.95,56.89,13,14.28,111.72,1239.82,2258.66,2276.8,6.6,0,2391.55,200
90247c37-4145-448a-a981-34c6582c5a63,2026-06-07T14:10:52.884Z,instance-3,A,burst,heavy,heavy,k6,Exp_A_09,58,POST,/api/heavy,heavy,0.01,181.2,57.21,1,9.66,145.91,977.53,1873.3,2054.06,5,0,163.99,200
3295a32e-48b8-4cbd-9ed4-1016d47d0873,2026-06-07T14:10:52.884Z,instance-3,A,burst,heavy,heavy,k6,Exp_A_09,32,POST,/api/heavy,heavy,0.01,181.2,57.21,2,9.66,145.91,977.53,1873.3,2054.06,5.2,0,345.95,200
e83457dc-a139-4eb6-8f3f-049547ab4e2a,2026-06-07T14:10:52.884Z,instance-3,A,burst,heavy,heavy,k6,Exp_A_09,3,POST,/api/heavy,heavy,0.01,181.2,57.21,3,9.66,145.91,977.53,1873.3,2054.06,5.4,0,516.19,200
9c776b87-de2e-48b6-8747-28c1116e91e9,2026-06-07T14:10:52.885Z,instance-3,A,burst,heavy,heavy,k6,Exp_A_09,30,POST,/api/heavy,heavy,0.01,181.2,57.21,4,9.66,145.91,977.53,1873.3,2054.06,5.6,0,685.93,200
aeae517a-9564-477a-8d25-10d2e6e8f8eb,2026-06-07T14:10:52.885Z,instance-3,A,burst,heavy,heavy,k6,Exp_A_09,20,POST,/api/heavy,heavy,0.01,181.2,57.21,5,9.66,145.91,977.53,1873.3,2054.06,5.8,0,847.8,200
8c11d916-2dbd-4345-8d79-041abfd5f8af,2026-06-07T14:10:52.885Z,instance-3,A,burst,heavy,heavy,k6,Exp_A_09,11,POST,/api/heavy,heavy,0.01,181.2,57.21,6,9.66,145.91,977.53,1873.3,2054.06,6,0,1069.91,200
a91eb2e7-2d34-4d61-84a3-4e537b524992,2026-06-07T14:10:52.885Z,instance-3,A,burst,heavy,heavy,k6,Exp_A_09,23,POST,/api/heavy,heavy,0.01,181.2,57.21,7,9.66,145.91,977.53,1873.3,2054.06,6.2,0,1267.57,200
820ac421-6505-413d-9bd3-58d40bf23144,2026-06-07T14:10:52.886Z,instance-3,A,burst,heavy,heavy,k6,Exp_A_09,2,POST,/api/heavy,heavy,0.01,181.2,57.21,8,9.66,145.91,977.53,1873.3,2054.06,6.4,0,1445.63,200
1a818d2a-b338-40e4-9f5e-1dae212c6d0a,2026-06-07T14:10:52.886Z,instance-3,A,burst,heavy,heavy,k6,Exp_A_09,6,POST,/api/heavy,heavy,0.01,181.2,57.21,9,9.66,145.91,977.53,1873.3,2054.06,6.6,0,1633.1,200
a62aefdd-5daf-4429-ac10-447ba62b697b,2026-06-07T14:10:52.886Z,instance-3,A,burst,heavy,heavy,k6,Exp_A_09,1,POST,/api/heavy,heavy,0.01,181.2,57.21,10,9.66,145.91,977.53,1873.3,2054.06,6.8,0,1845.06,200
14fc101a-be3a-4620-adb7-b4525911ac84,2026-06-07T14:10:54.472Z,instance-2,A,burst,heavy,heavy,k6,Exp_A_09,8,POST,/api/heavy,heavy,0.01,52.4,57.36,1,13.55,120.9,911.51,1611.97,1711.5,4.8,0,192.6,200
0a945c50-55fa-4fab-b18e-f23bc54331c6,2026-06-07T14:10:54.472Z,instance-2,A,burst,heavy,heavy,k6,Exp_A_09,24,POST,/api/heavy,heavy,0.01,52.4,57.36,2,13.55,120.9,911.51,1611.97,1711.5,5,0,395.04,200
b68b2d49-84d7-4f9f-9e8e-7eec9b22363d,2026-06-07T14:10:54.473Z,instance-2,A,burst,heavy,heavy,k6,Exp_A_09,33,POST,/api/heavy,heavy,0.01,52.4,57.36,3,13.55,120.9,911.51,1611.97,1711.5,5.2,0,582.29,200
75b871e1-d089-4f5d-8bf6-815de5c930ea,2026-06-07T14:10:54.473Z,instance-2,A,burst,heavy,heavy,k6,Exp_A_09,14,POST,/api/heavy,heavy,0.01,52.4,57.36,4,13.55,120.9,911.51,1611.97,1711.5,5.4,0,747.38,200
819dc856-a362-4f68-b943-890e5f0904f4,2026-06-07T14:10:54.473Z,instance-2,A,burst,heavy,heavy,k6,Exp_A_09,39,POST,/api/heavy,heavy,0.01,52.4,57.36,5,13.55,120.9,911.51,1611.97,1711.5,5.6,0,926.05,200
6809c7ee-bbb9-47a4-8f2e-d195814d9821,2026-06-07T14:10:54.473Z,instance-2,A,burst,heavy,heavy,k6,Exp_A_09,17,POST,/api/heavy,heavy,0.01,52.4,57.36,6,13.55,120.9,911.51,1611.97,1711.5,5.8,0,1095.71,200
4d9ab671-07ba-4b39-9024-8bbbd41993d3,2026-06-07T14:10:54.474Z,instance-2,A,burst,heavy,heavy,k6,Exp_A_09,16,POST,/api/heavy,heavy,0.01,52.4,57.36,7,13.55,120.9,911.51,1611.97,1711.5,6,0,1281.47,200
0afa694f-2f40-4466-baec-782543b04d9b,2026-06-07T14:10:54.474Z,instance-2,A,burst,heavy,heavy,k6,Exp_A_09,36,POST,/api/heavy,heavy,0.01,52.4,57.36,8,13.55,120.9,911.51,1611.97,1711.5,6.2,0,1461.52,200
a61ed87b-4f3d-43c4-a48c-67ed19dfed87,2026-06-07T14:10:54.474Z,instance-2,A,burst,heavy,heavy,k6,Exp_A_09,4,POST,/api/heavy,heavy,0.01,52.4,57.36,9,13.55,120.9,911.51,1611.97,1711.5,6.4,0,1664.32,200
4f53f944-1045-4908-be77-bd5051a50bd6,2026-06-07T14:10:54.750Z,instance-3,A,burst,heavy,heavy,k6,Exp_A_09,41,POST,/api/heavy,heavy,0.01,53.9,57.22,1,9.7,133.01,939.56,1765.31,1845.06,5,0,193.02,200
69c8b548-fe52-4bab-8b1b-08df4bb2effc,2026-06-07T14:10:54.750Z,instance-3,A,burst,heavy,heavy,k6,Exp_A_09,45,POST,/api/heavy,heavy,0.01,53.9,57.22,2,9.7,133.01,939.56,1765.31,1845.06,5.2,0,394.54,200
885df3de-31c3-4d7d-bf6b-6798087a105a,2026-06-07T14:10:54.751Z,instance-3,A,burst,heavy,heavy,k6,Exp_A_09,43,POST,/api/heavy,heavy,0.01,53.9,57.22,3,9.7,133.01,939.56,1765.31,1845.06,5.4,0,584.71,200
f97fb6f6-97ab-420e-b397-38f2572742ba,2026-06-07T14:10:54.751Z,instance-3,A,burst,heavy,heavy,k6,Exp_A_09,19,POST,/api/heavy,heavy,0.01,53.9,57.22,4,9.7,133.01,939.56,1765.31,1845.06,5.6,0,795.34,200
61998486-45e0-4a8e-9a41-0b7debaa7edd,2026-06-07T14:10:54.751Z,instance-3,A,burst,heavy,heavy,k6,Exp_A_09,49,POST,/api/heavy,heavy,0.01,53.9,57.22,5,9.7,133.01,939.56,1765.31,1845.06,5.8,0,995.85,200
d0aead9b-0e28-4811-83da-68c92db1ea6f,2026-06-07T14:10:54.751Z,instance-3,A,burst,heavy,heavy,k6,Exp_A_09,28,POST,/api/heavy,heavy,0.01,53.9,57.22,6,9.7,133.01,939.56,1765.31,1845.06,6,0,1184.94,200
ad148568-f207-482d-82c7-528163b0f969,2026-06-07T14:10:54.752Z,instance-3,A,burst,heavy,heavy,k6,Exp_A_09,32,POST,/api/heavy,heavy,0.01,53.9,57.22,7,9.7,133.01,939.56,1765.31,1845.06,6.2,0,1338.36,200
2832c903-bd35-4497-915d-97c5b1dd7154,2026-06-07T14:10:54.752Z,instance-3,A,burst,heavy,heavy,k6,Exp_A_09,22,POST,/api/heavy,heavy,0.01,53.9,57.22,8,9.7,133.01,939.56,1765.31,1845.06,6.4,0,1553.4,200
813d1aac-bc4a-4e49-868f-5199a71388f4,2026-06-07T14:10:54.752Z,instance-3,A,burst,heavy,heavy,k6,Exp_A_09,30,POST,/api/heavy,heavy,0.01,53.9,57.22,9,9.7,133.01,939.56,1765.31,1845.06,6.6,0,1750.23,200
ad96c41e-69d8-49b5-8a6c-768917863b26,2026-06-07T14:10:54.753Z,instance-3,A,burst,heavy,heavy,k6,Exp_A_09,53,POST,/api/heavy,heavy,0.01,53.9,57.22,10,9.7,133.01,939.56,1765.31,1845.06,6.8,0,1952.1,200
818c8822-acc0-4d55-9e03-23e31605214c,2026-06-07T14:10:54.509Z,instance-1,A,burst,heavy,heavy,k6,Exp_A_09,21,POST,/api/heavy,heavy,0.01,113.3,57.15,1,17.87,113.28,1306.7,2276.8,2391.55,4.4,0,198.07,200
f43dc649-97b9-4b4b-9dca-bcbe7b7b156d,2026-06-07T14:10:54.510Z,instance-1,A,burst,heavy,heavy,k6,Exp_A_09,31,POST,/api/heavy,heavy,0.01,113.3,57.15,2,17.87,113.28,1306.7,2276.8,2391.55,4.6,0,401.52,200
781e0720-da59-41d6-a7bd-056177b994e8,2026-06-07T14:10:54.511Z,instance-1,A,burst,heavy,heavy,k6,Exp_A_09,13,POST,/api/heavy,heavy,0.01,113.3,57.15,3,17.87,113.28,1306.7,2276.8,2391.55,4.8,0,554.97,200
9306c904-6469-402f-b318-c92b6de29b0e,2026-06-07T14:10:54.511Z,instance-1,A,burst,heavy,heavy,k6,Exp_A_09,34,POST,/api/heavy,heavy,0.01,113.3,57.15,4,17.87,113.28,1306.7,2276.8,2391.55,5,0,723.69,200
83af98e3-4c96-4e95-8774-7c751b917f7c,2026-06-07T14:10:54.512Z,instance-1,A,burst,heavy,heavy,k6,Exp_A_09,47,POST,/api/heavy,heavy,0.01,113.3,57.15,5,17.87,113.28,1306.7,2276.8,2391.55,5.2,0,906.78,200
4c6b6cdc-1397-4b8e-ae3a-c1dd5a708362,2026-06-07T14:10:54.512Z,instance-1,A,burst,heavy,heavy,k6,Exp_A_09,10,POST,/api/heavy,heavy,0.01,113.3,57.15,6,17.87,113.28,1306.7,2276.8,2391.55,5.4,0,1059.78,200
71cefbd9-6d2d-4656-bd8a-316ec61b18bf,2026-06-07T14:10:54.513Z,instance-1,A,burst,heavy,heavy,k6,Exp_A_09,9,POST,/api/heavy,heavy,0.01,113.3,57.15,7,17.87,113.28,1306.7,2276.8,2391.55,5.6,0,1254.96,200
0cd5deb4-8a1f-4562-af70-e9a4237a56a2,2026-06-07T14:10:54.514Z,instance-1,A,burst,heavy,heavy,k6,Exp_A_09,15,POST,/api/heavy,heavy,0.01,113.3,57.15,8,17.87,113.28,1306.7,2276.8,2391.55,5.8,0,1401.04,200
3d0c78f2-fb2c-4fd6-88e1-28774f5766ce,2026-06-07T14:10:54.514Z,instance-1,A,burst,heavy,heavy,k6,Exp_A_09,29,POST,/api/heavy,heavy,0.01,113.3,57.15,9,17.87,113.28,1306.7,2276.8,2391.55,6,0,1562.45,200
0443b354-79c2-441f-85a4-5335b76287df,2026-06-07T14:10:54.515Z,instance-1,A,burst,heavy,heavy,k6,Exp_A_09,58,POST,/api/heavy,heavy,0.01,113.3,57.15,10,17.87,113.28,1306.7,2276.8,2391.55,6.2,0,1747.68,200
4e61825d-d797-4b0e-bd90-f313ef46465a,2026-06-07T14:10:54.515Z,instance-1,A,burst,heavy,heavy,k6,Exp_A_09,46,POST,/api/heavy,heavy,0.01,113.3,57.15,11,17.87,113.28,1306.7,2276.8,2391.55,6.4,0,1931.86,200
9c8ff441-5a42-4649-8cb0-b6fc016474e2,2026-06-07T14:10:54.516Z,instance-1,A,burst,heavy,heavy,k6,Exp_A_09,3,POST,/api/heavy,heavy,0.01,113.3,57.15,12,17.87,113.28,1306.7,2276.8,2391.55,6.6,0,2120.66,200
b199f726-519c-40ba-9699-c3bb5ddc0284,2026-06-07T14:10:54.517Z,instance-1,A,burst,heavy,heavy,k6,Exp_A_09,38,POST,/api/heavy,heavy,0.01,113.3,57.15,13,17.87,113.28,1306.7,2276.8,2391.55,6.8,0,2320.88,200
ebc65bee-1e72-4f7d-aa3c-ed57f8c8f99f,2026-06-07T14:10:56.148Z,instance-2,A,burst,heavy,heavy,k6,Exp_A_09,42,POST,/api/heavy,heavy,0.01,70.3,57.23,1,12.95,115.05,912.05,1664.32,1711.5,5.6,0,211.75,200
e5360a0c-5efe-47c2-9a7e-63143edf2957,2026-06-07T14:10:56.148Z,instance-2,A,burst,heavy,heavy,k6,Exp_A_09,27,POST,/api/heavy,heavy,0.01,70.3,57.23,2,12.95,115.05,912.05,1664.32,1711.5,5.8,0,433.16,200
71c3217d-d2b1-474d-8d14-8a37d622708f,2026-06-07T14:10:56.149Z,instance-2,A,burst,heavy,heavy,k6,Exp_A_09,37,POST,/api/heavy,heavy,0.01,70.3,57.23,3,12.95,115.05,912.05,1664.32,1711.5,6,0,613.35,200
55680525-dc07-4972-a441-4643aa5871df,2026-06-07T14:10:56.150Z,instance-2,A,burst,heavy,heavy,k6,Exp_A_09,25,POST,/api/heavy,heavy,0.01,70.3,57.23,4,12.95,115.05,912.05,1664.32,1711.5,6.2,0,816.93,200
181e3a5b-7b9b-481a-b573-463ebf41b89e,2026-06-07T14:10:56.150Z,instance-2,A,burst,heavy,heavy,k6,Exp_A_09,23,POST,/api/heavy,heavy,0.01,70.3,57.23,5,12.95,115.05,912.05,1664.32,1711.5,6.4,0,1025.33,200
c9935d56-2453-4a8a-aee9-49653137a5d7,2026-06-07T14:10:56.150Z,instance-2,A,burst,heavy,heavy,k6,Exp_A_09,18,POST,/api/heavy,heavy,0.01,70.3,57.23,6,12.95,115.05,912.05,1664.32,1711.5,6.6,0,1180.87,200
edcec74a-529f-428a-8d7c-b69c65dcb547,2026-06-07T14:10:56.151Z,instance-2,A,burst,heavy,heavy,k6,Exp_A_09,6,POST,/api/heavy,heavy,0.01,70.3,57.23,7,12.95,115.05,912.05,1664.32,1711.5,6.8,0,1391.05,200
da85cc4b-e71d-4e5c-ac25-4986e90e7ae1,2026-06-07T14:10:56.151Z,instance-2,A,burst,heavy,heavy,k6,Exp_A_09,31,POST,/api/heavy,heavy,0.01,70.3,57.23,8,12.95,115.05,912.05,1664.32,1711.5,7,0,1573.56,200
cbf1f77d-45e4-4e47-af07-8b66579bd12c,2026-06-07T14:10:56.151Z,instance-2,A,burst,heavy,heavy,k6,Exp_A_09,41,POST,/api/heavy,heavy,0.01,70.3,57.23,9,12.95,115.05,912.05,1664.32,1711.5,7.2,0,1731.94,200
a71c0885-1b99-4882-8bee-1489bf8ca83d,2026-06-07T14:10:56.714Z,instance-3,A,burst,heavy,heavy,k6,Exp_A_09,11,POST,/api/heavy,heavy,0.01,72.65,57.28,1,11.45,102.58,991.43,1845.06,1952.1,4.2,0,181.57,200
33518cf0-bda4-4d1e-8735-7ca3b1600f56,2026-06-07T14:10:56.715Z,instance-3,A,burst,heavy,heavy,k6,Exp_A_09,12,POST,/api/heavy,heavy,0.01,72.65,57.28,2,11.45,102.58,991.43,1845.06,1952.1,4.4,0,363.19,200
833ba049-05fe-4be1-b191-829bfea6ce5d,2026-06-07T14:10:56.716Z,instance-3,A,burst,heavy,heavy,k6,Exp_A_09,2,POST,/api/heavy,heavy,0.01,72.65,57.28,3,11.45,102.58,991.43,1845.06,1952.1,4.6,0,516.88,200
3233e795-ec60-4644-b71f-1eb0a9a28013,2026-06-07T14:10:56.716Z,instance-3,A,burst,heavy,heavy,k6,Exp_A_09,8,POST,/api/heavy,heavy,0.01,72.65,57.28,4,11.45,102.58,991.43,1845.06,1952.1,4.8,0,705.09,200
3390d636-49b4-4b74-9456-6840fc0c3313,2026-06-07T14:10:56.717Z,instance-3,A,burst,heavy,heavy,k6,Exp_A_09,21,POST,/api/heavy,heavy,0.01,72.65,57.28,5,11.45,102.58,991.43,1845.06,1952.1,5,0,912.05,200
d47776e9-98e4-4023-8516-685587bac66f,2026-06-07T14:10:56.717Z,instance-3,A,burst,heavy,heavy,k6,Exp_A_09,33,POST,/api/heavy,heavy,0.01,72.65,57.28,6,11.45,102.58,991.43,1845.06,1952.1,5.2,0,1062.22,200
535eb20f-61a9-43f5-b80a-3289a6eddec5,2026-06-07T14:10:56.718Z,instance-3,A,burst,heavy,heavy,k6,Exp_A_09,13,POST,/api/heavy,heavy,0.01,72.65,57.28,7,11.45,102.58,991.43,1845.06,1952.1,5.4,0,1238.27,200
2774c250-6341-49a9-93b5-9565814bc3a2,2026-06-07T14:10:56.718Z,instance-3,A,burst,heavy,heavy,k6,Exp_A_09,39,POST,/api/heavy,heavy,0.01,72.65,57.28,8,11.45,102.58,991.43,1845.06,1952.1,5.6,0,1411.67,200
ba667975-cc6e-44d3-93b5-78c2d31e2968,2026-06-07T14:10:56.718Z,instance-3,A,burst,heavy,heavy,k6,Exp_A_09,47,POST,/api/heavy,heavy,0.01,72.65,57.28,9,11.45,102.58,991.43,1845.06,1952.1,5.8,0,1608.8,200
9dfc5c5e-bee8-4f62-8dfe-58780ac5f13c,2026-06-07T14:10:56.718Z,instance-3,A,burst,heavy,heavy,k6,Exp_A_09,52,POST,/api/heavy,heavy,0.01,72.65,57.28,10,11.45,102.58,991.43,1845.06,1952.1,6,0,1769.07,200
d9748933-6994-409b-9ccd-85de2034dd09,2026-06-07T14:10:56.848Z,instance-1,A,burst,heavy,heavy,k6,Exp_A_09,5,POST,/api/heavy,heavy,0.01,72.65,57.14,1,17.59,98.97,1302.75,2320.88,2391.55,5.4,0,207.03,200
3a6d2456-d7a4-4e0a-83d1-cf42651a9606,2026-06-07T14:10:56.849Z,instance-1,A,burst,heavy,heavy,k6,Exp_A_09,20,POST,/api/heavy,heavy,0.01,72.65,57.14,2,17.59,98.97,1302.75,2320.88,2391.55,5.6,0,399.59,200
7e5dc1fa-bd31-4059-8938-c36c6642af61,2026-06-07T14:10:56.850Z,instance-1,A,burst,heavy,heavy,k6,Exp_A_09,7,POST,/api/heavy,heavy,0.01,72.65,57.14,3,17.59,98.97,1302.75,2320.88,2391.55,5.8,0,592.14,200
2c86adcc-d6b8-441c-9384-4d5cb5d00d2c,2026-06-07T14:10:56.850Z,instance-1,A,burst,heavy,heavy,k6,Exp_A_09,44,POST,/api/heavy,heavy,0.01,72.65,57.14,4,17.59,98.97,1302.75,2320.88,2391.55,6,0,736.32,200
e305ad96-1c35-4c50-bdec-7fb052bb80a9,2026-06-07T14:10:56.851Z,instance-1,A,burst,heavy,heavy,k6,Exp_A_09,35,POST,/api/heavy,heavy,0.01,72.65,57.14,5,17.59,98.97,1302.75,2320.88,2391.55,6.2,0,910.66,200
bb3faf4d-7e71-4ec5-beb7-60e96ac2279e,2026-06-07T14:10:56.852Z,instance-1,A,burst,heavy,heavy,k6,Exp_A_09,26,POST,/api/heavy,heavy,0.01,72.65,57.14,6,17.59,98.97,1302.75,2320.88,2391.55,6.4,0,1125.12,200
ee28a99f-b103-4f93-8287-c991438d49c1,2026-06-07T14:10:56.852Z,instance-1,A,burst,heavy,heavy,k6,Exp_A_09,1,POST,/api/heavy,heavy,0.01,72.65,57.14,7,17.59,98.97,1302.75,2320.88,2391.55,6.6,0,1302.12,200
649c79cb-a74a-458f-a0d6-18d81a577e05,2026-06-07T14:10:56.853Z,instance-1,A,burst,heavy,heavy,k6,Exp_A_09,24,POST,/api/heavy,heavy,0.01,72.65,57.14,8,17.59,98.97,1302.75,2320.88,2391.55,6.8,0,1469.76,200
0a4ce2b6-121b-4733-8f69-70c67628bf96,2026-06-07T14:10:56.853Z,instance-1,A,burst,heavy,heavy,k6,Exp_A_09,45,POST,/api/heavy,heavy,0.01,72.65,57.14,9,17.59,98.97,1302.75,2320.88,2391.55,7,0,1632.16,200
856b43d7-5c22-4fdf-9a08-99b3c06761b3,2026-06-07T14:10:56.854Z,instance-1,A,burst,heavy,heavy,k6,Exp_A_09,14,POST,/api/heavy,heavy,0.01,72.65,57.14,10,17.59,98.97,1302.75,2320.88,2391.55,7.2,0,1801.73,200
a5cfa47e-0456-4063-bc1b-46680cd26126,2026-06-07T14:10:56.854Z,instance-1,A,burst,heavy,heavy,k6,Exp_A_09,19,POST,/api/heavy,heavy,0.01,72.65,57.14,11,17.59,98.97,1302.75,2320.88,2391.55,7.4,0,1976.16,200
1b65d284-3aff-495c-a579-7edf1c888dec,2026-06-07T14:10:56.855Z,instance-1,A,burst,heavy,heavy,k6,Exp_A_09,17,POST,/api/heavy,heavy,0.01,72.65,57.14,12,17.59,98.97,1302.75,2320.88,2391.55,7.6,0,2196.24,200
cc864fff-809c-44e3-8977-8968ea9e3178,2026-06-07T14:10:57.892Z,instance-2,A,burst,heavy,heavy,k6,Exp_A_09,34,POST,/api/heavy,heavy,0.01,170.3,57.36,1,12.35,97.67,958.03,1711.5,1731.94,3.8,0,179.72,200
a866013d-02e2-49b6-ad1f-ce98a2af64cc,2026-06-07T14:10:57.893Z,instance-2,A,burst,heavy,heavy,k6,Exp_A_09,43,POST,/api/heavy,heavy,0.01,170.3,57.36,2,12.35,97.67,958.03,1711.5,1731.94,4,0,361.3,200
675e91fb-f7fe-484e-8538-dab6ff8fd864,2026-06-07T14:10:57.894Z,instance-2,A,burst,heavy,heavy,k6,Exp_A_09,49,POST,/api/heavy,heavy,0.01,170.3,57.36,3,12.35,97.67,958.03,1711.5,1731.94,4.2,0,569.34,200
69da6a36-95a8-4667-9e7b-4843bf6364b0,2026-06-07T14:10:57.894Z,instance-2,A,burst,heavy,heavy,k6,Exp_A_09,28,POST,/api/heavy,heavy,0.01,170.3,57.36,4,12.35,97.67,958.03,1711.5,1731.94,4.4,0,766.34,200
249fe389-c383-46ef-9977-664dfb474624,2026-06-07T14:10:57.895Z,instance-2,A,burst,heavy,heavy,k6,Exp_A_09,29,POST,/api/heavy,heavy,0.01,170.3,57.36,5,12.35,97.67,958.03,1711.5,1731.94,4.6,0,980.18,200
69649b5f-4728-4bf5-ac22-4b8ff88506c1,2026-06-07T14:10:57.895Z,instance-2,A,burst,heavy,heavy,k6,Exp_A_09,42,POST,/api/heavy,heavy,0.01,170.3,57.36,6,12.35,97.67,958.03,1711.5,1731.94,4.8,0,1133.46,200
e8d9fa00-b9d6-4ff9-bf00-8ae65880c6c3,2026-06-07T14:10:57.897Z,instance-2,A,burst,heavy,heavy,k6,Exp_A_09,46,POST,/api/heavy,heavy,0.01,170.3,57.36,7,12.35,97.67,958.03,1711.5,1731.94,5,0,1322.2,200
73373468-02d0-42d9-ab85-7cc73a606300,2026-06-07T14:10:57.897Z,instance-2,A,burst,heavy,heavy,k6,Exp_A_09,37,POST,/api/heavy,heavy,0.01,170.3,57.36,8,12.35,97.67,958.03,1711.5,1731.94,5.2,0,1525.11,200
4b7e2127-6eff-4c8e-87d4-a2f2919d8496,2026-06-07T14:10:57.897Z,instance-2,A,burst,heavy,heavy,k6,Exp_A_09,38,POST,/api/heavy,heavy,0.01,170.3,57.36,9,12.35,97.67,958.03,1711.5,1731.94,5.4,0,1675.13,200
0e704fbb-9f93-4586-af50-d306f04e0235,2026-06-07T14:10:57.897Z,instance-2,A,burst,heavy,heavy,k6,Exp_A_09,10,POST,/api/heavy,heavy,0.01,170.3,57.36,10,12.35,97.67,958.03,1711.5,1731.94,5.6,0,1843.61,200
92a6f0d2-5c16-4ef0-98df-306cf665c1fe,2026-06-07T14:10:58.496Z,instance-3,A,burst,heavy,heavy,k6,Exp_A_09,16,POST,/api/heavy,heavy,0.01,89.8,57.5,1,13.39,72.12,1085.42,1845.06,1952.1,4.2,0,185.88,200
123cc5f2-94ea-47df-9abe-05731ca8ff4e,2026-06-07T14:10:58.497Z,instance-3,A,burst,heavy,heavy,k6,Exp_A_09,9,POST,/api/heavy,heavy,0.01,89.8,57.5,2,13.39,72.12,1085.42,1845.06,1952.1,4.4,0,336.09,200
1c51418c-33ff-4f49-89a3-6e1764b4c633,2026-06-07T14:10:58.497Z,instance-3,A,burst,heavy,heavy,k6,Exp_A_09,32,POST,/api/heavy,heavy,0.01,89.8,57.5,3,13.39,72.12,1085.42,1845.06,1952.1,4.6,0,487.3,200
ad3762a8-c541-4bf7-be46-cbe0db11fd2f,2026-06-07T14:10:58.498Z,instance-3,A,burst,heavy,heavy,k6,Exp_A_09,4,POST,/api/heavy,heavy,0.01,89.8,57.5,4,13.39,72.12,1085.42,1845.06,1952.1,4.8,0,666.7,200
1042b303-a995-44f9-b574-6d868f222dd4,2026-06-07T14:10:58.498Z,instance-3,A,burst,heavy,heavy,k6,Exp_A_09,30,POST,/api/heavy,heavy,0.01,89.8,57.5,5,13.39,72.12,1085.42,1845.06,1952.1,5,0,828.36,200
c277b632-b0c1-4f59-bf25-e3e37b19e7bc,2026-06-07T14:10:58.499Z,instance-3,A,burst,heavy,heavy,k6,Exp_A_09,27,POST,/api/heavy,heavy,0.01,89.8,57.5,6,13.39,72.12,1085.42,1845.06,1952.1,5.2,0,1004.41,200
8df4efa5-8f48-43fb-846a-842384b4240f,2026-06-07T14:10:58.500Z,instance-3,A,burst,heavy,heavy,k6,Exp_A_09,11,POST,/api/heavy,heavy,0.01,89.8,57.5,7,13.39,72.12,1085.42,1845.06,1952.1,5.4,0,1160.71,200
e98526e4-1ebf-4aa4-89c0-415f4db285b8,2026-06-07T14:10:58.500Z,instance-3,A,burst,heavy,heavy,k6,Exp_A_09,25,POST,/api/heavy,heavy,0.01,89.8,57.5,8,13.39,72.12,1085.42,1845.06,1952.1,5.6,0,1353.7,200
5efc46a3-8892-4f1e-8e43-4522515c2f77,2026-06-07T14:10:58.501Z,instance-3,A,burst,heavy,heavy,k6,Exp_A_09,20,POST,/api/heavy,heavy,0.01,89.8,57.5,9,13.39,72.12,1085.42,1845.06,1952.1,5.8,0,1519.39,200
6bef5bb9-b0f8-48e7-8d75-11e6cbccac4e,2026-06-07T14:10:58.501Z,instance-3,A,burst,heavy,heavy,k6,Exp_A_09,18,POST,/api/heavy,heavy,0.01,89.8,57.5,10,13.39,72.12,1085.42,1845.06,1952.1,6,0,1697.6,200
710714d5-9c26-4200-b93b-111857f5ce0a,2026-06-07T14:10:59.060Z,instance-1,A,burst,heavy,heavy,k6,Exp_A_09,15,POST,/api/heavy,heavy,0.01,78.67,57.34,1,17.18,88.21,1329.42,2320.88,2391.55,5.2,0,174.8,200
5c48f0a5-af66-402a-83c0-387bce1099a4,2026-06-07T14:10:59.061Z,instance-1,A,burst,heavy,heavy,k6,Exp_A_09,36,POST,/api/heavy,heavy,0.01,78.67,57.34,2,17.18,88.21,1329.42,2320.88,2391.55,5.4,0,366.32,200
9515562e-e139-4a81-8edb-6b6f2b7253fe,2026-06-07T14:10:59.062Z,instance-1,A,burst,heavy,heavy,k6,Exp_A_09,58,POST,/api/heavy,heavy,0.01,78.67,57.34,3,17.18,88.21,1329.42,2320.88,2391.55,5.6,0,554.25,200
168022ae-f477-47e7-9569-2b1275d2213b,2026-06-07T14:10:59.062Z,instance-1,A,burst,heavy,heavy,k6,Exp_A_09,22,POST,/api/heavy,heavy,0.01,78.67,57.34,4,17.18,88.21,1329.42,2320.88,2391.55,5.8,0,730.06,200
472f6036-a150-40c7-ab43-b0675f0af3ee,2026-06-07T14:10:59.063Z,instance-1,A,burst,heavy,heavy,k6,Exp_A_09,3,POST,/api/heavy,heavy,0.01,78.67,57.34,5,17.18,88.21,1329.42,2320.88,2391.55,6,0,906.27,200
76c7e6b2-bb74-4c79-aa80-3bb1e8766cb6,2026-06-07T14:10:59.063Z,instance-1,A,burst,heavy,heavy,k6,Exp_A_09,53,POST,/api/heavy,heavy,0.01,78.67,57.34,6,17.18,88.21,1329.42,2320.88,2391.55,6.2,0,1058.96,200
4c127ed8-fa2e-45e7-aa3a-c63c1f1d8be4,2026-06-07T14:10:59.064Z,instance-1,A,burst,heavy,heavy,k6,Exp_A_09,5,POST,/api/heavy,heavy,0.01,78.67,57.34,7,17.18,88.21,1329.42,2320.88,2391.55,6.4,0,1229.45,200
ec5f0663-a45c-4e6e-a645-f0fc2674a955,2026-06-07T14:10:59.064Z,instance-1,A,burst,heavy,heavy,k6,Exp_A_09,12,POST,/api/heavy,heavy,0.01,78.67,57.34,8,17.18,88.21,1329.42,2320.88,2391.55,6.6,0,1439.73,200
a03d254e-f649-4416-a354-6773d52b8394,2026-06-07T14:10:59.065Z,instance-1,A,burst,heavy,heavy,k6,Exp_A_09,8,POST,/api/heavy,heavy,0.01,78.67,57.34,9,17.18,88.21,1329.42,2320.88,2391.55,6.8,0,1600.88,200
ade98b6f-6711-433e-b72d-a57750097d41,2026-06-07T14:10:59.065Z,instance-1,A,burst,heavy,heavy,k6,Exp_A_09,7,POST,/api/heavy,heavy,0.01,78.67,57.34,10,17.18,88.21,1329.42,2320.88,2391.55,7,0,1766.74,200
80a66bed-a4b3-4a6c-90ed-78acbefdc3d7,2026-06-07T14:10:59.066Z,instance-1,A,burst,heavy,heavy,k6,Exp_A_09,35,POST,/api/heavy,heavy,0.01,78.67,57.34,11,17.18,88.21,1329.42,2320.88,2391.55,7.2,0,1962.35,200
3a6088c4-2e4f-4215-9335-88d077d93f2b,2026-06-07T14:10:59.066Z,instance-1,A,burst,heavy,heavy,k6,Exp_A_09,33,POST,/api/heavy,heavy,0.01,78.67,57.34,12,17.18,88.21,1329.42,2320.88,2391.55,7.4,0,2120.58,200
51dd4cb8-ebba-46ae-8ef3-5370332d55a4,2026-06-07T14:10:59.749Z,instance-2,A,burst,heavy,heavy,k6,Exp_A_09,23,POST,/api/heavy,heavy,0.01,80.45,57.49,1,13.98,107.02,1018.08,1731.94,1843.61,4,0,190.97,200
5b37bfde-6de6-4920-98fd-ee82d2aa5f51,2026-06-07T14:10:59.750Z,instance-2,A,burst,heavy,heavy,k6,Exp_A_09,2,POST,/api/heavy,heavy,0.01,80.45,57.49,2,13.98,107.02,1018.08,1731.94,1843.61,4.2,0,391.01,200
b5b5482a-4ebe-4fb3-b4e0-2af908e99dc6,2026-06-07T14:10:59.750Z,instance-2,A,burst,heavy,heavy,k6,Exp_A_09,6,POST,/api/heavy,heavy,0.01,80.45,57.49,3,13.98,107.02,1018.08,1731.94,1843.61,4.4,0,596.05,200
c81f50ad-b85f-4a95-a8c7-aeb3068a51d8,2026-06-07T14:10:59.750Z,instance-2,A,burst,heavy,heavy,k6,Exp_A_09,44,POST,/api/heavy,heavy,0.01,80.45,57.49,4,13.98,107.02,1018.08,1731.94,1843.61,4.6,0,770.66,200
6df9372a-16cd-4c52-8653-01418d8ecabe,2026-06-07T14:10:59.750Z,instance-2,A,burst,heavy,heavy,k6,Exp_A_09,41,POST,/api/heavy,heavy,0.01,80.45,57.49,5,13.98,107.02,1018.08,1731.94,1843.61,4.8,0,966.93,200
2104b415-feb7-4691-a09e-f98fba198836,2026-06-07T14:10:59.750Z,instance-2,A,burst,heavy,heavy,k6,Exp_A_09,13,POST,/api/heavy,heavy,0.01,80.45,57.49,6,13.98,107.02,1018.08,1731.94,1843.61,5,0,1132.88,200
cc0fea9d-7ed1-43bc-8e51-1f2a5d51926a,2026-06-07T14:10:59.751Z,instance-2,A,burst,heavy,heavy,k6,Exp_A_09,43,POST,/api/heavy,heavy,0.01,80.45,57.49,7,13.98,107.02,1018.08,1731.94,1843.61,5.2,0,1289.52,200
0666ee48-a5a2-4715-9201-9d6ba74d4191,2026-06-07T14:10:59.752Z,instance-2,A,burst,heavy,heavy,k6,Exp_A_09,24,POST,/api/heavy,heavy,0.01,80.45,57.49,8,13.98,107.02,1018.08,1731.94,1843.61,5.4,0,1468.68,200
c744784e-abc8-4e48-a5d8-1e9abb19040a,2026-06-07T14:10:59.752Z,instance-2,A,burst,heavy,heavy,k6,Exp_A_09,14,POST,/api/heavy,heavy,0.01,80.45,57.49,9,13.98,107.02,1018.08,1731.94,1843.61,5.6,0,1628.04,200
77d30d6a-6d34-4c90-b5e5-95811acac418,2026-06-07T14:10:59.753Z,instance-2,A,burst,heavy,heavy,k6,Exp_A_09,28,POST,/api/heavy,heavy,0.01,80.45,57.49,10,13.98,107.02,1018.08,1731.94,1843.61,5.8,0,1824.84,200
a397f712-ac07-4786-99f9-9f355f2ec8cf,2026-06-07T14:11:00.208Z,instance-3,A,burst,heavy,heavy,k6,Exp_A_09,21,POST,/api/heavy,heavy,0.01,96.15,57.67,1,13.52,86.2,1041.57,1769.07,1952.1,4.2,0,165.54,200
866c303c-7b43-4752-b6e6-261b063102df,2026-06-07T14:11:00.209Z,instance-3,A,burst,heavy,heavy,k6,Exp_A_09,31,POST,/api/heavy,heavy,0.01,96.15,57.67,2,13.52,86.2,1041.57,1769.07,1952.1,4.4,0,347.67,200
3b7fb1fd-04f7-4783-a615-219e60d21864,2026-06-07T14:11:00.209Z,instance-3,A,burst,heavy,heavy,k6,Exp_A_09,26,POST,/api/heavy,heavy,0.01,96.15,57.67,3,13.52,86.2,1041.57,1769.07,1952.1,4.6,0,495.18,200
8efbf49e-bf30-4ced-acb9-0904a8508ad5,2026-06-07T14:11:00.210Z,instance-3,A,burst,heavy,heavy,k6,Exp_A_09,34,POST,/api/heavy,heavy,0.01,96.15,57.67,4,13.52,86.2,1041.57,1769.07,1952.1,4.8,0,666.74,200
ab179f43-622b-4b5f-9b2f-dd5010f12f00,2026-06-07T14:11:00.211Z,instance-3,A,burst,heavy,heavy,k6,Exp_A_09,47,POST,/api/heavy,heavy,0.01,96.15,57.67,5,13.52,86.2,1041.57,1769.07,1952.1,5,0,848.22,200
27973e09-091c-4567-aebb-e0f57471ff17,2026-06-07T14:11:00.211Z,instance-3,A,burst,heavy,heavy,k6,Exp_A_09,49,POST,/api/heavy,heavy,0.01,96.15,57.67,6,13.52,86.2,1041.57,1769.07,1952.1,5.2,0,1046.2,200
1e8d15c2-22d8-484d-9c26-0e025ae523bf,2026-06-07T14:11:00.211Z,instance-3,A,burst,heavy,heavy,k6,Exp_A_09,16,POST,/api/heavy,heavy,0.01,96.15,57.67,7,13.52,86.2,1041.57,1769.07,1952.1,5.4,0,1223.83,200
466c8367-a5f3-490b-bc31-a6f79a9656b3,2026-06-07T14:11:00.212Z,instance-3,A,burst,heavy,heavy,k6,Exp_A_09,19,POST,/api/heavy,heavy,0.01,96.15,57.67,8,13.52,86.2,1041.57,1769.07,1952.1,5.6,0,1363.27,200
4ba490ff-2c9e-4851-a537-2e841c4d2a3b,2026-06-07T14:11:00.212Z,instance-3,A,burst,heavy,heavy,k6,Exp_A_09,17,POST,/api/heavy,heavy,0.01,96.15,57.67,9,13.52,86.2,1041.57,1769.07,1952.1,5.8,0,1518.4,200
5d0fc1b5-29c2-4e88-b7d8-f93ecd89b9b2,2026-06-07T14:11:00.212Z,instance-3,A,burst,heavy,heavy,k6,Exp_A_09,4,POST,/api/heavy,heavy,0.01,96.15,57.67,10,13.52,86.2,1041.57,1769.07,1952.1,6,0,1683.27,200
0097fc65-66ec-4c4d-bc12-b1ec7ebf5514,2026-06-07T14:11:01.195Z,instance-1,A,burst,heavy,heavy,k6,Exp_A_09,39,POST,/api/heavy,heavy,0.01,114.05,57.54,1,15.22,88.46,1299.3,2196.24,2320.88,5,0,191.46,200
57a70fd2-a9fe-49ab-a48d-7e961dd58ff3,2026-06-07T14:11:01.196Z,instance-1,A,burst,heavy,heavy,k6,Exp_A_09,1,POST,/api/heavy,heavy,0.01,114.05,57.54,2,15.22,88.46,1299.3,2196.24,2320.88,5.2,0,388.59,200
669de48e-0866-454f-af13-d9327cf1906d,2026-06-07T14:11:01.197Z,instance-1,A,burst,heavy,heavy,k6,Exp_A_09,45,POST,/api/heavy,heavy,0.01,114.05,57.54,3,15.22,88.46,1299.3,2196.24,2320.88,5.4,0,575.19,200
a0ffff64-1134-449b-b2e0-61908351eea7,2026-06-07T14:11:01.197Z,instance-1,A,burst,heavy,heavy,k6,Exp_A_09,52,POST,/api/heavy,heavy,0.01,114.05,57.54,4,15.22,88.46,1299.3,2196.24,2320.88,5.6,0,758.93,200
82300de7-9d77-48de-9478-970283ba272f,2026-06-07T14:11:01.197Z,instance-1,A,burst,heavy,heavy,k6,Exp_A_09,9,POST,/api/heavy,heavy,0.01,114.05,57.54,5,15.22,88.46,1299.3,2196.24,2320.88,5.8,0,911.72,200
d1758cf3-5a8b-47ed-8193-107aa3d57099,2026-06-07T14:11:01.197Z,instance-1,A,burst,heavy,heavy,k6,Exp_A_09,29,POST,/api/heavy,heavy,0.01,114.05,57.54,6,15.22,88.46,1299.3,2196.24,2320.88,6,0,1073.67,200
a9423f25-a774-44ef-a804-80e474150e78,2026-06-07T14:11:01.198Z,instance-1,A,burst,heavy,heavy,k6,Exp_A_09,46,POST,/api/heavy,heavy,0.01,114.05,57.54,7,15.22,88.46,1299.3,2196.24,2320.88,6.2,0,1232.65,200
4c2542e9-8109-47c9-8506-edb53f301ded,2026-06-07T14:11:01.198Z,instance-1,A,burst,heavy,heavy,k6,Exp_A_09,15,POST,/api/heavy,heavy,0.01,114.05,57.54,8,15.22,88.46,1299.3,2196.24,2320.88,6.4,0,1407.33,200
f11e1a7e-1c31-474c-a94d-117ee3312083,2026-06-07T14:11:01.198Z,instance-1,A,burst,heavy,heavy,k6,Exp_A_09,38,POST,/api/heavy,heavy,0.01,114.05,57.54,9,15.22,88.46,1299.3,2196.24,2320.88,6.6,0,1589.37,200
27d5d4da-38ce-4925-ab38-07e9f2f4ec93,2026-06-07T14:11:01.198Z,instance-1,A,burst,heavy,heavy,k6,Exp_A_09,58,POST,/api/heavy,heavy,0.01,114.05,57.54,10,15.22,88.46,1299.3,2196.24,2320.88,6.8,0,1788.66,200
9bb909cc-e698-440b-837f-e6e5a4f04879,2026-06-07T14:11:01.198Z,instance-1,A,burst,heavy,heavy,k6,Exp_A_09,23,POST,/api/heavy,heavy,0.01,114.05,57.54,11,15.22,88.46,1299.3,2196.24,2320.88,7,0,1983.18,200
6339c8b2-9827-45e8-9b8d-e168ddc68a4e,2026-06-07T14:11:01.198Z,instance-1,A,burst,heavy,heavy,k6,Exp_A_09,3,POST,/api/heavy,heavy,0.01,114.05,57.54,12,15.22,88.46,1299.3,2196.24,2320.88,7.2,0,2126.34,200
3dc05082-9808-420a-a71c-f447b2da6a56,2026-06-07T14:11:01.588Z,instance-2,A,burst,heavy,heavy,k6,Exp_A_09,32,POST,/api/heavy,heavy,0.01,88.3,57.63,1,11.36,113.02,1049.36,1824.84,1843.61,4.2,0,202.63,200
75f39117-eff2-412c-924c-b57831d3f2cf,2026-06-07T14:11:01.588Z,instance-2,A,burst,heavy,heavy,k6,Exp_A_09,42,POST,/api/heavy,heavy,0.01,88.3,57.63,2,11.36,113.02,1049.36,1824.84,1843.61,4.4,0,398.39,200
037db049-fa5d-4ca3-ab95-0243ee11f322,2026-06-07T14:11:01.589Z,instance-2,A,burst,heavy,heavy,k6,Exp_A_09,30,POST,/api/heavy,heavy,0.01,88.3,57.63,3,11.36,113.02,1049.36,1824.84,1843.61,4.6,0,588.95,200
a451c474-6c7c-4ae2-a4fa-695f686bb162,2026-06-07T14:11:01.589Z,instance-2,A,burst,heavy,heavy,k6,Exp_A_09,37,POST,/api/heavy,heavy,0.01,88.3,57.63,4,11.36,113.02,1049.36,1824.84,1843.61,4.8,0,770.39,200
7c9a2824-71f1-4d42-b401-fc45f2602b85,2026-06-07T14:11:01.590Z,instance-2,A,burst,heavy,heavy,k6,Exp_A_09,11,POST,/api/heavy,heavy,0.01,88.3,57.63,5,11.36,113.02,1049.36,1824.84,1843.61,5,0,943.07,200
81bc36bd-1545-4ac1-8d24-235128dc513e,2026-06-07T14:11:01.590Z,instance-2,A,burst,heavy,heavy,k6,Exp_A_09,10,POST,/api/heavy,heavy,0.01,88.3,57.63,6,11.36,113.02,1049.36,1824.84,1843.61,5.2,0,1100.06,200
fa447b99-d4c9-48d0-abc9-6f43ae88bdf0,2026-06-07T14:11:01.590Z,instance-2,A,burst,heavy,heavy,k6,Exp_A_09,20,POST,/api/heavy,heavy,0.01,88.3,57.63,7,11.36,113.02,1049.36,1824.84,1843.61,5.4,0,1247.15,200
188ccb4f-7c11-409b-904f-25364f468c72,2026-06-07T14:11:01.590Z,instance-2,A,burst,heavy,heavy,k6,Exp_A_09,53,POST,/api/heavy,heavy,0.01,88.3,57.63,8,11.36,113.02,1049.36,1824.84,1843.61,5.6,0,1394.78,200
3f247846-aebc-4e80-a20e-f596e7cc0c1f,2026-06-07T14:11:01.590Z,instance-2,A,burst,heavy,heavy,k6,Exp_A_09,21,POST,/api/heavy,heavy,0.01,88.3,57.63,9,11.36,113.02,1049.36,1824.84,1843.61,5.8,0,1557.71,200
448a5286-3df2-4ede-ad0e-d14e2d4134e7,2026-06-07T14:11:01.590Z,instance-2,A,burst,heavy,heavy,k6,Exp_A_09,44,POST,/api/heavy,heavy,0.01,88.3,57.63,10,11.36,113.02,1049.36,1824.84,1843.61,6,0,1763.16,200
f6b064e1-df01-4ca2-84b3-241366868822,2026-06-07T14:11:01.904Z,instance-3,A,burst,heavy,heavy,k6,Exp_A_09,36,POST,/api/heavy,heavy,0.01,178.1,57.82,1,13.14,121.35,945.58,1697.6,1769.07,4.2,0,177.34,200
52286eae-9e3b-4420-b847-0254a0d327e5,2026-06-07T14:11:01.905Z,instance-3,A,burst,heavy,heavy,k6,Exp_A_09,27,POST,/api/heavy,heavy,0.01,178.1,57.82,2,13.14,121.35,945.58,1697.6,1769.07,4.4,0,379.25,200
2e44ad28-94aa-41ce-b91e-85db77b5db23,2026-06-07T14:11:01.905Z,instance-3,A,burst,heavy,heavy,k6,Exp_A_09,22,POST,/api/heavy,heavy,0.01,178.1,57.82,3,13.14,121.35,945.58,1697.6,1769.07,4.6,0,574.35,200
49dd6fac-5dcd-419a-a9d8-aa7fc24f8d9c,2026-06-07T14:11:01.905Z,instance-3,A,burst,heavy,heavy,k6,Exp_A_09,25,POST,/api/heavy,heavy,0.01,178.1,57.82,4,13.14,121.35,945.58,1697.6,1769.07,4.8,0,768.08,200
874b7ccc-88ca-4405-854b-1b2fdef3117b,2026-06-07T14:11:01.906Z,instance-3,A,burst,heavy,heavy,k6,Exp_A_09,2,POST,/api/heavy,heavy,0.01,178.1,57.82,5,13.14,121.35,945.58,1697.6,1769.07,5,0,950.41,200
cd2587fe-6c1e-45e7-8e33-8e5309d3dea0,2026-06-07T14:11:01.906Z,instance-3,A,burst,heavy,heavy,k6,Exp_A_09,18,POST,/api/heavy,heavy,0.01,178.1,57.82,6,13.14,121.35,945.58,1697.6,1769.07,5.2,0,1128.87,200
74b7dade-9026-4435-a113-c5e6b3a59dc0,2026-06-07T14:11:01.906Z,instance-3,A,burst,heavy,heavy,k6,Exp_A_09,31,POST,/api/heavy,heavy,0.01,178.1,57.82,7,13.14,121.35,945.58,1697.6,1769.07,5.4,0,1297.49,200
4d1b4fe3-6b24-4503-8f87-b919977a38a0,2026-06-07T14:11:01.906Z,instance-3,A,burst,heavy,heavy,k6,Exp_A_09,8,POST,/api/heavy,heavy,0.01,178.1,57.82,8,13.14,121.35,945.58,1697.6,1769.07,5.6,0,1506.9,200
0143c171-cd69-46e6-8098-09091d85143b,2026-06-07T14:11:03.425Z,instance-3,A,burst,heavy,heavy,k6,Exp_A_09,19,POST,/api/heavy,heavy,0.01,83.6,57.96,1,10.47,111.91,936.21,1697.6,1769.07,5.8,0,161.04,200
6319cb8b-2953-44b0-8888-a0e938015952,2026-06-07T14:11:03.425Z,instance-3,A,burst,heavy,heavy,k6,Exp_A_09,28,POST,/api/heavy,heavy,0.01,83.6,57.96,2,10.47,111.91,936.21,1697.6,1769.07,6,0,350.85,200
93ed34b3-df08-48f0-9880-ef41c5b86ca0,2026-06-07T14:11:03.426Z,instance-3,A,burst,heavy,heavy,k6,Exp_A_09,9,POST,/api/heavy,heavy,0.01,83.6,57.96,3,10.47,111.91,936.21,1697.6,1769.07,6.2,0,500.49,200
84f1abab-f4d9-49b6-8099-cf3e703d9c8d,2026-06-07T14:11:03.426Z,instance-3,A,burst,heavy,heavy,k6,Exp_A_09,30,POST,/api/heavy,heavy,0.01,83.6,57.96,4,10.47,111.91,936.21,1697.6,1769.07,6.4,0,700.53,200
741f89bc-f652-4964-82e6-861fdb9ce2de,2026-06-07T14:11:03.365Z,instance-2,A,burst,heavy,heavy,k6,Exp_A_09,47,POST,/api/heavy,heavy,0.01,92.2,57.77,1,12.8,86.98,1072.9,1824.84,1843.61,4.2,0,226.21,200
48853c83-07df-4ae3-8339-55dc70c0e92a,2026-06-07T14:11:03.365Z,instance-2,A,burst,heavy,heavy,k6,Exp_A_09,16,POST,/api/heavy,heavy,0.01,92.2,57.77,2,12.8,86.98,1072.9,1824.84,1843.61,4.4,0,391.54,200
6f1fe831-605c-4e9f-ada3-7285bf619cc9,2026-06-07T14:11:03.366Z,instance-2,A,burst,heavy,heavy,k6,Exp_A_09,52,POST,/api/heavy,heavy,0.01,92.2,57.77,3,12.8,86.98,1072.9,1824.84,1843.61,4.6,0,549.62,200
a3ed1807-7335-47e0-b4cf-054b91f66bd3,2026-06-07T14:11:03.366Z,instance-2,A,burst,heavy,heavy,k6,Exp_A_09,36,POST,/api/heavy,heavy,0.01,92.2,57.77,4,12.8,86.98,1072.9,1824.84,1843.61,4.8,0,733.65,200
198b3dbb-f6d1-4085-b325-dec3f05989f4,2026-06-07T14:11:03.367Z,instance-2,A,burst,heavy,heavy,k6,Exp_A_09,27,POST,/api/heavy,heavy,0.01,92.2,57.77,5,12.8,86.98,1072.9,1824.84,1843.61,5,0,912.13,200
bec274af-2f62-4b18-9a1b-b0a9654dd4bb,2026-06-07T14:11:03.334Z,instance-1,A,burst,heavy,heavy,k6,Exp_A_09,5,POST,/api/heavy,heavy,0.01,107.8,57.72,1,11.41,100.17,1269.42,2126.34,2196.24,5,0,210.05,200
87dfe271-bb5f-4aee-ac8e-a4a36c77a273,2026-06-07T14:11:03.334Z,instance-1,A,burst,heavy,heavy,k6,Exp_A_09,6,POST,/api/heavy,heavy,0.01,107.8,57.72,2,11.41,100.17,1269.42,2126.34,2196.24,5.2,0,372.58,200
643f4ba7-7fe3-44ac-bb23-393ac1327fc5,2026-06-07T14:11:03.336Z,instance-1,A,burst,heavy,heavy,k6,Exp_A_09,13,POST,/api/heavy,heavy,0.01,107.8,57.72,3,11.41,100.17,1269.42,2126.34,2196.24,5.4,0,586.34,200
752973ed-cb45-4b73-a7e1-47e303ad75e5,2026-06-07T14:11:03.337Z,instance-1,A,burst,heavy,heavy,k6,Exp_A_09,43,POST,/api/heavy,heavy,0.01,107.8,57.72,4,11.41,100.17,1269.42,2126.34,2196.24,5.6,0,724.99,200
75dd5563-eefc-4751-92af-71c93fda4e72,2026-06-07T14:11:03.337Z,instance-1,A,burst,heavy,heavy,k6,Exp_A_09,39,POST,/api/heavy,heavy,0.01,107.8,57.72,5,11.41,100.17,1269.42,2126.34,2196.24,5.8,0,880.45,200
52ea9212-bd08-4ac5-9b99-2d8011c40e50,2026-06-07T14:11:03.337Z,instance-1,A,burst,heavy,heavy,k6,Exp_A_09,4,POST,/api/heavy,heavy,0.01,107.8,57.72,6,11.41,100.17,1269.42,2126.34,2196.24,6,0,1118.22,200
86649b27-f2a5-4486-be87-0d4fd45f9f4d,2026-06-07T14:11:03.338Z,instance-1,A,burst,heavy,heavy,k6,Exp_A_09,42,POST,/api/heavy,heavy,0.01,107.8,57.72,7,11.41,100.17,1269.42,2126.34,2196.24,6.2,0,1321.2,200
f32d1010-3992-4318-946e-bd83f554af72,2026-06-07T14:11:03.338Z,instance-1,A,burst,heavy,heavy,k6,Exp_A_09,29,POST,/api/heavy,heavy,0.01,107.8,57.72,8,11.41,100.17,1269.42,2126.34,2196.24,6.4,0,1459.76,200
016a67bd-cb6a-4487-9105-2d8278b308dd,2026-06-07T14:11:04.127Z,instance-3,A,burst,heavy,heavy,k6,Exp_A_09,22,POST,/api/heavy,heavy,0.01,170.3,58.02,1,12.06,132.04,899.47,1683.27,1697.6,4.6,0,177.35,200
e2a99aae-0170-4f05-81bc-60e548c9a005,2026-06-07T14:11:04.128Z,instance-3,A,burst,heavy,heavy,k6,Exp_A_09,11,POST,/api/heavy,heavy,0.01,170.3,58.02,2,12.06,132.04,899.47,1683.27,1697.6,4.8,0,318.25,200
63c7a555-6377-4655-b181-8cbb9523615d,2026-06-07T14:11:04.128Z,instance-3,A,burst,heavy,heavy,k6,Exp_A_09,41,POST,/api/heavy,heavy,0.01,170.3,58.02,3,12.06,132.04,899.47,1683.27,1697.6,5,0,457,200
8324556f-f447-4062-a6a7-07854af0dd8e,2026-06-07T14:11:04.128Z,instance-3,A,burst,heavy,heavy,k6,Exp_A_09,26,POST,/api/heavy,heavy,0.01,170.3,58.02,4,12.06,132.04,899.47,1683.27,1697.6,5.2,0,618.96,200
a2275fcb-002d-45e1-95ff-1f76a9614277,2026-06-07T14:11:04.128Z,instance-3,A,burst,heavy,heavy,k6,Exp_A_09,34,POST,/api/heavy,heavy,0.01,170.3,58.02,5,12.06,132.04,899.47,1683.27,1697.6,5.4,0,792.13,200
8fbf1e85-4b35-4f77-a288-fead0d711a42,2026-06-07T14:11:04.128Z,instance-3,A,burst,heavy,heavy,k6,Exp_A_09,53,POST,/api/heavy,heavy,0.01,170.3,58.02,6,12.06,132.04,899.47,1683.27,1697.6,5.6,0,950.49,200
ea5774df-b1e6-49b2-83dc-2879bf329e80,2026-06-07T14:11:04.280Z,instance-2,A,burst,heavy,heavy,k6,Exp_A_09,46,POST,/api/heavy,heavy,0.01,176.5,57.8,1,12.85,109.36,1002.96,1824.84,1843.61,5.2,0,179.04,200
8fcf38ca-6fa7-458e-824a-4dd1524e48ad,2026-06-07T14:11:04.281Z,instance-2,A,burst,heavy,heavy,k6,Exp_A_09,15,POST,/api/heavy,heavy,0.01,176.5,57.8,2,12.85,109.36,1002.96,1824.84,1843.61,5.4,0,354.38,200
c3d67db3-f6c8-48ef-aa85-e2acbeaed140,2026-06-07T14:11:04.282Z,instance-2,A,burst,heavy,heavy,k6,Exp_A_09,10,POST,/api/heavy,heavy,0.01,176.5,57.8,3,12.85,109.36,1002.96,1824.84,1843.61,5.6,0,574.39,200
26ef90d2-927d-4378-8780-e664b54a8c8f,2026-06-07T14:11:04.282Z,instance-2,A,burst,heavy,heavy,k6,Exp_A_09,20,POST,/api/heavy,heavy,0.01,176.5,57.8,4,12.85,109.36,1002.96,1824.84,1843.61,5.8,0,755.79,200
b139f34c-5bb4-4b6c-af0d-fdef4da7ec48,2026-06-07T14:11:04.282Z,instance-2,A,burst,heavy,heavy,k6,Exp_A_09,2,POST,/api/heavy,heavy,0.01,176.5,57.8,5,12.85,109.36,1002.96,1824.84,1843.61,6,0,944.52,200
114e6c8f-0cab-42a1-93b2-081f7b694f1d,2026-06-07T14:11:04.283Z,instance-2,A,burst,heavy,heavy,k6,Exp_A_09,18,POST,/api/heavy,heavy,0.01,176.5,57.8,6,12.85,109.36,1002.96,1824.84,1843.61,6.2,0,1124.75,200
c5a510a4-40cb-4114-9c73-5156472b29df,2026-06-07T14:11:04.284Z,instance-2,A,burst,heavy,heavy,k6,Exp_A_09,21,POST,/api/heavy,heavy,0.01,176.5,57.8,7,12.85,109.36,1002.96,1824.84,1843.61,6.4,0,1292.96,200
98a6a414-18d0-4a37-b0d5-88f85766b3f4,2026-06-07T14:11:04.284Z,instance-2,A,burst,heavy,heavy,k6,Exp_A_09,24,POST,/api/heavy,heavy,0.01,176.5,57.8,8,12.85,109.36,1002.96,1824.84,1843.61,6.6,0,1487.33,200
761d6771-d214-4f3d-a52b-c5d4072c6254,2026-06-07T14:11:05.090Z,instance-3,A,burst,heavy,heavy,k6,Exp_A_09,23,POST,/api/heavy,heavy,0.01,146.9,58.17,1,1.83,135.01,788.47,1683.27,1697.6,5.8,0,177.34,200
4132bc64-45df-443a-af86-02ecbc13db3d,2026-06-07T14:11:05.090Z,instance-3,A,burst,heavy,heavy,k6,Exp_A_09,31,POST,/api/heavy,heavy,0.01,146.9,58.17,2,1.83,135.01,788.47,1683.27,1697.6,6,0,390.54,200
b3dabf08-94a0-4e6f-a7df-3431776bfa19,2026-06-07T14:11:05.091Z,instance-3,A,burst,heavy,heavy,k6,Exp_A_09,44,POST,/api/heavy,heavy,0.01,146.9,58.17,3,1.83,135.01,788.47,1683.27,1697.6,6.2,0,553.11,200
ead626fe-2d00-4313-9253-5f6b855b548b,2026-06-07T14:11:05.091Z,instance-3,A,burst,heavy,heavy,k6,Exp_A_09,14,POST,/api/heavy,heavy,0.01,146.9,58.17,4,1.83,135.01,788.47,1683.27,1697.6,6.4,0,754.48,200
dcab8777-9da6-49e3-a2fd-9acbabed45f5,2026-06-07T14:11:05.091Z,instance-3,A,burst,heavy,heavy,k6,Exp_A_09,1,POST,/api/heavy,heavy,0.01,146.9,58.17,5,1.83,135.01,788.47,1683.27,1697.6,6.6,0,895.69,200
365f27fd-0ce8-4306-af8f-b1283e2127df,2026-06-07T14:11:05.091Z,instance-3,A,burst,heavy,heavy,k6,Exp_A_09,6,POST,/api/heavy,heavy,0.01,146.9,58.17,6,1.83,135.01,788.47,1683.27,1697.6,6.8,0,1111.71,200
8018a63f-722f-4d4e-af78-8f4130c9cca7,2026-06-07T14:11:05.091Z,instance-3,A,burst,heavy,heavy,k6,Exp_A_09,32,POST,/api/heavy,heavy,0.01,146.9,58.17,7,1.83,135.01,788.47,1683.27,1697.6,7,0,1253.18,200
bff803d4-9a3a-46de-99ba-dd1af0993d9c,2026-06-07T14:11:05.092Z,instance-3,A,burst,heavy,heavy,k6,Exp_A_09,52,POST,/api/heavy,heavy,0.01,146.9,58.17,8,1.83,135.01,788.47,1683.27,1697.6,7.2,0,1396.92,200
dc547b8e-6ae3-46a5-9bdd-39cf48d3b06a,2026-06-07T14:11:04.807Z,instance-1,A,burst,heavy,heavy,k6,Exp_A_09,37,POST,/api/heavy,heavy,0.01,207.9,57.76,1,13.11,143.25,1170.92,2120.58,2126.34,4.2,0,209.16,200
98cbd0cc-3895-429f-bde4-5d512cf584e4,2026-06-07T14:11:04.807Z,instance-1,A,burst,heavy,heavy,k6,Exp_A_09,12,POST,/api/heavy,heavy,0.01,207.9,57.76,2,13.11,143.25,1170.92,2120.58,2126.34,4.4,0,388.31,200
b547d1b9-d082-4477-aaf2-799f8fd05c18,2026-06-07T14:11:04.808Z,instance-1,A,burst,heavy,heavy,k6,Exp_A_09,25,POST,/api/heavy,heavy,0.01,207.9,57.76,3,13.11,143.25,1170.92,2120.58,2126.34,4.6,0,558.04,200
438f27a0-ef9b-4cc3-9ce3-b0f9d9fe27ac,2026-06-07T14:11:04.808Z,instance-1,A,burst,heavy,heavy,k6,Exp_A_09,38,POST,/api/heavy,heavy,0.01,207.9,57.76,4,13.11,143.25,1170.92,2120.58,2126.34,4.8,0,706.49,200
437cc759-d8ee-4e1e-b3d8-b04a9cd92827,2026-06-07T14:11:04.809Z,instance-1,A,burst,heavy,heavy,k6,Exp_A_09,7,POST,/api/heavy,heavy,0.01,207.9,57.76,5,13.11,143.25,1170.92,2120.58,2126.34,5,0,868.95,200
ed465def-a52e-4735-8b71-9a25989e9f82,2026-06-07T14:11:04.809Z,instance-1,A,burst,heavy,heavy,k6,Exp_A_09,58,POST,/api/heavy,heavy,0.01,207.9,57.76,6,13.11,143.25,1170.92,2120.58,2126.34,5.2,0,1040.63,200
68b2ccc8-6996-4deb-8acf-fd38f755c398,2026-06-07T14:11:04.810Z,instance-1,A,burst,heavy,heavy,k6,Exp_A_09,35,POST,/api/heavy,heavy,0.01,207.9,57.76,7,13.11,143.25,1170.92,2120.58,2126.34,5.4,0,1199.88,200
b30d5e4d-0627-4138-9a35-432cb9e216f8,2026-06-07T14:11:04.810Z,instance-1,A,burst,heavy,heavy,k6,Exp_A_09,33,POST,/api/heavy,heavy,0.01,207.9,57.76,8,13.11,143.25,1170.92,2120.58,2126.34,5.6,0,1376.34,200
bd449155-c0d4-4439-82cf-c705ae6e5ef5,2026-06-07T14:11:04.811Z,instance-1,A,burst,heavy,heavy,k6,Exp_A_09,49,POST,/api/heavy,heavy,0.01,207.9,57.76,9,13.11,143.25,1170.92,2120.58,2126.34,5.8,0,1560.97,200
8b20cd3b-af6d-4bc0-9d45-300d8f8df1cf,2026-06-07T14:11:04.812Z,instance-1,A,burst,heavy,heavy,k6,Exp_A_09,8,POST,/api/heavy,heavy,0.01,207.9,57.76,10,13.11,143.25,1170.92,2120.58,2126.34,6,0,1749.96,200
13955e4f-776f-4aa1-8951-a360db6ef58c,2026-06-07T14:11:04.812Z,instance-1,A,burst,heavy,heavy,k6,Exp_A_09,19,POST,/api/heavy,heavy,0.01,207.9,57.76,11,13.11,143.25,1170.92,2120.58,2126.34,6.2,0,1899.98,200
d44f71b1-952f-4c06-b4a0-b43bf9378dc1,2026-06-07T14:11:04.812Z,instance-1,A,burst,heavy,heavy,k6,Exp_A_09,16,POST,/api/heavy,heavy,0.01,207.9,57.76,12,13.11,143.25,1170.92,2120.58,2126.34,6.4,0,2059.83,200
2a90c4d4-199c-488f-8109-ac18c94a501f,2026-06-07T14:11:04.812Z,instance-1,A,burst,heavy,heavy,k6,Exp_A_09,28,POST,/api/heavy,heavy,0.01,207.9,57.76,13,13.11,143.25,1170.92,2120.58,2126.34,6.6,0,2277.81,200
10ecbf8a-49e1-4ffe-bd2f-eaf8674a4687,2026-06-07T14:11:05.782Z,instance-2,A,burst,heavy,heavy,k6,Exp_A_09,3,POST,/api/heavy,heavy,0.01,173.4,57.94,1,5.08,132.6,958.45,1763.16,1824.84,4.8,0,217.12,200
109d5ff9-33ad-422d-bbeb-e271e1b14fdc,2026-06-07T14:11:05.783Z,instance-2,A,burst,heavy,heavy,k6,Exp_A_09,5,POST,/api/heavy,heavy,0.01,173.4,57.94,2,5.08,132.6,958.45,1763.16,1824.84,5,0,363.94,200
51628171-0a88-47b2-935c-3dba562f2cb0,2026-06-07T14:11:05.783Z,instance-2,A,burst,heavy,heavy,k6,Exp_A_09,47,POST,/api/heavy,heavy,0.01,173.4,57.94,3,5.08,132.6,958.45,1763.16,1824.84,5.2,0,558.1,200
cadd618c-bda8-4d84-b124-b38a53e75650,2026-06-07T14:11:05.784Z,instance-2,A,burst,heavy,heavy,k6,Exp_A_09,17,POST,/api/heavy,heavy,0.01,173.4,57.94,4,5.08,132.6,958.45,1763.16,1824.84,5.4,0,774.65,200
89f80f97-5ef8-4758-9380-65d7c1e8c5c2,2026-06-07T14:11:05.784Z,instance-2,A,burst,heavy,heavy,k6,Exp_A_09,45,POST,/api/heavy,heavy,0.01,173.4,57.94,5,5.08,132.6,958.45,1763.16,1824.84,5.6,0,1006.58,200
7002bdeb-6894-4df9-978f-46439581f8e0,2026-06-07T14:11:05.785Z,instance-2,A,burst,heavy,heavy,k6,Exp_A_09,9,POST,/api/heavy,heavy,0.01,173.4,57.94,6,5.08,132.6,958.45,1763.16,1824.84,5.8,0,1163.99,200
5fbf1c6a-0844-4006-8925-85b567e41f7c,2026-06-07T14:11:05.786Z,instance-2,A,burst,heavy,heavy,k6,Exp_A_09,36,POST,/api/heavy,heavy,0.01,173.4,57.94,7,5.08,132.6,958.45,1763.16,1824.84,6,0,1329.73,200
06e12191-ec1f-4742-88dd-463273aaa0d1,2026-06-07T14:11:05.786Z,instance-2,A,burst,heavy,heavy,k6,Exp_A_09,22,POST,/api/heavy,heavy,0.01,173.4,57.94,8,5.08,132.6,958.45,1763.16,1824.84,6.2,0,1505.83,200
47293a53-f11e-4617-882d-a45620c57475,2026-06-07T14:11:05.787Z,instance-2,A,burst,heavy,heavy,k6,Exp_A_09,4,POST,/api/heavy,heavy,0.01,173.4,57.94,9,5.08,132.6,958.45,1763.16,1824.84,6.4,0,1664.19,200
2aee1002-b499-4749-8abc-dcf4df342783,2026-06-07T14:11:05.787Z,instance-2,A,burst,heavy,heavy,k6,Exp_A_09,42,POST,/api/heavy,heavy,0.01,173.4,57.94,10,5.08,132.6,958.45,1763.16,1824.84,6.6,0,1845.3,200
60416cd4-af18-4232-9751-28f43322a560,2026-06-07T14:11:06.499Z,instance-3,A,burst,heavy,heavy,k6,Exp_A_09,30,POST,/api/heavy,heavy,0.01,146.9,58.17,1,12.08,135.01,789.92,1518.4,1683.27,5.4,0,160.54,200
31e0e626-5797-487d-a03f-549f2c48f2d2,2026-06-07T14:11:06.499Z,instance-3,A,burst,heavy,heavy,k6,Exp_A_09,39,POST,/api/heavy,heavy,0.01,146.9,58.17,2,12.08,135.01,789.92,1518.4,1683.27,5.6,0,336.93,200
a30e945f-a4fb-48c2-afb7-e29d855f99f6,2026-06-07T14:11:06.500Z,instance-3,A,burst,heavy,heavy,k6,Exp_A_09,46,POST,/api/heavy,heavy,0.01,146.9,58.17,3,12.08,135.01,789.92,1518.4,1683.27,5.8,0,509.79,200
698dd22a-9d7f-44f4-9d00-9df94fcef722,2026-06-07T14:11:06.501Z,instance-3,A,burst,heavy,heavy,k6,Exp_A_09,41,POST,/api/heavy,heavy,0.01,146.9,58.17,4,12.08,135.01,789.92,1518.4,1683.27,6,0,674.36,200
c719ad83-75b2-49f4-b99b-ca21f747d0ef,2026-06-07T14:11:06.501Z,instance-3,A,burst,heavy,heavy,k6,Exp_A_09,10,POST,/api/heavy,heavy,0.01,146.9,58.17,5,12.08,135.01,789.92,1518.4,1683.27,6.2,0,868.85,200
4337930b-f71d-43dd-868a-1ee3a9229cd7,2026-06-07T14:11:06.501Z,instance-3,A,burst,heavy,heavy,k6,Exp_A_09,34,POST,/api/heavy,heavy,0.01,146.9,58.17,6,12.08,135.01,789.92,1518.4,1683.27,6.4,0,1076.09,200
0d008dd1-3fd5-4a36-8396-7159b1467f74,2026-06-07T14:11:06.502Z,instance-3,A,burst,heavy,heavy,k6,Exp_A_09,2,POST,/api/heavy,heavy,0.01,146.9,58.17,7,12.08,135.01,789.92,1518.4,1683.27,6.6,0,1285.25,200
a74fdfe5-65d9-4530-9aa7-6e1bf045f528,2026-06-07T14:11:06.502Z,instance-3,A,burst,heavy,heavy,k6,Exp_A_09,23,POST,/api/heavy,heavy,0.01,146.9,58.17,8,12.08,135.01,789.92,1518.4,1683.27,6.8,0,1461.27,200
c499f3c1-e0db-4d61-953d-19bfdf4c2fc4,2026-06-07T14:11:07.974Z,instance-3,A,burst,heavy,heavy,k6,Exp_A_09,21,POST,/api/heavy,heavy,0.01,53.13,58.34,1,12.08,113.48,754.01,1461.27,1506.9,5.4,0,169.43,200
d9a6807a-e680-4c56-89ad-03842d455179,2026-06-07T14:11:07.974Z,instance-3,A,burst,heavy,heavy,k6,Exp_A_09,44,POST,/api/heavy,heavy,0.01,53.13,58.34,2,12.08,113.48,754.01,1461.27,1506.9,5.6,0,331.03,200
98e535f1-ef52-43e9-b81e-835204e913a3,2026-06-07T14:11:07.975Z,instance-3,A,burst,heavy,heavy,k6,Exp_A_09,1,POST,/api/heavy,heavy,0.01,53.13,58.34,3,12.08,113.48,754.01,1461.27,1506.9,5.8,0,515.44,200
13c46cce-8772-47cf-9a60-91378185c41d,2026-06-07T14:11:07.975Z,instance-3,A,burst,heavy,heavy,k6,Exp_A_09,3,POST,/api/heavy,heavy,0.01,53.13,58.34,4,12.08,113.48,754.01,1461.27,1506.9,6,0,685.14,200
1df76814-4d72-48d8-bede-4ae282aa6986,2026-06-07T14:11:07.976Z,instance-3,A,burst,heavy,heavy,k6,Exp_A_09,47,POST,/api/heavy,heavy,0.01,53.13,58.34,5,12.08,113.48,754.01,1461.27,1506.9,6.2,0,840.6,200
8632cd80-9822-4259-bb77-03b1100d1a8a,2026-06-07T14:11:07.976Z,instance-3,A,burst,heavy,heavy,k6,Exp_A_09,32,POST,/api/heavy,heavy,0.01,53.13,58.34,6,12.08,113.48,754.01,1461.27,1506.9,6.4,0,1013.79,200
a3820d05-e9c9-4e31-9d61-a87a6e033c71,2026-06-07T14:11:07.977Z,instance-3,A,burst,heavy,heavy,k6,Exp_A_09,30,POST,/api/heavy,heavy,0.01,53.13,58.34,7,12.08,113.48,754.01,1461.27,1506.9,6.6,0,1188.24,200
da3f0806-1e64-4ec2-b270-d79187979b2d,2026-06-07T14:11:07.977Z,instance-3,A,burst,heavy,heavy,k6,Exp_A_09,19,POST,/api/heavy,heavy,0.01,53.13,58.34,8,12.08,113.48,754.01,1461.27,1506.9,6.8,0,1349.94,200
ebc870cb-2402-4c2d-a190-60c38e347ebf,2026-06-07T14:11:07.099Z,instance-1,A,burst,heavy,heavy,k6,Exp_A_09,13,POST,/api/heavy,heavy,0.01,71.33,57.91,1,14.3,129.01,1195.96,2126.34,2277.81,4.4,0,222.37,200
fafd49d2-3f1b-4cf9-97f6-ceea4e926f03,2026-06-07T14:11:07.099Z,instance-1,A,burst,heavy,heavy,k6,Exp_A_09,43,POST,/api/heavy,heavy,0.01,71.33,57.91,2,14.3,129.01,1195.96,2126.34,2277.81,4.6,0,381.13,200
7ef84e11-c256-40ce-88cd-5914dc3903e4,2026-06-07T14:11:07.100Z,instance-1,A,burst,heavy,heavy,k6,Exp_A_09,27,POST,/api/heavy,heavy,0.01,71.33,57.91,3,14.3,129.01,1195.96,2126.34,2277.81,4.8,0,540.54,200
0d20a0f4-8b34-4f5d-84dd-1e531a18eb6c,2026-06-07T14:11:07.101Z,instance-1,A,burst,heavy,heavy,k6,Exp_A_09,11,POST,/api/heavy,heavy,0.01,71.33,57.91,4,14.3,129.01,1195.96,2126.34,2277.81,5,0,714.48,200
f3357cb9-d411-4f8c-a925-3237759f0239,2026-06-07T14:11:07.101Z,instance-1,A,burst,heavy,heavy,k6,Exp_A_09,15,POST,/api/heavy,heavy,0.01,71.33,57.91,5,14.3,129.01,1195.96,2126.34,2277.81,5.2,0,915.28,200
b2fa9199-39fa-4fdb-8e3d-b521aed888c8,2026-06-07T14:11:07.102Z,instance-1,A,burst,heavy,heavy,k6,Exp_A_09,26,POST,/api/heavy,heavy,0.01,71.33,57.91,6,14.3,129.01,1195.96,2126.34,2277.81,5.4,0,1081.77,200
157f60ae-4b3a-4135-a80e-efd48e056a37,2026-06-07T14:11:07.103Z,instance-1,A,burst,heavy,heavy,k6,Exp_A_09,37,POST,/api/heavy,heavy,0.01,71.33,57.91,7,14.3,129.01,1195.96,2126.34,2277.81,5.6,0,1259.93,200
482c24e6-ea19-4cc5-95dc-6cf73fc7b588,2026-06-07T14:11:07.104Z,instance-1,A,burst,heavy,heavy,k6,Exp_A_09,53,POST,/api/heavy,heavy,0.01,71.33,57.91,8,14.3,129.01,1195.96,2126.34,2277.81,5.8,0,1442.8,200
54eed685-e74f-4db4-9c05-57b0aaae28d3,2026-06-07T14:11:07.105Z,instance-1,A,burst,heavy,heavy,k6,Exp_A_09,25,POST,/api/heavy,heavy,0.01,71.33,57.91,9,14.3,129.01,1195.96,2126.34,2277.81,6,0,1647.91,200
e0f86e73-c7dd-4cf8-9f61-ce754a58c7d0,2026-06-07T14:11:07.105Z,instance-1,A,burst,heavy,heavy,k6,Exp_A_09,31,POST,/api/heavy,heavy,0.01,71.33,57.91,10,14.3,129.01,1195.96,2126.34,2277.81,6.2,0,1836.7,200
6d5488e7-2b7e-4ea0-b6dd-6f8c22b21dd9,2026-06-07T14:11:07.106Z,instance-1,A,burst,heavy,heavy,k6,Exp_A_09,7,POST,/api/heavy,heavy,0.01,71.33,57.91,11,14.3,129.01,1195.96,2126.34,2277.81,6.4,0,1996.34,200
50d8f329-89b3-4b50-84b0-30d94f421cc7,2026-06-07T14:11:07.106Z,instance-1,A,burst,heavy,heavy,k6,Exp_A_09,14,POST,/api/heavy,heavy,0.01,71.33,57.91,12,14.3,129.01,1195.96,2126.34,2277.81,6.6,0,2155.4,200
6eeff34e-67c4-46f1-b34e-0602a1dbcc96,2026-06-07T14:11:07.107Z,instance-1,A,burst,heavy,heavy,k6,Exp_A_09,35,POST,/api/heavy,heavy,0.01,71.33,57.91,13,14.3,129.01,1195.96,2126.34,2277.81,6.8,0,2333.24,200
60973579-7428-469d-b8e5-c37e3d8911ba,2026-06-07T14:11:07.642Z,instance-2,A,burst,heavy,heavy,k6,Exp_A_09,29,POST,/api/heavy,heavy,0.01,173.4,57.94,1,15.04,132.6,964.95,1763.16,1845.3,4.8,0,182.38,200
17df0a85-0186-41ea-b7b6-2e5d33327a84,2026-06-07T14:11:07.643Z,instance-2,A,burst,heavy,heavy,k6,Exp_A_09,20,POST,/api/heavy,heavy,0.01,173.4,57.94,2,15.04,132.6,964.95,1763.16,1845.3,5,0,323.19,200
6d8add95-6f49-4fab-a09c-a20fc3e88429,2026-06-07T14:11:07.643Z,instance-2,A,burst,heavy,heavy,k6,Exp_A_09,12,POST,/api/heavy,heavy,0.01,173.4,57.94,3,15.04,132.6,964.95,1763.16,1845.3,5.2,0,529.29,200
a29f4520-6d1b-4d76-a982-da3e0d97363c,2026-06-07T14:11:07.643Z,instance-2,A,burst,heavy,heavy,k6,Exp_A_09,18,POST,/api/heavy,heavy,0.01,173.4,57.94,4,15.04,132.6,964.95,1763.16,1845.3,5.4,0,729.43,200
90774588-a27d-4b59-b613-174706405907,2026-06-07T14:11:07.643Z,instance-2,A,burst,heavy,heavy,k6,Exp_A_09,38,POST,/api/heavy,heavy,0.01,173.4,57.94,5,15.04,132.6,964.95,1763.16,1845.3,5.6,0,904.72,200
614bc9b8-6429-461f-8800-b0db5628a0ca,2026-06-07T14:11:07.643Z,instance-2,A,burst,heavy,heavy,k6,Exp_A_09,24,POST,/api/heavy,heavy,0.01,173.4,57.94,6,15.04,132.6,964.95,1763.16,1845.3,5.8,0,1059.75,200
37659a10-898a-4f07-8f70-b3543d1bdac4,2026-06-07T14:11:07.644Z,instance-2,A,burst,heavy,heavy,k6,Exp_A_09,58,POST,/api/heavy,heavy,0.01,173.4,57.94,7,15.04,132.6,964.95,1763.16,1845.3,6,0,1226.3,200
e64b5a49-1df0-48ef-9a19-5758f5a60567,2026-06-07T14:11:07.644Z,instance-2,A,burst,heavy,heavy,k6,Exp_A_09,5,POST,/api/heavy,heavy,0.01,173.4,57.94,8,15.04,132.6,964.95,1763.16,1845.3,6.2,0,1405.81,200
68a3bed3-f7d9-49c5-8036-098411e60ab5,2026-06-07T14:11:07.644Z,instance-2,A,burst,heavy,heavy,k6,Exp_A_09,6,POST,/api/heavy,heavy,0.01,173.4,57.94,9,15.04,132.6,964.95,1763.16,1845.3,6.4,0,1621.01,200
e66c8852-444f-4f16-9f9b-90a5eb54ea66,2026-06-07T14:11:07.644Z,instance-2,A,burst,heavy,heavy,k6,Exp_A_09,52,POST,/api/heavy,heavy,0.01,173.4,57.94,10,15.04,132.6,964.95,1763.16,1845.3,6.6,0,1826.86,200
ed9d92ed-1ec2-4653-a68f-368785290d7a,2026-06-07T14:11:07.644Z,instance-2,A,burst,heavy,heavy,k6,Exp_A_09,8,POST,/api/heavy,heavy,0.01,173.4,57.94,11,15.04,132.6,964.95,1763.16,1845.3,6.8,0,2023.5,200
d984dc0b-5312-47ee-8126-a9ef12d466fb,2026-06-07T14:11:09.337Z,instance-3,A,burst,heavy,heavy,k6,Exp_A_09,46,POST,/api/heavy,heavy,0.01,139,58.46,1,13.28,113.01,763.33,1396.92,1461.27,5,0,212.83,200
5ae8f6ec-1068-4f35-bfbc-b28983fad359,2026-06-07T14:11:09.338Z,instance-3,A,burst,heavy,heavy,k6,Exp_A_09,28,POST,/api/heavy,heavy,0.01,139,58.46,2,13.28,113.01,763.33,1396.92,1461.27,5.2,0,393.76,200
e210e8a0-f518-44e5-9bfb-f101b748c2e5,2026-06-07T14:11:09.338Z,instance-3,A,burst,heavy,heavy,k6,Exp_A_09,10,POST,/api/heavy,heavy,0.01,139,58.46,3,13.28,113.01,763.33,1396.92,1461.27,5.4,0,559.02,200
8d069965-0f5c-4c71-9d50-b01339cb594d,2026-06-07T14:11:09.339Z,instance-3,A,burst,heavy,heavy,k6,Exp_A_09,4,POST,/api/heavy,heavy,0.01,139,58.46,4,13.28,113.01,763.33,1396.92,1461.27,5.6,0,730.74,200
bff78ab5-8433-4f6f-8cdb-fb520baa25b7,2026-06-07T14:11:09.339Z,instance-3,A,burst,heavy,heavy,k6,Exp_A_09,2,POST,/api/heavy,heavy,0.01,139,58.46,5,13.28,113.01,763.33,1396.92,1461.27,5.8,0,901.19,200
143191fd-2e25-43a1-bebb-a6a59df85145,2026-06-07T14:11:09.340Z,instance-3,A,burst,heavy,heavy,k6,Exp_A_09,11,POST,/api/heavy,heavy,0.01,139,58.46,6,13.28,113.01,763.33,1396.92,1461.27,6,0,1085.97,200
aec960d3-4bde-417e-b3d3-e1e49e696c64,2026-06-07T14:11:09.340Z,instance-3,A,burst,heavy,heavy,k6,Exp_A_09,21,POST,/api/heavy,heavy,0.01,139,58.46,7,13.28,113.01,763.33,1396.92,1461.27,6.2,0,1242.56,200
43af91dd-fc4a-4fb1-bbed-7d198025788e,2026-06-07T14:11:09.340Z,instance-3,A,burst,heavy,heavy,k6,Exp_A_09,12,POST,/api/heavy,heavy,0.01,139,58.46,8,13.28,113.01,763.33,1396.92,1461.27,6.4,0,1422.71,200
d24822c0-e462-49d7-a603-2051ed7cd6fd,2026-06-07T14:11:09.678Z,instance-2,A,burst,heavy,heavy,k6,Exp_A_09,39,POST,/api/heavy,heavy,0.01,58.23,58.13,1,15.04,115.81,1053.39,1845.3,2023.5,4.4,0,185.72,200
b60f148f-1a1a-4418-990e-cb4c5c11bc6c,2026-06-07T14:11:09.679Z,instance-2,A,burst,heavy,heavy,k6,Exp_A_09,9,POST,/api/heavy,heavy,0.01,58.23,58.13,2,15.04,115.81,1053.39,1845.3,2023.5,4.6,0,391.98,200
59cad209-1299-4453-93e6-1e53c3fd3cdc,2026-06-07T14:11:09.679Z,instance-2,A,burst,heavy,heavy,k6,Exp_A_09,41,POST,/api/heavy,heavy,0.01,58.23,58.13,3,15.04,115.81,1053.39,1845.3,2023.5,4.8,0,558.86,200
e48df834-5d4e-4a65-a848-19cfb737d31b,2026-06-07T14:11:09.680Z,instance-2,A,burst,heavy,heavy,k6,Exp_A_09,13,POST,/api/heavy,heavy,0.01,58.23,58.13,4,15.04,115.81,1053.39,1845.3,2023.5,5,0,698.6,200
6b094d9f-4c82-4809-9b22-3158c1884140,2026-06-07T14:11:09.680Z,instance-2,A,burst,heavy,heavy,k6,Exp_A_09,34,POST,/api/heavy,heavy,0.01,58.23,58.13,5,15.04,115.81,1053.39,1845.3,2023.5,5.2,0,907.06,200
7e20ca73-ba12-4422-a98e-6640a5b0b038,2026-06-07T14:11:09.681Z,instance-2,A,burst,heavy,heavy,k6,Exp_A_09,27,POST,/api/heavy,heavy,0.01,58.23,58.13,6,15.04,115.81,1053.39,1845.3,2023.5,5.4,0,1045.5,200
ab286f0c-5eec-4a8c-a8ab-42bd0f423a04,2026-06-07T14:11:09.681Z,instance-2,A,burst,heavy,heavy,k6,Exp_A_09,23,POST,/api/heavy,heavy,0.01,58.23,58.13,7,15.04,115.81,1053.39,1845.3,2023.5,5.6,0,1257.69,200
8e9f20ff-6959-417c-aee6-34f2a5535fca,2026-06-07T14:11:09.682Z,instance-2,A,burst,heavy,heavy,k6,Exp_A_09,15,POST,/api/heavy,heavy,0.01,58.23,58.13,8,15.04,115.81,1053.39,1845.3,2023.5,5.8,0,1412.39,200
6dea8a8f-3ba9-45f3-aa0d-fdd998f93e26,2026-06-07T14:11:09.682Z,instance-2,A,burst,heavy,heavy,k6,Exp_A_09,44,POST,/api/heavy,heavy,0.01,58.23,58.13,9,15.04,115.81,1053.39,1845.3,2023.5,6,0,1604.07,200
879e9f49-fdc1-4c50-9145-90b9f65630f4,2026-06-07T14:11:09.683Z,instance-2,A,burst,heavy,heavy,k6,Exp_A_09,18,POST,/api/heavy,heavy,0.01,58.23,58.13,10,15.04,115.81,1053.39,1845.3,2023.5,6.2,0,1772.91,200
9984a957-30b4-4e4f-85ca-aacc235c5ccc,2026-06-07T14:11:09.684Z,instance-2,A,burst,heavy,heavy,k6,Exp_A_09,3,POST,/api/heavy,heavy,0.01,58.23,58.13,11,15.04,115.81,1053.39,1845.3,2023.5,6.4,0,1966.06,200
35f1f401-7a26-4846-8f01-cb1828f754a1,2026-06-07T14:11:09.449Z,instance-1,A,burst,heavy,heavy,k6,Exp_A_09,33,POST,/api/heavy,heavy,0.01,70.3,58.11,1,16.64,116.51,1252.53,2277.81,2333.24,5.4,0,171.78,200
5bbce11a-ebe8-4386-a08d-2aecbba7ed57,2026-06-07T14:11:09.450Z,instance-1,A,burst,heavy,heavy,k6,Exp_A_09,49,POST,/api/heavy,heavy,0.01,70.3,58.11,2,16.64,116.51,1252.53,2277.81,2333.24,5.6,0,357.66,200
f43fb150-52bf-4472-bd57-1367b9142b1b,2026-06-07T14:11:09.451Z,instance-1,A,burst,heavy,heavy,k6,Exp_A_09,17,POST,/api/heavy,heavy,0.01,70.3,58.11,3,16.64,116.51,1252.53,2277.81,2333.24,5.8,0,523.16,200
22fe196c-c0c3-464e-8f7d-208368d60ad4,2026-06-07T14:11:09.452Z,instance-1,A,burst,heavy,heavy,k6,Exp_A_09,45,POST,/api/heavy,heavy,0.01,70.3,58.11,4,16.64,116.51,1252.53,2277.81,2333.24,6,0,699.01,200
93919a38-dcbc-49aa-9e29-f030e4c549e5,2026-06-07T14:11:09.452Z,instance-1,A,burst,heavy,heavy,k6,Exp_A_09,16,POST,/api/heavy,heavy,0.01,70.3,58.11,5,16.64,116.51,1252.53,2277.81,2333.24,6.2,0,902.01,200
c3789371-d9e8-4407-8698-bd4cf7e3627f,2026-06-07T14:11:09.454Z,instance-1,A,burst,heavy,heavy,k6,Exp_A_09,36,POST,/api/heavy,heavy,0.01,70.3,58.11,6,16.64,116.51,1252.53,2277.81,2333.24,6.4,0,1069.22,200
d6dc1c58-094e-4a9d-ab60-3a939d7fef24,2026-06-07T14:11:09.454Z,instance-1,A,burst,heavy,heavy,k6,Exp_A_09,22,POST,/api/heavy,heavy,0.01,70.3,58.11,7,16.64,116.51,1252.53,2277.81,2333.24,6.6,0,1245.89,200
f123f2b9-d626-4131-9b4a-31dd7f89a842,2026-06-07T14:11:09.455Z,instance-1,A,burst,heavy,heavy,k6,Exp_A_09,43,POST,/api/heavy,heavy,0.01,70.3,58.11,8,16.64,116.51,1252.53,2277.81,2333.24,6.8,0,1421.39,200
b37e9331-6f14-4c82-97c8-4b46034c2cb4,2026-06-07T14:11:09.456Z,instance-1,A,burst,heavy,heavy,k6,Exp_A_09,42,POST,/api/heavy,heavy,0.01,70.3,58.11,9,16.64,116.51,1252.53,2277.81,2333.24,7,0,1614.09,200
17380923-5b88-461f-a7aa-94da5f479fdb,2026-06-07T14:11:09.456Z,instance-1,A,burst,heavy,heavy,k6,Exp_A_09,29,POST,/api/heavy,heavy,0.01,70.3,58.11,10,16.64,116.51,1252.53,2277.81,2333.24,7.2,0,1780.08,200
c66f3a1d-6ef3-47a6-811c-edf4275f3b79,2026-06-07T14:11:09.457Z,instance-1,A,burst,heavy,heavy,k6,Exp_A_09,20,POST,/api/heavy,heavy,0.01,70.3,58.11,11,16.64,116.51,1252.53,2277.81,2333.24,7.4,0,1973.08,200
2a8545d0-6475-4ab0-821f-12fd431db210,2026-06-07T14:11:09.457Z,instance-1,A,burst,heavy,heavy,k6,Exp_A_09,26,POST,/api/heavy,heavy,0.01,70.3,58.11,12,16.64,116.51,1252.53,2277.81,2333.24,7.6,0,2158.39,200
6ffb8176-e871-4850-bf33-0cd6e29b868d,2026-06-07T14:11:09.457Z,instance-1,A,burst,heavy,heavy,k6,Exp_A_09,37,POST,/api/heavy,heavy,0.01,70.3,58.11,13,16.64,116.51,1252.53,2277.81,2333.24,7.8,0,2324.92,200
fee736e6-6b3e-4989-bf46-3388ef9bf62f,2026-06-07T14:11:10.772Z,instance-3,A,burst,heavy,heavy,k6,Exp_A_09,1,POST,/api/heavy,heavy,0.01,148.5,58.46,1,13.1,113.54,842.32,1422.71,1461.27,5,0,201.72,200
bf3e01a0-7c20-4f5c-8158-25072f29df25,2026-06-07T14:11:10.772Z,instance-3,A,burst,heavy,heavy,k6,Exp_A_09,53,POST,/api/heavy,heavy,0.01,148.5,58.46,2,13.1,113.54,842.32,1422.71,1461.27,5.2,0,368.47,200
6b880989-398d-4e63-bd0d-699c7d52106d,2026-06-07T14:11:10.773Z,instance-3,A,burst,heavy,heavy,k6,Exp_A_09,47,POST,/api/heavy,heavy,0.01,148.5,58.46,3,13.1,113.54,842.32,1422.71,1461.27,5.4,0,554.4,200
f36c3fd6-db2c-4da1-8cda-8773d44c68e5,2026-06-07T14:11:10.774Z,instance-3,A,burst,heavy,heavy,k6,Exp_A_09,58,POST,/api/heavy,heavy,0.01,148.5,58.46,4,13.1,113.54,842.32,1422.71,1461.27,5.6,0,727.4,200
852a311f-3357-4a98-b43f-113f80b6effc,2026-06-07T14:11:10.774Z,instance-3,A,burst,heavy,heavy,k6,Exp_A_09,30,POST,/api/heavy,heavy,0.01,148.5,58.46,5,13.1,113.54,842.32,1422.71,1461.27,5.8,0,870.87,200
8869192e-da97-495b-9107-79ba6921dde9,2026-06-07T14:11:10.775Z,instance-3,A,burst,heavy,heavy,k6,Exp_A_09,14,POST,/api/heavy,heavy,0.01,148.5,58.46,6,13.1,113.54,842.32,1422.71,1461.27,6,0,1083.99,200
9a5249cc-b808-44ce-8817-50b13297fd04,2026-06-07T14:11:10.776Z,instance-3,A,burst,heavy,heavy,k6,Exp_A_09,46,POST,/api/heavy,heavy,0.01,148.5,58.46,7,13.1,113.54,842.32,1422.71,1461.27,6.2,0,1255.01,200
c0e05a43-a7e3-4439-ba63-51a0bc6b731a,2026-06-07T14:11:10.776Z,instance-3,A,burst,heavy,heavy,k6,Exp_A_09,33,POST,/api/heavy,heavy,0.01,148.5,58.46,8,13.1,113.54,842.32,1422.71,1461.27,6.4,0,1425.98,200
d99ccf3f-7a3d-4ce3-9623-cfd47c6be9f8,2026-06-07T14:11:12.213Z,instance-3,A,burst,heavy,heavy,k6,Exp_A_09,10,POST,/api/heavy,heavy,0.01,67.9,58.5,1,13.31,102.13,850.77,1425.98,1461.27,5,0,177.03,200
ecb68472-dc8a-4425-b426-0895756939e3,2026-06-07T14:11:12.214Z,instance-3,A,burst,heavy,heavy,k6,Exp_A_09,17,POST,/api/heavy,heavy,0.01,67.9,58.5,2,13.31,102.13,850.77,1425.98,1461.27,5.2,0,378.34,200
720fe8e8-909e-49d7-91fe-ba03538200da,2026-06-07T14:11:12.214Z,instance-3,A,burst,heavy,heavy,k6,Exp_A_09,2,POST,/api/heavy,heavy,0.01,67.9,58.5,3,13.31,102.13,850.77,1425.98,1461.27,5.4,0,534.56,200
5ec196a1-7749-43f0-a0ab-34ba3c14635f,2026-06-07T14:11:12.214Z,instance-3,A,burst,heavy,heavy,k6,Exp_A_09,16,POST,/api/heavy,heavy,0.01,67.9,58.5,4,13.31,102.13,850.77,1425.98,1461.27,5.6,0,723.41,200
ed081dcc-cf57-4d87-8192-6c32b50a3b3c,2026-06-07T14:11:12.214Z,instance-3,A,burst,heavy,heavy,k6,Exp_A_09,34,POST,/api/heavy,heavy,0.01,67.9,58.5,5,13.31,102.13,850.77,1425.98,1461.27,5.8,0,881.01,200
fac2724d-a5b6-4e7e-8011-007a5abba668,2026-06-07T14:11:12.214Z,instance-3,A,burst,heavy,heavy,k6,Exp_A_09,22,POST,/api/heavy,heavy,0.01,67.9,58.5,6,13.31,102.13,850.77,1425.98,1461.27,6,0,1025.97,200
125e4a15-43db-476e-84dc-f1a9409c62b8,2026-06-07T14:11:12.215Z,instance-3,A,burst,heavy,heavy,k6,Exp_A_09,1,POST,/api/heavy,heavy,0.01,67.9,58.5,7,13.31,102.13,850.77,1425.98,1461.27,6.2,0,1206.17,200
a759446e-48f9-4a35-8d82-b68cafbed777,2026-06-07T14:11:12.215Z,instance-3,A,burst,heavy,heavy,k6,Exp_A_09,42,POST,/api/heavy,heavy,0.01,67.9,58.5,8,13.31,102.13,850.77,1425.98,1461.27,6.4,0,1411.63,200
2524d344-1368-41f3-84c2-223b5a09aa6f,2026-06-07T14:11:11.659Z,instance-2,A,burst,heavy,heavy,k6,Exp_A_09,25,POST,/api/heavy,heavy,0.01,92.2,58.25,1,15.77,75.22,1148.17,1966.06,2023.5,4.6,0,190.45,200
ea69b2ef-68d0-40ac-916f-50b9f6c27cc6,2026-06-07T14:11:11.660Z,instance-2,A,burst,heavy,heavy,k6,Exp_A_09,32,POST,/api/heavy,heavy,0.01,92.2,58.25,2,15.77,75.22,1148.17,1966.06,2023.5,4.8,0,355.75,200
055308b9-db8d-4811-81bb-0ffcf0ec364f,2026-06-07T14:11:11.661Z,instance-2,A,burst,heavy,heavy,k6,Exp_A_09,7,POST,/api/heavy,heavy,0.01,92.2,58.25,3,15.77,75.22,1148.17,1966.06,2023.5,5,0,520.63,200
9ee39a0e-ea4b-4c89-adcc-59479b79d6bb,2026-06-07T14:11:11.661Z,instance-2,A,burst,heavy,heavy,k6,Exp_A_09,19,POST,/api/heavy,heavy,0.01,92.2,58.25,4,15.77,75.22,1148.17,1966.06,2023.5,5.2,0,723.96,200
f92f5b0f-24aa-4ed5-b330-23920362ce2d,2026-06-07T14:11:11.662Z,instance-2,A,burst,heavy,heavy,k6,Exp_A_09,52,POST,/api/heavy,heavy,0.01,92.2,58.25,5,15.77,75.22,1148.17,1966.06,2023.5,5.4,0,886.34,200
f28d09c6-ae37-4109-989a-29434cf296da,2026-06-07T14:11:11.662Z,instance-2,A,burst,heavy,heavy,k6,Exp_A_09,28,POST,/api/heavy,heavy,0.01,92.2,58.25,6,15.77,75.22,1148.17,1966.06,2023.5,5.6,0,1072.22,200
07bdedd3-933b-4a3e-bee5-2395ec012db6,2026-06-07T14:11:11.662Z,instance-2,A,burst,heavy,heavy,k6,Exp_A_09,39,POST,/api/heavy,heavy,0.01,92.2,58.25,7,15.77,75.22,1148.17,1966.06,2023.5,5.8,0,1260.38,200
e46c8f8e-1dd2-4d4e-b984-5d4b577124db,2026-06-07T14:11:11.662Z,instance-2,A,burst,heavy,heavy,k6,Exp_A_09,9,POST,/api/heavy,heavy,0.01,92.2,58.25,8,15.77,75.22,1148.17,1966.06,2023.5,6,0,1458.81,200
d0bd186b-9687-4f86-bf9a-488f97f7c41c,2026-06-07T14:11:11.663Z,instance-2,A,burst,heavy,heavy,k6,Exp_A_09,41,POST,/api/heavy,heavy,0.01,92.2,58.25,9,15.77,75.22,1148.17,1966.06,2023.5,6.2,0,1644.67,200
9a169454-4ee6-40a8-a1ef-bd6cd3cfc9e7,2026-06-07T14:11:11.663Z,instance-2,A,burst,heavy,heavy,k6,Exp_A_09,11,POST,/api/heavy,heavy,0.01,92.2,58.25,10,15.77,75.22,1148.17,1966.06,2023.5,6.4,0,1811.04,200
38f5ffae-b36c-435f-9dcd-2dfd6617eaa4,2026-06-07T14:11:11.663Z,instance-2,A,burst,heavy,heavy,k6,Exp_A_09,21,POST,/api/heavy,heavy,0.01,92.2,58.25,11,15.77,75.22,1148.17,1966.06,2023.5,6.6,0,1964.29,200
88cfec52-2c6d-4e08-8eee-5245eb08bba1,2026-06-07T14:11:11.792Z,instance-1,A,burst,heavy,heavy,k6,Exp_A_09,38,POST,/api/heavy,heavy,0.01,110.95,58.29,1,16.79,84.19,1325.22,2324.92,2333.24,5.4,0,232.41,200
4b0a0a2a-8d7f-4a75-afed-48954636ead0,2026-06-07T14:11:11.792Z,instance-1,A,burst,heavy,heavy,k6,Exp_A_09,24,POST,/api/heavy,heavy,0.01,110.95,58.29,2,16.79,84.19,1325.22,2324.92,2333.24,5.6,0,421.04,200
a484335b-be9b-454b-9c1e-594ec5af7726,2026-06-07T14:11:11.793Z,instance-1,A,burst,heavy,heavy,k6,Exp_A_09,31,POST,/api/heavy,heavy,0.01,110.95,58.29,3,16.79,84.19,1325.22,2324.92,2333.24,5.8,0,591.94,200
790815fb-df24-481a-9d31-73d8ea2f91bd,2026-06-07T14:11:11.794Z,instance-1,A,burst,heavy,heavy,k6,Exp_A_09,5,POST,/api/heavy,heavy,0.01,110.95,58.29,4,16.79,84.19,1325.22,2324.92,2333.24,6,0,763.6,200
a401be26-db33-4f50-add5-8383ccbece6a,2026-06-07T14:11:11.794Z,instance-1,A,burst,heavy,heavy,k6,Exp_A_09,6,POST,/api/heavy,heavy,0.01,110.95,58.29,5,16.79,84.19,1325.22,2324.92,2333.24,6.2,0,953.49,200
82fe5ddc-83ed-4b15-8ae0-ab9d95bfae5a,2026-06-07T14:11:11.795Z,instance-1,A,burst,heavy,heavy,k6,Exp_A_09,35,POST,/api/heavy,heavy,0.01,110.95,58.29,6,16.79,84.19,1325.22,2324.92,2333.24,6.4,0,1106.86,200
4dcf6681-4235-414d-a260-b9f060befa54,2026-06-07T14:11:11.795Z,instance-1,A,burst,heavy,heavy,k6,Exp_A_09,8,POST,/api/heavy,heavy,0.01,110.95,58.29,7,16.79,84.19,1325.22,2324.92,2333.24,6.6,0,1274.89,200
24437358-d0f7-4f5a-8c0d-82cb7abd74b9,2026-06-07T14:11:11.796Z,instance-1,A,burst,heavy,heavy,k6,Exp_A_09,49,POST,/api/heavy,heavy,0.01,110.95,58.29,8,16.79,84.19,1325.22,2324.92,2333.24,6.8,0,1473.66,200
d59fc84a-8b84-4d9c-b848-e28c646a4b82,2026-06-07T14:11:11.796Z,instance-1,A,burst,heavy,heavy,k6,Exp_A_09,4,POST,/api/heavy,heavy,0.01,110.95,58.29,9,16.79,84.19,1325.22,2324.92,2333.24,7,0,1626.56,200
9f9bce60-1b93-4764-9706-c6519a8fa803,2026-06-07T14:11:11.797Z,instance-1,A,burst,heavy,heavy,k6,Exp_A_09,45,POST,/api/heavy,heavy,0.01,110.95,58.29,10,16.79,84.19,1325.22,2324.92,2333.24,7.2,0,1799.57,200
15ba90ec-71f6-4b68-b05c-38d424733512,2026-06-07T14:11:11.797Z,instance-1,A,burst,heavy,heavy,k6,Exp_A_09,13,POST,/api/heavy,heavy,0.01,110.95,58.29,11,16.79,84.19,1325.22,2324.92,2333.24,7.4,0,1987.69,200
e720de9c-1dd9-4bfd-8076-1bb2952ed422,2026-06-07T14:11:11.798Z,instance-1,A,burst,heavy,heavy,k6,Exp_A_09,36,POST,/api/heavy,heavy,0.01,110.95,58.29,12,16.79,84.19,1325.22,2324.92,2333.24,7.6,0,2147.48,200
72f1ffae-31af-4901-8fe4-e153e63fb1c0,2026-06-07T14:11:11.798Z,instance-1,A,burst,heavy,heavy,k6,Exp_A_09,27,POST,/api/heavy,heavy,0.01,110.95,58.29,13,16.79,84.19,1325.22,2324.92,2333.24,7.8,0,2334.54,200
dd0c9565-eafa-4ebc-8ac9-d10945cac429,2026-06-07T14:11:13.635Z,instance-3,A,burst,heavy,heavy,k6,Exp_A_09,47,POST,/api/heavy,heavy,0.01,132.9,58.73,1,12.62,122.07,843.19,1422.71,1425.98,5,0,223.21,200
00963126-8337-426c-9004-825922bfc7f5,2026-06-07T14:11:13.636Z,instance-3,A,burst,heavy,heavy,k6,Exp_A_09,20,POST,/api/heavy,heavy,0.01,132.9,58.73,2,12.62,122.07,843.19,1422.71,1425.98,5.2,0,437.83,200
5b087890-5e75-4636-83fb-3408eb7c3c66,2026-06-07T14:11:13.636Z,instance-3,A,burst,heavy,heavy,k6,Exp_A_09,3,POST,/api/heavy,heavy,0.01,132.9,58.73,3,12.62,122.07,843.19,1422.71,1425.98,5.4,0,617.21,200
d3bb9d84-ab4a-4bda-a4ff-3555f0340297,2026-06-07T14:11:13.636Z,instance-3,A,burst,heavy,heavy,k6,Exp_A_09,37,POST,/api/heavy,heavy,0.01,132.9,58.73,4,12.62,122.07,843.19,1422.71,1425.98,5.6,0,849.54,200
c84fae00-6ba6-4012-ba19-7927b40c19a9,2026-06-07T14:11:13.636Z,instance-3,A,burst,heavy,heavy,k6,Exp_A_09,46,POST,/api/heavy,heavy,0.01,132.9,58.73,5,12.62,122.07,843.19,1422.71,1425.98,5.8,0,1008.72,200
2d930494-8fa3-4688-9bb3-5798df6341e4,2026-06-07T14:11:13.637Z,instance-3,A,burst,heavy,heavy,k6,Exp_A_09,7,POST,/api/heavy,heavy,0.01,132.9,58.73,6,12.62,122.07,843.19,1422.71,1425.98,6,0,1169.9,200
b9b2d5e9-ed2b-4bda-b33d-c5d606f7c2ac,2026-06-07T14:11:13.637Z,instance-3,A,burst,heavy,heavy,k6,Exp_A_09,10,POST,/api/heavy,heavy,0.01,132.9,58.73,7,12.62,122.07,843.19,1422.71,1425.98,6.2,0,1359.52,200
6da91966-9008-4baa-98aa-eee3c8238056,2026-06-07T14:11:13.637Z,instance-3,A,burst,heavy,heavy,k6,Exp_A_09,52,POST,/api/heavy,heavy,0.01,132.9,58.73,8,12.62,122.07,843.19,1422.71,1425.98,6.4,0,1556.05,200
a7d886fa-81b2-4667-baea-46354907f6e4,2026-06-07T14:11:13.638Z,instance-2,A,burst,heavy,heavy,k6,Exp_A_09,12,POST,/api/heavy,heavy,0.01,103.85,58.48,1,13.05,84.76,1173.31,1966.06,2023.5,4.6,0,202.38,200
15876c2c-cfcb-421f-b9ad-29530839a97b,2026-06-07T14:11:13.639Z,instance-2,A,burst,heavy,heavy,k6,Exp_A_09,23,POST,/api/heavy,heavy,0.01,103.85,58.48,2,13.05,84.76,1173.31,1966.06,2023.5,4.8,0,426.12,200
fb6d4822-108f-4a35-90e6-8ee35abba328,2026-06-07T14:11:13.639Z,instance-2,A,burst,heavy,heavy,k6,Exp_A_09,53,POST,/api/heavy,heavy,0.01,103.85,58.48,3,13.05,84.76,1173.31,1966.06,2023.5,5,0,604.42,200
13c7ed6b-f7cd-47a9-803f-e2b2ff299fdb,2026-06-07T14:11:13.639Z,instance-2,A,burst,heavy,heavy,k6,Exp_A_09,44,POST,/api/heavy,heavy,0.01,103.85,58.48,4,13.05,84.76,1173.31,1966.06,2023.5,5.2,0,841.16,200
948d1d77-2f03-4140-a365-63b09880a2c6,2026-06-07T14:11:13.640Z,instance-2,A,burst,heavy,heavy,k6,Exp_A_09,58,POST,/api/heavy,heavy,0.01,103.85,58.48,5,13.05,84.76,1173.31,1966.06,2023.5,5.4,0,1028.64,200
96cc3958-8e10-4341-886d-8c6129e75fe8,2026-06-07T14:11:13.640Z,instance-2,A,burst,heavy,heavy,k6,Exp_A_09,30,POST,/api/heavy,heavy,0.01,103.85,58.48,6,13.05,84.76,1173.31,1966.06,2023.5,5.6,0,1217.57,200
cdbd0fc1-a71c-498d-aaac-358cb43e6b19,2026-06-07T14:11:13.640Z,instance-2,A,burst,heavy,heavy,k6,Exp_A_09,14,POST,/api/heavy,heavy,0.01,103.85,58.48,7,13.05,84.76,1173.31,1966.06,2023.5,5.8,0,1402.16,200
527d0132-8e6d-486c-b40e-abd970571b3b,2026-06-07T14:11:13.640Z,instance-2,A,burst,heavy,heavy,k6,Exp_A_09,38,POST,/api/heavy,heavy,0.01,103.85,58.48,8,13.05,84.76,1173.31,1966.06,2023.5,6,0,1665.92,200
167abb0c-57b5-44f1-9eb2-b5c65db5bf70,2026-06-07T14:11:13.640Z,instance-2,A,burst,heavy,heavy,k6,Exp_A_09,24,POST,/api/heavy,heavy,0.01,103.85,58.48,9,13.05,84.76,1173.31,1966.06,2023.5,6.2,0,1902.17,200
cc86467e-44a0-40e8-b28c-650d4140e8dc,2026-06-07T14:11:13.640Z,instance-2,A,burst,heavy,heavy,k6,Exp_A_09,31,POST,/api/heavy,heavy,0.01,103.85,58.48,10,13.05,84.76,1173.31,1966.06,2023.5,6.4,0,2119.53,200
00d35ace-a610-4083-89d4-0a3896a0363e,2026-06-07T14:11:13.641Z,instance-2,A,burst,heavy,heavy,k6,Exp_A_09,17,POST,/api/heavy,heavy,0.01,103.85,58.48,11,13.05,84.76,1173.31,1966.06,2023.5,6.6,0,2268.07,200
8bd29713-9b4c-48c4-aecf-3f74a9933b42,2026-06-07T14:11:15.224Z,instance-3,A,burst,heavy,heavy,k6,Exp_A_09,2,POST,/api/heavy,heavy,0.01,68.75,58.77,1,10.21,104.51,882.16,1425.98,1556.05,5,0,275.23,200
c0ab7b9e-93ad-470f-820f-4ba2357043c0,2026-06-07T14:11:15.225Z,instance-3,A,burst,heavy,heavy,k6,Exp_A_09,35,POST,/api/heavy,heavy,0.01,68.75,58.77,2,10.21,104.51,882.16,1425.98,1556.05,5.2,0,508.04,200
bc8b613f-b9d9-49c0-a851-0299600d2c45,2026-06-07T14:11:15.226Z,instance-3,A,burst,heavy,heavy,k6,Exp_A_09,9,POST,/api/heavy,heavy,0.01,68.75,58.77,3,10.21,104.51,882.16,1425.98,1556.05,5.4,0,703.03,200
e81a0920-c56c-4ad4-99c0-d1d126e9134c,2026-06-07T14:11:15.227Z,instance-3,A,burst,heavy,heavy,k6,Exp_A_09,22,POST,/api/heavy,heavy,0.01,68.75,58.77,4,10.21,104.51,882.16,1425.98,1556.05,5.6,0,891.08,200
2318b243-9fe2-4b71-8cb0-2777bbcfd480,2026-06-07T14:11:15.227Z,instance-3,A,burst,heavy,heavy,k6,Exp_A_09,42,POST,/api/heavy,heavy,0.01,68.75,58.77,5,10.21,104.51,882.16,1425.98,1556.05,5.8,0,1083.57,200
b770a837-0ebd-413a-920a-4e6cea28f0fc,2026-06-07T14:11:15.228Z,instance-3,A,burst,heavy,heavy,k6,Exp_A_09,21,POST,/api/heavy,heavy,0.01,68.75,58.77,6,10.21,104.51,882.16,1425.98,1556.05,6,0,1252.65,200
91cb9c50-515f-4c87-af1b-51c840e37e0e,2026-06-07T14:11:14.143Z,instance-1,A,burst,heavy,heavy,k6,Exp_A_09,43,POST,/api/heavy,heavy,0.01,76.57,58.41,1,16.18,85.94,1337.25,2333.24,2334.54,5.4,0,248.11,200
0128a147-bb50-444c-8f3b-b84b5ca9c6a9,2026-06-07T14:11:14.143Z,instance-1,A,burst,heavy,heavy,k6,Exp_A_09,15,POST,/api/heavy,heavy,0.01,76.57,58.41,2,16.18,85.94,1337.25,2333.24,2334.54,5.6,0,435.39,200
b0ecada8-c37c-433a-821b-53866ff5d0b7,2026-06-07T14:11:14.144Z,instance-1,A,burst,heavy,heavy,k6,Exp_A_09,29,POST,/api/heavy,heavy,0.01,76.57,58.41,3,16.18,85.94,1337.25,2333.24,2334.54,5.8,0,637.99,200
b3fa33c0-69d1-41f1-8232-24941aca2ab5,2026-06-07T14:11:14.144Z,instance-1,A,burst,heavy,heavy,k6,Exp_A_09,18,POST,/api/heavy,heavy,0.01,76.57,58.41,4,16.18,85.94,1337.25,2333.24,2334.54,6,0,817.15,200
d041cff4-b951-45d3-bd4b-a865f307eee4,2026-06-07T14:11:14.145Z,instance-1,A,burst,heavy,heavy,k6,Exp_A_09,26,POST,/api/heavy,heavy,0.01,76.57,58.41,5,16.18,85.94,1337.25,2333.24,2334.54,6.2,0,1053.84,200
18696ccb-7150-4f04-b769-f5137f1016a2,2026-06-07T14:11:14.145Z,instance-1,A,burst,heavy,heavy,k6,Exp_A_09,25,POST,/api/heavy,heavy,0.01,76.57,58.41,6,16.18,85.94,1337.25,2333.24,2334.54,6.4,0,1342.59,200
e1d2074b-27fe-435d-b464-cc731c504179,2026-06-07T14:11:14.146Z,instance-1,A,burst,heavy,heavy,k6,Exp_A_09,32,POST,/api/heavy,heavy,0.01,76.57,58.41,7,16.18,85.94,1337.25,2333.24,2334.54,6.6,0,1570.48,200
17f4b9d7-c6a0-495c-bde0-c92fd3b99c6f,2026-06-07T14:11:14.146Z,instance-1,A,burst,heavy,heavy,k6,Exp_A_09,33,POST,/api/heavy,heavy,0.01,76.57,58.41,8,16.18,85.94,1337.25,2333.24,2334.54,6.8,0,1740.87,200
5fe43ec7-bf8f-4dfe-bcaa-0bcf7c909437,2026-06-07T14:11:14.147Z,instance-1,A,burst,heavy,heavy,k6,Exp_A_09,19,POST,/api/heavy,heavy,0.01,76.57,58.41,9,16.18,85.94,1337.25,2333.24,2334.54,7,0,1911.9,200
5547dc65-bffa-4c83-b810-2effef2dac56,2026-06-07T14:11:14.147Z,instance-1,A,burst,heavy,heavy,k6,Exp_A_09,5,POST,/api/heavy,heavy,0.01,76.57,58.41,10,16.18,85.94,1337.25,2333.24,2334.54,7.2,0,2146.71,200
cdbde0e2-33f2-40bd-a5bc-87dce9e23264,2026-06-07T14:11:14.148Z,instance-1,A,burst,heavy,heavy,k6,Exp_A_09,28,POST,/api/heavy,heavy,0.01,76.57,58.41,11,16.18,85.94,1337.25,2333.24,2334.54,7.4,0,2326.37,200
dbbeb3f5-76c0-4838-aef9-b670dcdcff84,2026-06-07T14:11:14.148Z,instance-1,A,burst,heavy,heavy,k6,Exp_A_09,39,POST,/api/heavy,heavy,0.01,76.57,58.41,12,16.18,85.94,1337.25,2333.24,2334.54,7.6,0,2529.58,200
5738591a-1ef3-4abe-8e0a-196f29feebe7,2026-06-07T14:11:14.148Z,instance-1,A,burst,heavy,heavy,k6,Exp_A_09,8,POST,/api/heavy,heavy,0.01,76.57,58.41,13,16.18,85.94,1337.25,2333.24,2334.54,7.8,0,2731.1,200
aad288e6-aa43-46ee-899d-ac012bc344ac,2026-06-07T14:11:16.489Z,instance-3,A,burst,heavy,heavy,k6,Exp_A_09,53,POST,/api/heavy,heavy,0.01,142.2,58.97,1,33.06,102.94,875.44,1425.98,1556.05,4.6,0,193.26,200
21476732-c859-40c7-93e6-923ad0cc5630,2026-06-07T14:11:16.489Z,instance-3,A,burst,heavy,heavy,k6,Exp_A_09,3,POST,/api/heavy,heavy,0.01,142.2,58.97,2,33.06,102.94,875.44,1425.98,1556.05,4.8,0,371.15,200
ffca9224-8e70-44e0-9300-052f67d0608b,2026-06-07T14:11:16.490Z,instance-3,A,burst,heavy,heavy,k6,Exp_A_09,4,POST,/api/heavy,heavy,0.01,142.2,58.97,3,33.06,102.94,875.44,1425.98,1556.05,5,0,539.82,200
071ef76a-fcb9-4e8c-93ba-d4e8b6a91274,2026-06-07T14:11:15.919Z,instance-2,A,burst,heavy,heavy,k6,Exp_A_09,6,POST,/api/heavy,heavy,0.01,96.9,58.61,1,13.06,97.65,1243.7,2119.53,2268.07,4.6,0,163.8,200
5072c0dd-be59-4fd7-a506-5f65ab7d1075,2026-06-07T14:11:15.920Z,instance-2,A,burst,heavy,heavy,k6,Exp_A_09,16,POST,/api/heavy,heavy,0.01,96.9,58.61,2,13.06,97.65,1243.7,2119.53,2268.07,4.8,0,359.25,200
ec59d9f5-9792-4b6b-bf69-55189b3d30ef,2026-06-07T14:11:15.921Z,instance-2,A,burst,heavy,heavy,k6,Exp_A_09,34,POST,/api/heavy,heavy,0.01,96.9,58.61,3,13.06,97.65,1243.7,2119.53,2268.07,5,0,566.14,200
2b923273-1fc2-45c7-a83a-aa5f18ab2d7a,2026-06-07T14:11:15.922Z,instance-2,A,burst,heavy,heavy,k6,Exp_A_09,41,POST,/api/heavy,heavy,0.01,96.9,58.61,4,13.06,97.65,1243.7,2119.53,2268.07,5.2,0,751.12,200
deffd37d-454b-4468-b5eb-3d8f412db8d6,2026-06-07T14:11:15.922Z,instance-2,A,burst,heavy,heavy,k6,Exp_A_09,45,POST,/api/heavy,heavy,0.01,96.9,58.61,5,13.06,97.65,1243.7,2119.53,2268.07,5.4,0,909.13,200
b8b62987-a607-444a-a3f2-4e04dafcdac2,2026-06-07T14:11:15.923Z,instance-2,A,burst,heavy,heavy,k6,Exp_A_09,36,POST,/api/heavy,heavy,0.01,96.9,58.61,6,13.06,97.65,1243.7,2119.53,2268.07,5.6,0,1100.13,200
c986f8dd-72c2-4932-af9b-6f0ebd4700ef,2026-06-07T14:11:15.923Z,instance-2,A,burst,heavy,heavy,k6,Exp_A_09,27,POST,/api/heavy,heavy,0.01,96.9,58.61,7,13.06,97.65,1243.7,2119.53,2268.07,5.8,0,1269.11,200
014b636a-d2e3-421a-a9a4-9e17004db773,2026-06-07T14:11:15.924Z,instance-2,A,burst,heavy,heavy,k6,Exp_A_09,15,POST,/api/heavy,heavy,0.01,96.9,58.61,8,13.06,97.65,1243.7,2119.53,2268.07,6,0,1433.95,200
696fd583-4048-4bbe-a18d-8203036b234f,2026-06-07T14:11:17.031Z,instance-3,A,burst,heavy,heavy,k6,Exp_A_09,25,POST,/api/heavy,heavy,0.01,154.6,59.1,1,9.76,113.27,817,1425.98,1556.05,5.2,0,176.18,200
11cc81de-e678-45d9-9e6e-aed25f9cfa34,2026-06-07T14:11:17.032Z,instance-3,A,burst,heavy,heavy,k6,Exp_A_09,35,POST,/api/heavy,heavy,0.01,154.6,59.1,2,9.76,113.27,817,1425.98,1556.05,5.4,0,354.83,200
8cccac3d-b7a8-43fd-9d28-2d35efbfcd32,2026-06-07T14:11:17.033Z,instance-3,A,burst,heavy,heavy,k6,Exp_A_09,31,POST,/api/heavy,heavy,0.01,154.6,59.1,3,9.76,113.27,817,1425.98,1556.05,5.6,0,536.03,200
cb9e9060-83e4-468f-b65e-d104003d8d7a,2026-06-07T14:11:17.033Z,instance-3,A,burst,heavy,heavy,k6,Exp_A_09,9,POST,/api/heavy,heavy,0.01,154.6,59.1,4,9.76,113.27,817,1425.98,1556.05,5.8,0,723.77,200
b9651496-9cc7-4c1b-a550-38f24f34563d,2026-06-07T14:11:17.765Z,instance-3,A,burst,heavy,heavy,k6,Exp_A_09,19,POST,/api/heavy,heavy,0.01,0,59.1,1,2.72,99.69,772.26,1411.63,1556.05,4.4,0,146.02,200
10226cd7-96a3-4bf8-8751-13147fb259a4,2026-06-07T14:11:17.766Z,instance-3,A,burst,heavy,heavy,k6,Exp_A_09,5,POST,/api/heavy,heavy,0.01,0,59.1,2,2.72,99.69,772.26,1411.63,1556.05,4.6,0,318.02,200
a1b78ba8-2e1c-4d83-9bbd-7748fc25d5ed,2026-06-07T14:11:17.766Z,instance-3,A,burst,heavy,heavy,k6,Exp_A_09,42,POST,/api/heavy,heavy,0.01,0,59.1,3,2.72,99.69,772.26,1411.63,1556.05,4.8,0,477.03,200
84b5b6e5-c142-469f-8041-d398791995da,2026-06-07T14:11:17.767Z,instance-3,A,burst,heavy,heavy,k6,Exp_A_09,44,POST,/api/heavy,heavy,0.01,0,59.1,4,2.72,99.69,772.26,1411.63,1556.05,5,0,636.71,200
0a3b275f-51d5-4ab6-a7e9-0dd75c2e925e,2026-06-07T14:11:17.767Z,instance-3,A,burst,heavy,heavy,k6,Exp_A_09,41,POST,/api/heavy,heavy,0.01,0,59.1,5,2.72,99.69,772.26,1411.63,1556.05,5.2,0,826.87,200
c70a7aa3-516d-45d9-a76f-c4953de4edd0,2026-06-07T14:11:17.367Z,instance-2,A,burst,heavy,heavy,k6,Exp_A_09,26,POST,/api/heavy,heavy,0.01,96.1,58.81,1,14.87,98.95,1150.09,2119.53,2268.07,4,0,170.74,200
9e81d351-5b30-45db-ae77-bbc0c842b086,2026-06-07T14:11:17.369Z,instance-2,A,burst,heavy,heavy,k6,Exp_A_09,38,POST,/api/heavy,heavy,0.01,96.1,58.81,2,14.87,98.95,1150.09,2119.53,2268.07,4.2,0,349.91,200
7fc783fd-3647-4c25-8c4a-9219336304e0,2026-06-07T14:11:17.370Z,instance-2,A,burst,heavy,heavy,k6,Exp_A_09,24,POST,/api/heavy,heavy,0.01,96.1,58.81,3,14.87,98.95,1150.09,2119.53,2268.07,4.4,0,553.85,200
99ba570a-5c8e-4c4e-8f14-8182daeeff53,2026-06-07T14:11:17.370Z,instance-2,A,burst,heavy,heavy,k6,Exp_A_09,32,POST,/api/heavy,heavy,0.01,96.1,58.81,4,14.87,98.95,1150.09,2119.53,2268.07,4.6,0,772.97,200
41f19e3f-1147-462d-ae0d-93bc5b4ef5ca,2026-06-07T14:11:17.371Z,instance-2,A,burst,heavy,heavy,k6,Exp_A_09,33,POST,/api/heavy,heavy,0.01,96.1,58.81,5,14.87,98.95,1150.09,2119.53,2268.07,4.8,0,944.45,200
98a46656-cd08-4660-8b59-0c03818155e9,2026-06-07T14:11:17.371Z,instance-2,A,burst,heavy,heavy,k6,Exp_A_09,17,POST,/api/heavy,heavy,0.01,96.1,58.81,6,14.87,98.95,1150.09,2119.53,2268.07,5,0,1149.17,200
106e84ab-d0db-45a9-a0b3-2112f05b0c04,2026-06-07T14:11:17.372Z,instance-2,A,burst,heavy,heavy,k6,Exp_A_09,22,POST,/api/heavy,heavy,0.01,96.1,58.81,7,14.87,98.95,1150.09,2119.53,2268.07,5.2,0,1309.03,200
08043dd0-8a92-4048-8104-6d83984a1f71,2026-06-07T14:11:17.373Z,instance-2,A,burst,heavy,heavy,k6,Exp_A_09,16,POST,/api/heavy,heavy,0.01,96.1,58.81,8,14.87,98.95,1150.09,2119.53,2268.07,5.4,0,1482.75,200
b034c1cd-b4f0-472c-991d-d66a984b70a7,2026-06-07T14:11:16.891Z,instance-1,A,burst,heavy,heavy,k6,Exp_A_09,49,POST,/api/heavy,heavy,0.01,114.05,58.69,1,15.13,95.31,1392.53,2529.58,2731.1,2.8,0,203.22,200
8ac2ec41-3274-49ea-84d6-cb831a513b2b,2026-06-07T14:11:16.891Z,instance-1,A,burst,heavy,heavy,k6,Exp_A_09,1,POST,/api/heavy,heavy,0.01,114.05,58.69,2,15.13,95.31,1392.53,2529.58,2731.1,3,0,366.86,200
223761e8-d38a-4c71-bbae-5a4a875883e2,2026-06-07T14:11:16.892Z,instance-1,A,burst,heavy,heavy,k6,Exp_A_09,47,POST,/api/heavy,heavy,0.01,114.05,58.69,3,15.13,95.31,1392.53,2529.58,2731.1,3.2,0,605.22,200
854a8d6e-a0b2-4d87-b334-174fac66b169,2026-06-07T14:11:16.892Z,instance-1,A,burst,heavy,heavy,k6,Exp_A_09,20,POST,/api/heavy,heavy,0.01,114.05,58.69,4,15.13,95.31,1392.53,2529.58,2731.1,3.4,0,773.94,200
520c94e7-f712-4748-81ec-b06992842f7c,2026-06-07T14:11:16.893Z,instance-1,A,burst,heavy,heavy,k6,Exp_A_09,37,POST,/api/heavy,heavy,0.01,114.05,58.69,5,15.13,95.31,1392.53,2529.58,2731.1,3.6,0,946.83,200
9296ff0f-df98-4b94-b6a1-2603aa489707,2026-06-07T14:11:16.894Z,instance-1,A,burst,heavy,heavy,k6,Exp_A_09,14,POST,/api/heavy,heavy,0.01,114.05,58.69,6,15.13,95.31,1392.53,2529.58,2731.1,3.8,0,1111.2,200
170feb99-750a-4ed7-a1a7-2f45be9b21a5,2026-06-07T14:11:16.894Z,instance-1,A,burst,heavy,heavy,k6,Exp_A_09,52,POST,/api/heavy,heavy,0.01,114.05,58.69,7,15.13,95.31,1392.53,2529.58,2731.1,4,0,1298.55,200
83424fe3-156f-4dff-a7bf-9317d84e3112,2026-06-07T14:11:16.894Z,instance-1,A,burst,heavy,heavy,k6,Exp_A_09,2,POST,/api/heavy,heavy,0.01,114.05,58.69,8,15.13,95.31,1392.53,2529.58,2731.1,4.2,0,1483.55,200
b8424bb4-69f0-41bc-a39a-666a9459c35b,2026-06-07T14:11:16.895Z,instance-1,A,burst,heavy,heavy,k6,Exp_A_09,11,POST,/api/heavy,heavy,0.01,114.05,58.69,9,15.13,95.31,1392.53,2529.58,2731.1,4.4,0,1630.64,200
a4e1e2b3-19f9-46c4-bfa2-ff63ee0d5445,2026-06-07T14:11:16.895Z,instance-1,A,burst,heavy,heavy,k6,Exp_A_09,13,POST,/api/heavy,heavy,0.01,114.05,58.69,10,15.13,95.31,1392.53,2529.58,2731.1,4.6,0,1836.06,200
af7d0e6f-bbbb-475d-b88b-6bddb72363b8,2026-06-07T14:11:16.895Z,instance-1,A,burst,heavy,heavy,k6,Exp_A_09,12,POST,/api/heavy,heavy,0.01,114.05,58.69,11,15.13,95.31,1392.53,2529.58,2731.1,4.8,0,2007.17,200
4902fbb8-9a1c-4aef-b347-768f94b90468,2026-06-07T14:11:18.595Z,instance-3,A,burst,heavy,heavy,k6,Exp_A_09,29,POST,/api/heavy,heavy,0.01,0,59.1,1,9.89,99.69,690.63,1411.63,1556.05,5.4,0,169.86,200
fd34217e-70c0-4d4f-a821-0fbeb7dc973f,2026-06-07T14:11:18.595Z,instance-3,A,burst,heavy,heavy,k6,Exp_A_09,45,POST,/api/heavy,heavy,0.01,0,59.1,2,9.89,99.69,690.63,1411.63,1556.05,5.6,0,361.85,200
88170bda-91bf-483d-a6b5-48bca95c27db,2026-06-07T14:11:18.595Z,instance-3,A,burst,heavy,heavy,k6,Exp_A_09,18,POST,/api/heavy,heavy,0.01,0,59.1,3,9.89,99.69,690.63,1411.63,1556.05,5.8,0,545.87,200
596d7c9a-eb6a-4db6-8ce7-f830b9ea7038,2026-06-07T14:11:18.595Z,instance-3,A,burst,heavy,heavy,k6,Exp_A_09,36,POST,/api/heavy,heavy,0.01,0,59.1,4,9.89,99.69,690.63,1411.63,1556.05,6,0,734.67,200
7d3ebad0-b8ec-405e-950c-388e4f376d05,2026-06-07T14:11:18.596Z,instance-3,A,burst,heavy,heavy,k6,Exp_A_09,25,POST,/api/heavy,heavy,0.01,0,59.1,5,9.89,99.69,690.63,1411.63,1556.05,6.2,0,895.32,200
dfee8fea-c9d4-4429-bca8-8c92b110b780,2026-06-07T14:11:18.596Z,instance-3,A,burst,heavy,heavy,k6,Exp_A_09,1,POST,/api/heavy,heavy,0.01,0,59.1,6,9.89,99.69,690.63,1411.63,1556.05,6.4,0,1097.05,200
7c7d641c-ef1c-4269-8cea-bf73c8310180,2026-06-07T14:11:18.596Z,instance-3,A,burst,heavy,heavy,k6,Exp_A_09,31,POST,/api/heavy,heavy,0.01,0,59.1,7,9.89,99.69,690.63,1411.63,1556.05,6.6,0,1291.84,200
91b09c8b-5d99-4149-9012-e823f4ff1e31,2026-06-07T14:11:18.864Z,instance-2,A,burst,heavy,heavy,k6,Exp_A_09,21,POST,/api/heavy,heavy,0.01,218.8,58.95,1,14.78,137.27,1029.28,2119.53,2268.07,3.4,0,182.21,200
d618092e-fdf1-4932-9d9a-0356b8bf1a37,2026-06-07T14:11:18.864Z,instance-2,A,burst,heavy,heavy,k6,Exp_A_09,34,POST,/api/heavy,heavy,0.01,218.8,58.95,2,14.78,137.27,1029.28,2119.53,2268.07,3.6,0,360.36,200
77a8bb74-c33f-4cdc-bca3-4f6fc4d93cd4,2026-06-07T14:11:18.865Z,instance-2,A,burst,heavy,heavy,k6,Exp_A_09,46,POST,/api/heavy,heavy,0.01,218.8,58.95,3,14.78,137.27,1029.28,2119.53,2268.07,3.8,0,536,200
b4a238a9-1489-4bf2-90e3-7e867b943533,2026-06-07T14:11:18.865Z,instance-2,A,burst,heavy,heavy,k6,Exp_A_09,58,POST,/api/heavy,heavy,0.01,218.8,58.95,4,14.78,137.27,1029.28,2119.53,2268.07,4,0,720.95,200
a626ff6f-5d07-4b48-b9f8-461e3ed852c3,2026-06-07T14:11:18.866Z,instance-2,A,burst,heavy,heavy,k6,Exp_A_09,8,POST,/api/heavy,heavy,0.01,218.8,58.95,5,14.78,137.27,1029.28,2119.53,2268.07,4.2,0,913,200
1c641eae-3181-4574-a886-a50daa9ec29c,2026-06-07T14:11:18.867Z,instance-2,A,burst,heavy,heavy,k6,Exp_A_09,30,POST,/api/heavy,heavy,0.01,218.8,58.95,6,14.78,137.27,1029.28,2119.53,2268.07,4.4,0,1075.58,200
19afbcc5-bca4-4e89-9ca6-0589f06c6a35,2026-06-07T14:11:18.867Z,instance-2,A,burst,heavy,heavy,k6,Exp_A_09,49,POST,/api/heavy,heavy,0.01,218.8,58.95,7,14.78,137.27,1029.28,2119.53,2268.07,4.6,0,1281.96,200
1bbada5c-e64e-41a9-b4cf-4ed0cece1345,2026-06-07T14:11:18.867Z,instance-2,A,burst,heavy,heavy,k6,Exp_A_09,27,POST,/api/heavy,heavy,0.01,218.8,58.95,8,14.78,137.27,1029.28,2119.53,2268.07,4.8,0,1462.79,200
23e45650-d49d-40e7-b5cf-a2c82c24f4b4,2026-06-07T14:11:18.868Z,instance-2,A,burst,heavy,heavy,k6,Exp_A_09,47,POST,/api/heavy,heavy,0.01,218.8,58.95,9,14.78,137.27,1029.28,2119.53,2268.07,5,0,1616.75,200
75e37abe-62b4-4ff6-bc97-b512fb6fdb7f,2026-06-07T14:11:18.868Z,instance-2,A,burst,heavy,heavy,k6,Exp_A_09,26,POST,/api/heavy,heavy,0.01,218.8,58.95,10,14.78,137.27,1029.28,2119.53,2268.07,5.2,0,1768.87,200
50ca7586-e590-4e55-bdad-8419b2d2e1b8,2026-06-07T14:11:18.868Z,instance-2,A,burst,heavy,heavy,k6,Exp_A_09,37,POST,/api/heavy,heavy,0.01,218.8,58.95,11,14.78,137.27,1029.28,2119.53,2268.07,5.4,0,1935.59,200
52ec5513-d6af-4434-b054-0aa70b6b84b9,2026-06-07T14:11:19.898Z,instance-3,A,burst,heavy,heavy,k6,Exp_A_09,20,POST,/api/heavy,heavy,0.01,64.05,59.22,1,9.89,85.92,667.61,1359.52,1556.05,5.2,0,176.19,200
7b8c6f48-13f6-403a-b5f9-a13747a5c49c,2026-06-07T14:11:19.899Z,instance-3,A,burst,heavy,heavy,k6,Exp_A_09,24,POST,/api/heavy,heavy,0.01,64.05,59.22,2,9.89,85.92,667.61,1359.52,1556.05,5.4,0,336.85,200
c40ea72c-e1ac-4f91-bf0f-e46281f7504b,2026-06-07T14:11:19.899Z,instance-3,A,burst,heavy,heavy,k6,Exp_A_09,14,POST,/api/heavy,heavy,0.01,64.05,59.22,3,9.89,85.92,667.61,1359.52,1556.05,5.6,0,510.39,200
1e420a95-8ae5-4594-b8ef-5a4c0413c986,2026-06-07T14:11:19.900Z,instance-3,A,burst,heavy,heavy,k6,Exp_A_09,33,POST,/api/heavy,heavy,0.01,64.05,59.22,4,9.89,85.92,667.61,1359.52,1556.05,5.8,0,713.21,200
98aa096d-1f36-4f3c-8959-3edae48d1477,2026-06-07T14:11:19.900Z,instance-3,A,burst,heavy,heavy,k6,Exp_A_09,2,POST,/api/heavy,heavy,0.01,64.05,59.22,5,9.89,85.92,667.61,1359.52,1556.05,6,0,873.19,200
c0758b81-bfc8-4465-95f3-88bab66796d0,2026-06-07T14:11:19.901Z,instance-3,A,burst,heavy,heavy,k6,Exp_A_09,22,POST,/api/heavy,heavy,0.01,64.05,59.22,6,9.89,85.92,667.61,1359.52,1556.05,6.2,0,1061.43,200
bc3d80ee-c339-41bc-9206-65ca9caaecdc,2026-06-07T14:11:19.901Z,instance-3,A,burst,heavy,heavy,k6,Exp_A_09,13,POST,/api/heavy,heavy,0.01,64.05,59.22,7,9.89,85.92,667.61,1359.52,1556.05,6.4,0,1204.76,200
b443cfe6-a489-4cfb-8832-dceee15ed290,2026-06-07T14:11:18.912Z,instance-1,A,burst,heavy,heavy,k6,Exp_A_09,6,POST,/api/heavy,heavy,0.01,115.65,58.84,1,15.78,102.09,1393.74,2529.58,2731.1,5,0,191.9,200
bcfde913-6237-42b6-81c0-13c881ff933d,2026-06-07T14:11:18.913Z,instance-1,A,burst,heavy,heavy,k6,Exp_A_09,23,POST,/api/heavy,heavy,0.01,115.65,58.84,2,15.78,102.09,1393.74,2529.58,2731.1,5.2,0,382.63,200
d1597295-1f4e-4c64-ac12-0ba4250fca1f,2026-06-07T14:11:18.913Z,instance-1,A,burst,heavy,heavy,k6,Exp_A_09,43,POST,/api/heavy,heavy,0.01,115.65,58.84,3,15.78,102.09,1393.74,2529.58,2731.1,5.4,0,552.21,200
4e2310db-e0fc-433b-85ce-56f791211369,2026-06-07T14:11:18.914Z,instance-1,A,burst,heavy,heavy,k6,Exp_A_09,28,POST,/api/heavy,heavy,0.01,115.65,58.84,4,15.78,102.09,1393.74,2529.58,2731.1,5.6,0,717.31,200
bf87ae31-6a3b-4ed3-b694-c46cce193f3f,2026-06-07T14:11:18.914Z,instance-1,A,burst,heavy,heavy,k6,Exp_A_09,39,POST,/api/heavy,heavy,0.01,115.65,58.84,5,15.78,102.09,1393.74,2529.58,2731.1,5.8,0,932.34,200
a4999e33-1e97-4b48-89c2-e73e08e0b12c,2026-06-07T14:11:18.915Z,instance-1,A,burst,heavy,heavy,k6,Exp_A_09,53,POST,/api/heavy,heavy,0.01,115.65,58.84,6,15.78,102.09,1393.74,2529.58,2731.1,6,0,1109.2,200
f94efb80-a70d-4169-9770-261f5d63b76a,2026-06-07T14:11:18.915Z,instance-1,A,burst,heavy,heavy,k6,Exp_A_09,7,POST,/api/heavy,heavy,0.01,115.65,58.84,7,15.78,102.09,1393.74,2529.58,2731.1,6.2,0,1303.84,200
fadcbecc-1c16-48ea-98c1-3a373a6fa1af,2026-06-07T14:11:18.915Z,instance-1,A,burst,heavy,heavy,k6,Exp_A_09,3,POST,/api/heavy,heavy,0.01,115.65,58.84,8,15.78,102.09,1393.74,2529.58,2731.1,6.4,0,1484,200
ceb3b4c0-15d1-4196-94cc-4af55e311085,2026-06-07T14:11:18.915Z,instance-1,A,burst,heavy,heavy,k6,Exp_A_09,4,POST,/api/heavy,heavy,0.01,115.65,58.84,9,15.78,102.09,1393.74,2529.58,2731.1,6.6,0,1648.06,200
f0e48dd4-eb23-4a9c-948a-cf12a60cb955,2026-06-07T14:11:18.916Z,instance-1,A,burst,heavy,heavy,k6,Exp_A_09,35,POST,/api/heavy,heavy,0.01,115.65,58.84,10,15.78,102.09,1393.74,2529.58,2731.1,6.8,0,1857.41,200
2a4d44f6-2d47-41af-8791-7c97f660f479,2026-06-07T14:11:18.916Z,instance-1,A,burst,heavy,heavy,k6,Exp_A_09,38,POST,/api/heavy,heavy,0.01,115.65,58.84,11,15.78,102.09,1393.74,2529.58,2731.1,7,0,2038.69,200
af478e18-2529-498a-ad25-fb516600fe42,2026-06-07T14:11:18.916Z,instance-1,A,burst,heavy,heavy,k6,Exp_A_09,9,POST,/api/heavy,heavy,0.01,115.65,58.84,12,15.78,102.09,1393.74,2529.58,2731.1,7.2,0,2241.8,200
c2589e73-c4b8-45d4-a75b-6120496dc652,2026-06-07T14:11:18.916Z,instance-1,A,burst,heavy,heavy,k6,Exp_A_09,10,POST,/api/heavy,heavy,0.01,115.65,58.84,13,15.78,102.09,1393.74,2529.58,2731.1,7.4,0,2424.87,200
6e7cca87-19c2-43c7-803b-b409314323c4,2026-06-07T14:11:18.917Z,instance-1,A,burst,heavy,heavy,k6,Exp_A_09,15,POST,/api/heavy,heavy,0.01,115.65,58.84,14,15.78,102.09,1393.74,2529.58,2731.1,7.6,0,2618.82,200
122f0824-b195-4b34-b4e3-565b52e89da1,2026-06-07T14:11:21.114Z,instance-3,A,burst,heavy,heavy,k6,Exp_A_09,21,POST,/api/heavy,heavy,0.01,64.05,59.22,1,12.45,85.92,637.91,1252.65,1291.84,5.4,0,177.18,200
e59c730d-4ed1-480b-b6b3-726658a54b5e,2026-06-07T14:11:21.115Z,instance-3,A,burst,heavy,heavy,k6,Exp_A_09,6,POST,/api/heavy,heavy,0.01,64.05,59.22,2,12.45,85.92,637.91,1252.65,1291.84,5.6,0,329.49,200
4f0356cd-a271-408e-9f6f-e62dcf838249,2026-06-07T14:11:21.115Z,instance-3,A,burst,heavy,heavy,k6,Exp_A_09,46,POST,/api/heavy,heavy,0.01,64.05,59.22,3,12.45,85.92,637.91,1252.65,1291.84,5.8,0,503.83,200
6eb6937a-fcd5-4675-a690-1a812ebbeae5,2026-06-07T14:11:21.116Z,instance-3,A,burst,heavy,heavy,k6,Exp_A_09,43,POST,/api/heavy,heavy,0.01,64.05,59.22,4,12.45,85.92,637.91,1252.65,1291.84,6,0,686.54,200
e35060dc-8ca5-43e3-8b46-18cf52dc8824,2026-06-07T14:11:21.116Z,instance-3,A,burst,heavy,heavy,k6,Exp_A_09,8,POST,/api/heavy,heavy,0.01,64.05,59.22,5,12.45,85.92,637.91,1252.65,1291.84,6.2,0,867.62,200
175e000e-d4ba-40d4-87d6-024d1872a538,2026-06-07T14:11:21.117Z,instance-3,A,burst,heavy,heavy,k6,Exp_A_09,39,POST,/api/heavy,heavy,0.01,64.05,59.22,6,12.45,85.92,637.91,1252.65,1291.84,6.4,0,1061.74,200
081bcf3b-bbfd-4419-a2a7-a7daef15560b,2026-06-07T14:11:20.813Z,instance-2,A,burst,heavy,heavy,k6,Exp_A_09,19,POST,/api/heavy,heavy,0.01,70.3,59.01,1,12.38,120.53,978.84,1935.59,2268.07,5.6,0,193.44,200
d44600f3-2062-4e97-ab91-f4f7ed8be256,2026-06-07T14:11:20.814Z,instance-2,A,burst,heavy,heavy,k6,Exp_A_09,52,POST,/api/heavy,heavy,0.01,70.3,59.01,2,12.38,120.53,978.84,1935.59,2268.07,5.8,0,395.28,200
bcb97030-2db8-4f6c-af11-8edf5c16fa5a,2026-06-07T14:11:20.815Z,instance-2,A,burst,heavy,heavy,k6,Exp_A_09,42,POST,/api/heavy,heavy,0.01,70.3,59.01,3,12.38,120.53,978.84,1935.59,2268.07,6,0,579.98,200
463b3e34-7e6f-497d-8673-59d5f92399e7,2026-06-07T14:11:20.815Z,instance-2,A,burst,heavy,heavy,k6,Exp_A_09,11,POST,/api/heavy,heavy,0.01,70.3,59.01,4,12.38,120.53,978.84,1935.59,2268.07,6.2,0,772.53,200
c63501c8-14f6-4478-a31d-b95d933721af,2026-06-07T14:11:20.815Z,instance-2,A,burst,heavy,heavy,k6,Exp_A_09,41,POST,/api/heavy,heavy,0.01,70.3,59.01,5,12.38,120.53,978.84,1935.59,2268.07,6.4,0,998.43,200
3036f74f-f9ba-4424-b448-df05e336a89d,2026-06-07T14:11:20.816Z,instance-2,A,burst,heavy,heavy,k6,Exp_A_09,12,POST,/api/heavy,heavy,0.01,70.3,59.01,6,12.38,120.53,978.84,1935.59,2268.07,6.6,0,1187.73,200
555d7a97-fcb4-4fd0-b69f-bc27087366d7,2026-06-07T14:11:20.816Z,instance-2,A,burst,heavy,heavy,k6,Exp_A_09,45,POST,/api/heavy,heavy,0.01,70.3,59.01,7,12.38,120.53,978.84,1935.59,2268.07,6.8,0,1345.9,200
7d955696-87be-4358-8b5a-e7631bad2db0,2026-06-07T14:11:20.817Z,instance-2,A,burst,heavy,heavy,k6,Exp_A_09,23,POST,/api/heavy,heavy,0.01,70.3,59.01,8,12.38,120.53,978.84,1935.59,2268.07,7,0,1518.51,200
074575ac-0c18-4854-a7e0-f4263ee8974b,2026-06-07T14:11:20.817Z,instance-2,A,burst,heavy,heavy,k6,Exp_A_09,36,POST,/api/heavy,heavy,0.01,70.3,59.01,9,12.38,120.53,978.84,1935.59,2268.07,7.2,0,1699.65,200
4f641f84-8427-4b8e-8be7-fb24a5bd0c1b,2026-06-07T14:11:20.817Z,instance-2,A,burst,heavy,heavy,k6,Exp_A_09,28,POST,/api/heavy,heavy,0.01,70.3,59.01,10,12.38,120.53,978.84,1935.59,2268.07,7.4,0,1896.33,200
32a50703-02ef-46f2-b9ba-68e0fff14b12,2026-06-07T14:11:20.817Z,instance-2,A,burst,heavy,heavy,k6,Exp_A_09,1,POST,/api/heavy,heavy,0.01,70.3,59.01,11,12.38,120.53,978.84,1935.59,2268.07,7.6,0,2116.92,200
76f238f3-1881-4f19-a146-1665a6be52ff,2026-06-07T14:11:22.190Z,instance-3,A,burst,heavy,heavy,k6,Exp_A_09,49,POST,/api/heavy,heavy,0.01,68.77,59.34,1,12.45,44.27,613.6,1204.76,1291.84,5.2,0,164.31,200
bde9435c-862c-4f0e-af88-ea4f96a2f24c,2026-06-07T14:11:22.190Z,instance-3,A,burst,heavy,heavy,k6,Exp_A_09,7,POST,/api/heavy,heavy,0.01,68.77,59.34,2,12.45,44.27,613.6,1204.76,1291.84,5.4,0,347.72,200
9f25e48c-ac03-4f0b-b7b3-4518fab9ef01,2026-06-07T14:11:22.190Z,instance-3,A,burst,heavy,heavy,k6,Exp_A_09,47,POST,/api/heavy,heavy,0.01,68.77,59.34,3,12.45,44.27,613.6,1204.76,1291.84,5.6,0,541.05,200
553868cb-be36-4ae4-8c81-45712d1dfb3a,2026-06-07T14:11:22.191Z,instance-3,A,burst,heavy,heavy,k6,Exp_A_09,4,POST,/api/heavy,heavy,0.01,68.77,59.34,4,12.45,44.27,613.6,1204.76,1291.84,5.8,0,737.65,200
20f7877b-c0c5-4d1c-bfdf-f26333a770d4,2026-06-07T14:11:22.191Z,instance-3,A,burst,heavy,heavy,k6,Exp_A_09,37,POST,/api/heavy,heavy,0.01,68.77,59.34,5,12.45,44.27,613.6,1204.76,1291.84,6,0,966.96,200
55fa2e10-6289-44fd-8862-8928586fba4a,2026-06-07T14:11:22.191Z,instance-3,A,burst,heavy,heavy,k6,Exp_A_09,38,POST,/api/heavy,heavy,0.01,68.77,59.34,6,12.45,44.27,613.6,1204.76,1291.84,6.2,0,1145.43,200
3b81bb9e-5011-48c8-a513-1f6c6d9424ab,2026-06-07T14:11:21.546Z,instance-1,A,burst,heavy,heavy,k6,Exp_A_09,5,POST,/api/heavy,heavy,0.01,88,58.97,1,13.45,105.9,1371.37,2618.82,2731.1,5.2,0,208.68,200
74a85310-dbd6-41d8-9e0c-74ea1043f01b,2026-06-07T14:11:21.547Z,instance-1,A,burst,heavy,heavy,k6,Exp_A_09,32,POST,/api/heavy,heavy,0.01,88,58.97,2,13.45,105.9,1371.37,2618.82,2731.1,5.4,0,425.87,200
b70db380-a9cc-4167-b896-064f4d4bfd6c,2026-06-07T14:11:21.547Z,instance-1,A,burst,heavy,heavy,k6,Exp_A_09,44,POST,/api/heavy,heavy,0.01,88,58.97,3,13.45,105.9,1371.37,2618.82,2731.1,5.6,0,596.64,200
4f4f0503-97da-463c-89f6-d8fa7001f61f,2026-06-07T14:11:21.548Z,instance-1,A,burst,heavy,heavy,k6,Exp_A_09,17,POST,/api/heavy,heavy,0.01,88,58.97,4,13.45,105.9,1371.37,2618.82,2731.1,5.8,0,809.79,200
3ab99959-316f-42f5-a190-d63d1266e6fd,2026-06-07T14:11:21.548Z,instance-1,A,burst,heavy,heavy,k6,Exp_A_09,29,POST,/api/heavy,heavy,0.01,88,58.97,5,13.45,105.9,1371.37,2618.82,2731.1,6,0,996.38,200
1b967506-45fd-4205-9216-da19282f3fac,2026-06-07T14:11:21.549Z,instance-1,A,burst,heavy,heavy,k6,Exp_A_09,16,POST,/api/heavy,heavy,0.01,88,58.97,6,13.45,105.9,1371.37,2618.82,2731.1,6.2,0,1136.66,200
c667608d-52f8-470e-9758-4fd86afe0233,2026-06-07T14:11:21.550Z,instance-1,A,burst,heavy,heavy,k6,Exp_A_09,18,POST,/api/heavy,heavy,0.01,88,58.97,7,13.45,105.9,1371.37,2618.82,2731.1,6.4,0,1324.53,200
08f82d6d-1af3-48f7-91bb-2bbbe806bfb9,2026-06-07T14:11:21.550Z,instance-1,A,burst,heavy,heavy,k6,Exp_A_09,34,POST,/api/heavy,heavy,0.01,88,58.97,8,13.45,105.9,1371.37,2618.82,2731.1,6.6,0,1520.25,200
069eed53-8a93-40fc-a436-f3e6a1565f45,2026-06-07T14:11:21.551Z,instance-1,A,burst,heavy,heavy,k6,Exp_A_09,25,POST,/api/heavy,heavy,0.01,88,58.97,9,13.45,105.9,1371.37,2618.82,2731.1,6.8,0,1678.5,200
30fa1dfe-805d-480f-81c9-c478a69e28a2,2026-06-07T14:11:21.551Z,instance-1,A,burst,heavy,heavy,k6,Exp_A_09,58,POST,/api/heavy,heavy,0.01,88,58.97,10,13.45,105.9,1371.37,2618.82,2731.1,7,0,1880.42,200
21fd8193-17b5-4229-bf59-8743dbeb915d,2026-06-07T14:11:21.551Z,instance-1,A,burst,heavy,heavy,k6,Exp_A_09,31,POST,/api/heavy,heavy,0.01,88,58.97,11,13.45,105.9,1371.37,2618.82,2731.1,7.2,0,2051.2,200
c3fb9a87-d7ca-4fce-886e-09435bd7e60a,2026-06-07T14:11:21.551Z,instance-1,A,burst,heavy,heavy,k6,Exp_A_09,30,POST,/api/heavy,heavy,0.01,88,58.97,12,13.45,105.9,1371.37,2618.82,2731.1,7.4,0,2223.31,200
dc9d7f20-6de6-4647-875c-7507d5d4ba80,2026-06-07T14:11:21.552Z,instance-1,A,burst,heavy,heavy,k6,Exp_A_09,24,POST,/api/heavy,heavy,0.01,88,58.97,13,13.45,105.9,1371.37,2618.82,2731.1,7.6,0,2404.07,200
0ba36665-3160-4e47-8ac1-0661c9f8d5eb,2026-06-07T14:11:21.552Z,instance-1,A,burst,heavy,heavy,k6,Exp_A_09,27,POST,/api/heavy,heavy,0.01,88,58.97,14,13.45,105.9,1371.37,2618.82,2731.1,7.8,0,2562.6,200
9fe010c3-5dd0-4dc1-ae7e-26ea4b7decc9,2026-06-07T14:11:23.347Z,instance-3,A,burst,heavy,heavy,k6,Exp_A_09,52,POST,/api/heavy,heavy,0.01,120.3,59.39,1,12.6,84.37,677.34,1204.76,1291.84,5.4,0,195.88,200
2e4c023b-728f-475b-b77a-ea0660f93f69,2026-06-07T14:11:23.348Z,instance-3,A,burst,heavy,heavy,k6,Exp_A_09,21,POST,/api/heavy,heavy,0.01,120.3,59.39,2,12.6,84.37,677.34,1204.76,1291.84,5.6,0,375.75,200
7f179bd1-f7e8-4a1d-ae83-49b9c00f4c18,2026-06-07T14:11:23.349Z,instance-3,A,burst,heavy,heavy,k6,Exp_A_09,11,POST,/api/heavy,heavy,0.01,120.3,59.39,3,12.6,84.37,677.34,1204.76,1291.84,5.8,0,532.36,200
66753dde-2e4a-4b68-9ed2-4b6f578deb07,2026-06-07T14:11:23.349Z,instance-3,A,burst,heavy,heavy,k6,Exp_A_09,46,POST,/api/heavy,heavy,0.01,120.3,59.39,4,12.6,84.37,677.34,1204.76,1291.84,6,0,697.69,200
e8d934f4-8028-4ea8-9f03-7003b45fdfd1,2026-06-07T14:11:23.349Z,instance-3,A,burst,heavy,heavy,k6,Exp_A_09,8,POST,/api/heavy,heavy,0.01,120.3,59.39,5,12.6,84.37,677.34,1204.76,1291.84,6.2,0,911.15,200
8849ed2f-d3af-417e-901d-42b6c7be6864,2026-06-07T14:11:23.350Z,instance-3,A,burst,heavy,heavy,k6,Exp_A_09,12,POST,/api/heavy,heavy,0.01,120.3,59.39,6,12.6,84.37,677.34,1204.76,1291.84,6.4,0,1067.48,200
ab4bb410-ff3b-46e5-b049-1111e40f8071,2026-06-07T14:11:22.945Z,instance-2,A,burst,heavy,heavy,k6,Exp_A_09,53,POST,/api/heavy,heavy,0.01,49.47,58.9,1,13.28,112.86,1119.15,1935.59,2116.92,4.6,0,186.1,200
166f4bfe-e860-4f30-b208-09be29702b40,2026-06-07T14:11:22.945Z,instance-2,A,burst,heavy,heavy,k6,Exp_A_09,20,POST,/api/heavy,heavy,0.01,49.47,58.9,2,13.28,112.86,1119.15,1935.59,2116.92,4.8,0,372.25,200
41209cd9-6af4-4c68-853e-24fb93535d0e,2026-06-07T14:11:22.945Z,instance-2,A,burst,heavy,heavy,k6,Exp_A_09,3,POST,/api/heavy,heavy,0.01,49.47,58.9,3,13.28,112.86,1119.15,1935.59,2116.92,5,0,576.18,200
624a0dfe-d3ff-4601-aa1f-a1dfca5acd4d,2026-06-07T14:11:22.945Z,instance-2,A,burst,heavy,heavy,k6,Exp_A_09,14,POST,/api/heavy,heavy,0.01,49.47,58.9,4,13.28,112.86,1119.15,1935.59,2116.92,5.2,0,764.91,200
d29449ca-77dd-4d12-9c40-cf38b5ea43a8,2026-06-07T14:11:22.946Z,instance-2,A,burst,heavy,heavy,k6,Exp_A_09,35,POST,/api/heavy,heavy,0.01,49.47,58.9,5,13.28,112.86,1119.15,1935.59,2116.92,5.4,0,949.7,200
0f81cc76-b6c1-46a3-895b-063333ce61bf,2026-06-07T14:11:22.946Z,instance-2,A,burst,heavy,heavy,k6,Exp_A_09,13,POST,/api/heavy,heavy,0.01,49.47,58.9,6,13.28,112.86,1119.15,1935.59,2116.92,5.6,0,1129.31,200
3340e4f4-d9ee-477c-af53-528ae351976b,2026-06-07T14:11:22.946Z,instance-2,A,burst,heavy,heavy,k6,Exp_A_09,9,POST,/api/heavy,heavy,0.01,49.47,58.9,7,13.28,112.86,1119.15,1935.59,2116.92,5.8,0,1324.79,200
f687b096-0d5e-4e2b-ae16-af37706d05bf,2026-06-07T14:11:22.946Z,instance-2,A,burst,heavy,heavy,k6,Exp_A_09,6,POST,/api/heavy,heavy,0.01,49.47,58.9,8,13.28,112.86,1119.15,1935.59,2116.92,6,0,1525.35,200
8ff773ee-14fc-436b-8e95-02f1fdfb386c,2026-06-07T14:11:22.946Z,instance-2,A,burst,heavy,heavy,k6,Exp_A_09,15,POST,/api/heavy,heavy,0.01,49.47,58.9,9,13.28,112.86,1119.15,1935.59,2116.92,6.2,0,1690.64,200
e88073e1-48e9-4e06-8716-d197356ce5ad,2026-06-07T14:11:22.947Z,instance-2,A,burst,heavy,heavy,k6,Exp_A_09,41,POST,/api/heavy,heavy,0.01,49.47,58.9,10,13.28,112.86,1119.15,1935.59,2116.92,6.4,0,1890.61,200
f1369691-958a-4694-a3a9-5812153f02ed,2026-06-07T14:11:22.947Z,instance-2,A,burst,heavy,heavy,k6,Exp_A_09,2,POST,/api/heavy,heavy,0.01,49.47,58.9,11,13.28,112.86,1119.15,1935.59,2116.92,6.6,0,2100.37,200
df52d22f-952d-450d-a9cd-ab23afd51377,2026-06-07T14:11:24.429Z,instance-3,A,burst,heavy,heavy,k6,Exp_A_09,49,POST,/api/heavy,heavy,0.01,106.2,59.59,1,12.99,89.83,695.36,1204.76,1291.84,5.2,0,169.94,200
d5d62b64-6463-4f90-aede-49d08ea8d330,2026-06-07T14:11:24.429Z,instance-3,A,burst,heavy,heavy,k6,Exp_A_09,17,POST,/api/heavy,heavy,0.01,106.2,59.59,2,12.99,89.83,695.36,1204.76,1291.84,5.4,0,335.88,200
efd6d8fe-97e7-43d2-98f5-9d7279696c2b,2026-06-07T14:11:24.430Z,instance-3,A,burst,heavy,heavy,k6,Exp_A_09,28,POST,/api/heavy,heavy,0.01,106.2,59.59,3,12.99,89.83,695.36,1204.76,1291.84,5.6,0,493.59,200
e328a114-b927-4eef-bd9b-a376e7e5b803,2026-06-07T14:11:24.430Z,instance-3,A,burst,heavy,heavy,k6,Exp_A_09,47,POST,/api/heavy,heavy,0.01,106.2,59.59,4,12.99,89.83,695.36,1204.76,1291.84,5.8,0,701.87,200
675a94a9-8f01-4ddf-b3f9-7fe304574520,2026-06-07T14:11:24.431Z,instance-3,A,burst,heavy,heavy,k6,Exp_A_09,53,POST,/api/heavy,heavy,0.01,106.2,59.59,5,12.99,89.83,695.36,1204.76,1291.84,6,0,924.44,200
baf3e4ac-0d45-4feb-9dd9-00923fd8d268,2026-06-07T14:11:24.431Z,instance-3,A,burst,heavy,heavy,k6,Exp_A_09,37,POST,/api/heavy,heavy,0.01,106.2,59.59,6,12.99,89.83,695.36,1204.76,1291.84,6.2,0,1117.98,200
95c97eb9-fff4-4d1f-8617-8c8db0769dd5,2026-06-07T14:11:25.561Z,instance-3,A,burst,heavy,heavy,k6,Exp_A_09,3,POST,/api/heavy,heavy,0.01,112.5,59.66,1,13.68,101.94,675.22,1145.43,1204.76,5,0,220.54,200
7558fe4a-e8dc-456d-bcce-bf1d95e99215,2026-06-07T14:11:25.562Z,instance-3,A,burst,heavy,heavy,k6,Exp_A_09,52,POST,/api/heavy,heavy,0.01,112.5,59.66,2,13.68,101.94,675.22,1145.43,1204.76,5.2,0,459.07,200
5f3a7652-0019-4c56-a095-682582c56b17,2026-06-07T14:11:25.562Z,instance-3,A,burst,heavy,heavy,k6,Exp_A_09,11,POST,/api/heavy,heavy,0.01,112.5,59.66,3,13.68,101.94,675.22,1145.43,1204.76,5.4,0,672.79,200
b7d22985-077e-4a38-8550-1913fb27b49e,2026-06-07T14:11:25.562Z,instance-3,A,burst,heavy,heavy,k6,Exp_A_09,35,POST,/api/heavy,heavy,0.01,112.5,59.66,4,13.68,101.94,675.22,1145.43,1204.76,5.6,0,826.31,200
da9fb0d7-39cb-4caa-96e8-cb6539a02364,2026-06-07T14:11:25.562Z,instance-3,A,burst,heavy,heavy,k6,Exp_A_09,8,POST,/api/heavy,heavy,0.01,112.5,59.66,5,13.68,101.94,675.22,1145.43,1204.76,5.8,0,1009.87,200
ce17ede8-beaf-4c68-b0e4-edb29b5d69c9,2026-06-07T14:11:25.563Z,instance-3,A,burst,heavy,heavy,k6,Exp_A_09,9,POST,/api/heavy,heavy,0.01,112.5,59.66,6,13.68,101.94,675.22,1145.43,1204.76,6,0,1197.16,200
744fefd7-12a6-4e0e-b393-a21432f59e7c,2026-06-07T14:11:24.122Z,instance-1,A,burst,heavy,heavy,k6,Exp_A_09,33,POST,/api/heavy,heavy,0.01,66.67,59.14,1,15.8,77.34,1449.26,2562.6,2618.82,3,0,154.92,200
23d31730-c1e4-4c80-9495-9b24641f9a67,2026-06-07T14:11:24.122Z,instance-1,A,burst,heavy,heavy,k6,Exp_A_09,26,POST,/api/heavy,heavy,0.01,66.67,59.14,2,15.8,77.34,1449.26,2562.6,2618.82,3.2,0,360.14,200
2cc50188-c6c6-488c-9ac2-9495ffcdd6ad,2026-06-07T14:11:24.123Z,instance-1,A,burst,heavy,heavy,k6,Exp_A_09,22,POST,/api/heavy,heavy,0.01,66.67,59.14,3,15.8,77.34,1449.26,2562.6,2618.82,3.4,0,563.93,200
4c5fd6fb-375f-4ec1-9ba6-bc559aeda0c2,2026-06-07T14:11:24.123Z,instance-1,A,burst,heavy,heavy,k6,Exp_A_09,19,POST,/api/heavy,heavy,0.01,66.67,59.14,4,15.8,77.34,1449.26,2562.6,2618.82,3.6,0,759.69,200
271777b9-f84c-4830-96b2-133c8c9e5eba,2026-06-07T14:11:24.123Z,instance-1,A,burst,heavy,heavy,k6,Exp_A_09,10,POST,/api/heavy,heavy,0.01,66.67,59.14,5,15.8,77.34,1449.26,2562.6,2618.82,3.8,0,939.76,200
18bd1505-4eb1-49d3-aaee-feb972282f31,2026-06-07T14:11:24.123Z,instance-1,A,burst,heavy,heavy,k6,Exp_A_09,42,POST,/api/heavy,heavy,0.01,66.67,59.14,6,15.8,77.34,1449.26,2562.6,2618.82,4,0,1137.93,200
ed8fc2de-6e27-4de3-878a-379c86d4e2f7,2026-06-07T14:11:24.123Z,instance-1,A,burst,heavy,heavy,k6,Exp_A_09,5,POST,/api/heavy,heavy,0.01,66.67,59.14,7,15.8,77.34,1449.26,2562.6,2618.82,4.2,0,1375.65,200
615528d3-1583-4c7c-85ae-d4584740cb0e,2026-06-07T14:11:24.124Z,instance-1,A,burst,heavy,heavy,k6,Exp_A_09,43,POST,/api/heavy,heavy,0.01,66.67,59.14,8,15.8,77.34,1449.26,2562.6,2618.82,4.4,0,1615.26,200
c4b8899d-12ad-450e-8d75-7d49906ae30a,2026-06-07T14:11:24.124Z,instance-1,A,burst,heavy,heavy,k6,Exp_A_09,44,POST,/api/heavy,heavy,0.01,66.67,59.14,9,15.8,77.34,1449.26,2562.6,2618.82,4.6,0,1833.95,200
f2df7e25-9bdc-4635-8938-60e439cf5942,2026-06-07T14:11:24.124Z,instance-1,A,burst,heavy,heavy,k6,Exp_A_09,45,POST,/api/heavy,heavy,0.01,66.67,59.14,10,15.8,77.34,1449.26,2562.6,2618.82,4.8,0,2024.88,200
a6022eff-8234-4927-b7ca-1854bbfd827d,2026-06-07T14:11:24.124Z,instance-1,A,burst,heavy,heavy,k6,Exp_A_09,36,POST,/api/heavy,heavy,0.01,66.67,59.14,11,15.8,77.34,1449.26,2562.6,2618.82,5,0,2184.19,200
2d72f199-8e68-433c-bd32-7888e2ae803e,2026-06-07T14:11:24.124Z,instance-1,A,burst,heavy,heavy,k6,Exp_A_09,7,POST,/api/heavy,heavy,0.01,66.67,59.14,12,15.8,77.34,1449.26,2562.6,2618.82,5.2,0,2378.61,200
ccc8bb56-bbb6-4025-8e87-82fb21ae58b3,2026-06-07T14:11:24.124Z,instance-1,A,burst,heavy,heavy,k6,Exp_A_09,18,POST,/api/heavy,heavy,0.01,66.67,59.14,13,15.8,77.34,1449.26,2562.6,2618.82,5.4,0,2553.95,200
48a65ac8-8ac2-491d-936b-31ab88fd7f92,2026-06-07T14:11:24.124Z,instance-1,A,burst,heavy,heavy,k6,Exp_A_09,4,POST,/api/heavy,heavy,0.01,66.67,59.14,14,15.8,77.34,1449.26,2562.6,2618.82,5.6,0,2717.9,200
44a2948c-1127-46c5-85e0-e8beabf38f6f,2026-06-07T14:11:25.058Z,instance-2,A,burst,heavy,heavy,k6,Exp_A_09,32,POST,/api/heavy,heavy,0.01,92.2,59.16,1,12.22,70.66,1232.62,2100.37,2116.92,4.6,0,210.45,200
d444263f-a7e3-41cd-a13a-da3ccd8ca4b3,2026-06-07T14:11:25.060Z,instance-2,A,burst,heavy,heavy,k6,Exp_A_09,39,POST,/api/heavy,heavy,0.01,92.2,59.16,2,12.22,70.66,1232.62,2100.37,2116.92,4.8,0,406.11,200
97e37b51-780a-4256-893a-357c8c2ceb09,2026-06-07T14:11:25.061Z,instance-2,A,burst,heavy,heavy,k6,Exp_A_09,23,POST,/api/heavy,heavy,0.01,92.2,59.16,3,12.22,70.66,1232.62,2100.37,2116.92,5,0,645.56,200
626561f7-b75b-4451-afb0-89e7266f8823,2026-06-07T14:11:25.061Z,instance-2,A,burst,heavy,heavy,k6,Exp_A_09,29,POST,/api/heavy,heavy,0.01,92.2,59.16,4,12.22,70.66,1232.62,2100.37,2116.92,5.2,0,836.08,200
27abf460-b561-4d0d-93fa-4a6e81c9b725,2026-06-07T14:11:25.061Z,instance-2,A,burst,heavy,heavy,k6,Exp_A_09,16,POST,/api/heavy,heavy,0.01,92.2,59.16,5,12.22,70.66,1232.62,2100.37,2116.92,5.4,0,1005.7,200
40504544-0118-48b4-893d-4f65faba7ead,2026-06-07T14:11:25.061Z,instance-2,A,burst,heavy,heavy,k6,Exp_A_09,1,POST,/api/heavy,heavy,0.01,92.2,59.16,6,12.22,70.66,1232.62,2100.37,2116.92,5.6,0,1182.39,200
14ac2015-f4bd-4bc0-8953-e728289a5ca0,2026-06-07T14:11:25.062Z,instance-2,A,burst,heavy,heavy,k6,Exp_A_09,34,POST,/api/heavy,heavy,0.01,92.2,59.16,7,12.22,70.66,1232.62,2100.37,2116.92,5.8,0,1396.48,200
42c637fc-d252-4cd5-a27f-b62fef95e247,2026-06-07T14:11:25.062Z,instance-2,A,burst,heavy,heavy,k6,Exp_A_09,38,POST,/api/heavy,heavy,0.01,92.2,59.16,8,12.22,70.66,1232.62,2100.37,2116.92,6,0,1558.05,200
0eb1c985-0730-4c9f-a56a-a68de678ca4f,2026-06-07T14:11:25.062Z,instance-2,A,burst,heavy,heavy,k6,Exp_A_09,58,POST,/api/heavy,heavy,0.01,92.2,59.16,9,12.22,70.66,1232.62,2100.37,2116.92,6.2,0,1778.21,200
f95644e6-1234-4146-8b7a-9034da18cef4,2026-06-07T14:11:25.062Z,instance-2,A,burst,heavy,heavy,k6,Exp_A_09,21,POST,/api/heavy,heavy,0.01,92.2,59.16,10,12.22,70.66,1232.62,2100.37,2116.92,6.4,0,1966.32,200
98f2ae50-7349-4e76-b2c0-47308d6cdb60,2026-06-07T14:11:25.062Z,instance-2,A,burst,heavy,heavy,k6,Exp_A_09,30,POST,/api/heavy,heavy,0.01,92.2,59.16,11,12.22,70.66,1232.62,2100.37,2116.92,6.6,0,2160.38,200
858c4715-a7a9-4d79-af30-b3e228232d60,2026-06-07T14:11:26.771Z,instance-3,A,burst,heavy,heavy,k6,Exp_A_09,49,POST,/api/heavy,heavy,0.01,107.8,59.78,1,13.12,103.11,682.55,1145.43,1197.16,5,0,191.36,200
2f203522-06e4-494e-8ce9-1b84d1daa8d9,2026-06-07T14:11:26.771Z,instance-3,A,burst,heavy,heavy,k6,Exp_A_09,15,POST,/api/heavy,heavy,0.01,107.8,59.78,2,13.12,103.11,682.55,1145.43,1197.16,5.2,0,368.08,200
9a39c775-5f07-4e07-bf81-07eb172c748f,2026-06-07T14:11:26.772Z,instance-3,A,burst,heavy,heavy,k6,Exp_A_09,28,POST,/api/heavy,heavy,0.01,107.8,59.78,3,13.12,103.11,682.55,1145.43,1197.16,5.4,0,549.06,200
87db1bb1-ff1f-43a1-8c1a-171d05a0a088,2026-06-07T14:11:26.772Z,instance-3,A,burst,heavy,heavy,k6,Exp_A_09,2,POST,/api/heavy,heavy,0.01,107.8,59.78,4,13.12,103.11,682.55,1145.43,1197.16,5.6,0,750.3,200
b74dbbd8-850e-43a6-9d4b-bdc58fa1c9d5,2026-06-07T14:11:26.772Z,instance-3,A,burst,heavy,heavy,k6,Exp_A_09,53,POST,/api/heavy,heavy,0.01,107.8,59.78,5,13.12,103.11,682.55,1145.43,1197.16,5.8,0,912.31,200
e89de140-62e5-45be-9145-7e4d9b05654b,2026-06-07T14:11:26.772Z,instance-3,A,burst,heavy,heavy,k6,Exp_A_09,39,POST,/api/heavy,heavy,0.01,107.8,59.78,6,13.12,103.11,682.55,1145.43,1197.16,6,0,1106.14,200
9b197d4d-70b4-45d7-9dfc-54607d5e48e6,2026-06-07T14:11:27.887Z,instance-3,A,burst,heavy,heavy,k6,Exp_A_09,3,POST,/api/heavy,heavy,0.01,115.7,59.78,1,12.08,112.5,690.26,1145.43,1197.16,5,0,182.39,200
8971433b-d3d3-4ccd-9b47-5bfccbbfe8f6,2026-06-07T14:11:27.888Z,instance-3,A,burst,heavy,heavy,k6,Exp_A_09,29,POST,/api/heavy,heavy,0.01,115.7,59.78,2,12.08,112.5,690.26,1145.43,1197.16,5.2,0,368.81,200
d79ce010-7af2-490e-af8b-40c72b334045,2026-06-07T14:11:27.888Z,instance-3,A,burst,heavy,heavy,k6,Exp_A_09,11,POST,/api/heavy,heavy,0.01,115.7,59.78,3,12.08,112.5,690.26,1145.43,1197.16,5.4,0,549.4,200
f66d0c1a-3ec9-4303-8079-0e22f2ff1e83,2026-06-07T14:11:27.888Z,instance-3,A,burst,heavy,heavy,k6,Exp_A_09,1,POST,/api/heavy,heavy,0.01,115.7,59.78,4,12.08,112.5,690.26,1145.43,1197.16,5.6,0,693.28,200
05c75914-6ed5-4565-850f-d41c95c2ad83,2026-06-07T14:11:27.888Z,instance-3,A,burst,heavy,heavy,k6,Exp_A_09,18,POST,/api/heavy,heavy,0.01,115.7,59.78,5,12.08,112.5,690.26,1145.43,1197.16,5.8,0,839.58,200
b7fa5e37-6b0f-464b-b495-4e783fb47c2b,2026-06-07T14:11:27.889Z,instance-3,A,burst,heavy,heavy,k6,Exp_A_09,9,POST,/api/heavy,heavy,0.01,115.7,59.78,6,12.08,112.5,690.26,1145.43,1197.16,6,0,999.27,200
3197f282-fc0f-43f7-a8d8-380566a8fcad,2026-06-07T14:11:28.897Z,instance-3,A,burst,heavy,heavy,k6,Exp_A_09,30,POST,/api/heavy,heavy,0.01,112.5,59.84,1,10.04,110.94,678.36,1117.98,1197.16,5,0,196.56,200
b769f99f-ee16-44ad-bc53-bd457d135077,2026-06-07T14:11:28.897Z,instance-3,A,burst,heavy,heavy,k6,Exp_A_09,20,POST,/api/heavy,heavy,0.01,112.5,59.84,2,10.04,110.94,678.36,1117.98,1197.16,5.2,0,410.34,200
5ed5a3fc-f82c-46d8-b320-e0d565eacc78,2026-06-07T14:11:26.854Z,instance-1,A,burst,heavy,heavy,k6,Exp_A_09,25,POST,/api/heavy,heavy,0.01,128.95,59.38,1,9.92,97.81,1489.3,2562.6,2717.9,3,0,208.66,200
f5e783fa-6e01-497e-b9cb-de1eec871784,2026-06-07T14:11:26.854Z,instance-1,A,burst,heavy,heavy,k6,Exp_A_09,20,POST,/api/heavy,heavy,0.01,128.95,59.38,2,9.92,97.81,1489.3,2562.6,2717.9,3.2,0,413.99,200
6ac607ef-d03c-4e82-bd59-19fd840644a9,2026-06-07T14:11:26.855Z,instance-1,A,burst,heavy,heavy,k6,Exp_A_09,31,POST,/api/heavy,heavy,0.01,128.95,59.38,3,9.92,97.81,1489.3,2562.6,2717.9,3.4,0,614.14,200
4de51884-e676-4559-a611-3647acaa7614,2026-06-07T14:11:26.855Z,instance-1,A,burst,heavy,heavy,k6,Exp_A_09,14,POST,/api/heavy,heavy,0.01,128.95,59.38,4,9.92,97.81,1489.3,2562.6,2717.9,3.6,0,787.3,200
9d95a5bb-66ec-444b-a279-38a97e70a37b,2026-06-07T14:11:26.856Z,instance-1,A,burst,heavy,heavy,k6,Exp_A_09,24,POST,/api/heavy,heavy,0.01,128.95,59.38,5,9.92,97.81,1489.3,2562.6,2717.9,3.8,0,931.19,200
8ad2e0c3-6ff0-4a69-a29a-11d31d1c1576,2026-06-07T14:11:26.856Z,instance-1,A,burst,heavy,heavy,k6,Exp_A_09,46,POST,/api/heavy,heavy,0.01,128.95,59.38,6,9.92,97.81,1489.3,2562.6,2717.9,4,0,1129.88,200
0d5a3045-2f8f-41bf-af62-eb1410826552,2026-06-07T14:11:26.857Z,instance-1,A,burst,heavy,heavy,k6,Exp_A_09,33,POST,/api/heavy,heavy,0.01,128.95,59.38,7,9.92,97.81,1489.3,2562.6,2717.9,4.2,0,1306,200
41189210-1a92-4d0a-a9e4-27d4148703de,2026-06-07T14:11:26.857Z,instance-1,A,burst,heavy,heavy,k6,Exp_A_09,12,POST,/api/heavy,heavy,0.01,128.95,59.38,8,9.92,97.81,1489.3,2562.6,2717.9,4.4,0,1508.97,200
25bb8775-146d-4cff-af5c-c5fd9d393184,2026-06-07T14:11:26.858Z,instance-1,A,burst,heavy,heavy,k6,Exp_A_09,22,POST,/api/heavy,heavy,0.01,128.95,59.38,9,9.92,97.81,1489.3,2562.6,2717.9,4.6,0,1715.87,200
d33def11-756c-49c2-b2f4-fa212b2b3d0d,2026-06-07T14:11:26.858Z,instance-1,A,burst,heavy,heavy,k6,Exp_A_09,17,POST,/api/heavy,heavy,0.01,128.95,59.38,10,9.92,97.81,1489.3,2562.6,2717.9,4.8,0,1908.9,200
6a92c56b-5a88-483b-a374-f5e772cd8dfc,2026-06-07T14:11:26.859Z,instance-1,A,burst,heavy,heavy,k6,Exp_A_09,10,POST,/api/heavy,heavy,0.01,128.95,59.38,11,9.92,97.81,1489.3,2562.6,2717.9,5,0,2098.19,200
31eb2d24-ad67-473d-a7b8-0f8eb16abb33,2026-06-07T14:11:26.859Z,instance-1,A,burst,heavy,heavy,k6,Exp_A_09,5,POST,/api/heavy,heavy,0.01,128.95,59.38,12,9.92,97.81,1489.3,2562.6,2717.9,5.2,0,2319.52,200
dadaa4d6-40a9-466b-a0ef-27af34d4b08a,2026-06-07T14:11:26.860Z,instance-1,A,burst,heavy,heavy,k6,Exp_A_09,37,POST,/api/heavy,heavy,0.01,128.95,59.38,13,9.92,97.81,1489.3,2562.6,2717.9,5.4,0,2503.07,200
c14a749b-5cfc-475c-8422-36039b3b2f7e,2026-06-07T14:11:26.860Z,instance-1,A,burst,heavy,heavy,k6,Exp_A_09,47,POST,/api/heavy,heavy,0.01,128.95,59.38,14,9.92,97.81,1489.3,2562.6,2717.9,5.6,0,2725.44,200
f84eaa56-44b9-45ba-83b4-41ec1c7a57e6,2026-06-07T14:11:27.234Z,instance-2,A,burst,heavy,heavy,k6,Exp_A_09,13,POST,/api/heavy,heavy,0.01,103.9,59.25,1,14.68,81.86,1264.9,2116.92,2160.38,4.6,0,169.68,200
6b3e1af4-4f97-42f2-9fe9-c28415493308,2026-06-07T14:11:27.234Z,instance-2,A,burst,heavy,heavy,k6,Exp_A_09,27,POST,/api/heavy,heavy,0.01,103.9,59.25,2,14.68,81.86,1264.9,2116.92,2160.38,4.8,0,393.77,200
dd3084fb-0e4a-4fbb-9a5b-08f706eb7812,2026-06-07T14:11:27.235Z,instance-2,A,burst,heavy,heavy,k6,Exp_A_09,6,POST,/api/heavy,heavy,0.01,103.9,59.25,3,14.68,81.86,1264.9,2116.92,2160.38,5,0,606.79,200
6e64beba-9b9c-4eed-bf80-304b3360b1ac,2026-06-07T14:11:27.236Z,instance-2,A,burst,heavy,heavy,k6,Exp_A_09,26,POST,/api/heavy,heavy,0.01,103.9,59.25,4,14.68,81.86,1264.9,2116.92,2160.38,5.2,0,774.1,200
569dabf5-a67d-479e-9511-82bb8e10429e,2026-06-07T14:11:27.237Z,instance-2,A,burst,heavy,heavy,k6,Exp_A_09,19,POST,/api/heavy,heavy,0.01,103.9,59.25,5,14.68,81.86,1264.9,2116.92,2160.38,5.4,0,996.54,200
c0198da4-39e5-49e5-adec-746e92d70170,2026-06-07T14:11:27.237Z,instance-2,A,burst,heavy,heavy,k6,Exp_A_09,42,POST,/api/heavy,heavy,0.01,103.9,59.25,6,14.68,81.86,1264.9,2116.92,2160.38,5.6,0,1157.1,200
ef660d21-a796-4e11-ae79-b2f29b5c22ab,2026-06-07T14:11:27.237Z,instance-2,A,burst,heavy,heavy,k6,Exp_A_09,32,POST,/api/heavy,heavy,0.01,103.9,59.25,7,14.68,81.86,1264.9,2116.92,2160.38,5.8,0,1347.73,200
d4902501-32ae-46ed-865a-0f355409ba38,2026-06-07T14:11:27.238Z,instance-2,A,burst,heavy,heavy,k6,Exp_A_09,23,POST,/api/heavy,heavy,0.01,103.9,59.25,8,14.68,81.86,1264.9,2116.92,2160.38,6,0,1569.64,200
30e47a4d-182d-4d03-946f-822764738249,2026-06-07T14:11:27.238Z,instance-2,A,burst,heavy,heavy,k6,Exp_A_09,43,POST,/api/heavy,heavy,0.01,103.9,59.25,9,14.68,81.86,1264.9,2116.92,2160.38,6.2,0,1759.76,200
8339228e-33bb-41ce-b9fc-402914c97c92,2026-06-07T14:11:27.238Z,instance-2,A,burst,heavy,heavy,k6,Exp_A_09,16,POST,/api/heavy,heavy,0.01,103.9,59.25,10,14.68,81.86,1264.9,2116.92,2160.38,6.4,0,1956.5,200
d63f9199-4808-450d-98e2-f6c8febf9a68,2026-06-07T14:11:27.238Z,instance-2,A,burst,heavy,heavy,k6,Exp_A_09,45,POST,/api/heavy,heavy,0.01,103.9,59.25,11,14.68,81.86,1264.9,2116.92,2160.38,6.6,0,2165.63,200
53cf74b0-0397-4e98-b4ff-3c9ae820ac83,2026-06-07T14:11:27.238Z,instance-2,A,burst,heavy,heavy,k6,Exp_A_09,41,POST,/api/heavy,heavy,0.01,103.9,59.25,12,14.68,81.86,1264.9,2116.92,2160.38,6.8,0,2366.57,200
7620752d-d0cb-495f-85c9-29017fcc382c,2026-06-07T14:11:29.309Z,instance-3,A,burst,heavy,heavy,k6,Exp_A_09,33,POST,/api/heavy,heavy,0.01,109.4,59.85,1,9.48,110.68,641.25,1117.98,1197.16,5.4,0,212.53,200
7f48a829-ef33-4470-ad55-0fa608db124d,2026-06-07T14:11:29.310Z,instance-3,A,burst,heavy,heavy,k6,Exp_A_09,19,POST,/api/heavy,heavy,0.01,109.4,59.85,2,9.48,110.68,641.25,1117.98,1197.16,5.6,0,482.53,200
08c5a040-5f1d-4e8c-b920-65bb8ce7bbc2,2026-06-07T14:11:29.794Z,instance-3,A,burst,heavy,heavy,k6,Exp_A_09,7,POST,/api/heavy,heavy,0.01,0,59.99,1,1.84,92.98,632.14,1117.98,1197.16,4.6,0,372.52,200
25afc903-7e37-4297-ad6e-f1211660552c,2026-06-07T14:11:29.796Z,instance-3,A,burst,heavy,heavy,k6,Exp_A_09,22,POST,/api/heavy,heavy,0.01,0,59.99,2,1.84,92.98,632.14,1117.98,1197.16,4.8,0,700.83,200
c26aeead-589a-4b56-aa47-6124b1a49183,2026-06-07T14:11:29.616Z,instance-2,A,burst,heavy,heavy,k6,Exp_A_09,8,POST,/api/heavy,heavy,0.01,104.7,59.41,1,15.25,100.27,1311.2,2165.63,2366.57,4.8,0,360.97,200
74fb8229-7177-4f43-80d7-f815a3e2b62c,2026-06-07T14:11:29.617Z,instance-2,A,burst,heavy,heavy,k6,Exp_A_09,38,POST,/api/heavy,heavy,0.01,104.7,59.41,2,15.25,100.27,1311.2,2165.63,2366.57,5,0,719.61,200
ffacccc8-3bed-417f-baa4-c6d9770d01ae,2026-06-07T14:11:29.617Z,instance-2,A,burst,heavy,heavy,k6,Exp_A_09,25,POST,/api/heavy,heavy,0.01,104.7,59.41,3,15.25,100.27,1311.2,2165.63,2366.57,5.2,0,1027.03,200
874c5565-a125-4c6b-bfec-1b80ef908fe1,2026-06-07T14:11:29.619Z,instance-2,A,burst,heavy,heavy,k6,Exp_A_09,15,POST,/api/heavy,heavy,0.01,104.7,59.41,4,15.25,100.27,1311.2,2165.63,2366.57,5.4,0,1285.7,200
5c1656f3-868e-4300-83fa-5224016f0248,2026-06-07T14:11:29.619Z,instance-2,A,burst,heavy,heavy,k6,Exp_A_09,26,POST,/api/heavy,heavy,0.01,104.7,59.41,5,15.25,100.27,1311.2,2165.63,2366.57,5.6,0,1564.69,200
d2a135f2-52c1-4e25-8892-486bbae6fa1d,2026-06-07T14:11:29.620Z,instance-2,A,burst,heavy,heavy,k6,Exp_A_09,3,POST,/api/heavy,heavy,0.01,104.7,59.41,6,15.25,100.27,1311.2,2165.63,2366.57,5.8,0,1782.96,200
825d498b-f637-4880-98ed-7ae804651675,2026-06-07T14:11:29.620Z,instance-2,A,burst,heavy,heavy,k6,Exp_A_09,11,POST,/api/heavy,heavy,0.01,104.7,59.41,7,15.25,100.27,1311.2,2165.63,2366.57,6,0,2235.14,200
dd18fd20-cbc9-48b6-b339-318f1b85b37d,2026-06-07T14:11:29.621Z,instance-2,A,burst,heavy,heavy,k6,Exp_A_09,34,POST,/api/heavy,heavy,0.01,104.7,59.41,8,15.25,100.27,1311.2,2165.63,2366.57,6.2,0,2721.24,200
4a34cc79-30ff-4c41-b984-f0c0caabec39,2026-06-07T14:11:30.506Z,instance-3,A,burst,heavy,heavy,k6,Exp_A_09,23,POST,/api/heavy,heavy,0.01,0,59.99,1,2.52,92.98,615.56,1117.98,1197.16,5,0,288.67,200
55fff36e-f202-4f31-9333-9b4846739250,2026-06-07T14:11:30.507Z,instance-3,A,burst,heavy,heavy,k6,Exp_A_09,58,POST,/api/heavy,heavy,0.01,0,59.99,2,2.52,92.98,615.56,1117.98,1197.16,5.2,0,506.35,200
98b430c2-938a-4cb2-9a2e-4f8fb5554af1,2026-06-07T14:11:30.507Z,instance-3,A,burst,heavy,heavy,k6,Exp_A_09,30,POST,/api/heavy,heavy,0.01,0,59.99,3,2.52,92.98,615.56,1117.98,1197.16,5.4,0,766.41,200
b02e5325-9b62-4e4b-8a95-492a9997a705,2026-06-07T14:11:30.508Z,instance-3,A,burst,heavy,heavy,k6,Exp_A_09,5,POST,/api/heavy,heavy,0.01,0,59.99,4,2.52,92.98,615.56,1117.98,1197.16,5.6,0,1004.48,200
dab71982-99a9-480b-bfd4-4b5a4aa73fb8,2026-06-07T14:11:30.508Z,instance-3,A,burst,heavy,heavy,k6,Exp_A_09,13,POST,/api/heavy,heavy,0.01,0,59.99,5,2.52,92.98,615.56,1117.98,1197.16,5.8,0,1538.71,200
f5084a9c-bd69-4d23-b3de-42c2be0c89a5,2026-06-07T14:11:30.509Z,instance-3,A,burst,heavy,heavy,k6,Exp_A_09,31,POST,/api/heavy,heavy,0.01,0,59.99,6,2.52,92.98,615.56,1117.98,1197.16,6,0,2005.05,200
45ebee0d-5d4f-42db-80b5-051b1ad20e19,2026-06-07T14:11:29.595Z,instance-1,A,burst,heavy,heavy,k6,Exp_A_09,44,POST,/api/heavy,heavy,0.01,84.87,59.54,1,17.66,106.91,1548.34,2717.9,2725.44,3,0,356.29,200
d32923f6-86cb-4f1c-9d36-2a2ab0597aff,2026-06-07T14:11:29.596Z,instance-1,A,burst,heavy,heavy,k6,Exp_A_09,52,POST,/api/heavy,heavy,0.01,84.87,59.54,2,17.66,106.91,1548.34,2717.9,2725.44,3.2,0,709.01,200
f45bfba3-3f7e-4bbd-b7fe-877ea47c0a42,2026-06-07T14:11:29.596Z,instance-1,A,burst,heavy,heavy,k6,Exp_A_09,36,POST,/api/heavy,heavy,0.01,84.87,59.54,3,17.66,106.91,1548.34,2717.9,2725.44,3.4,0,1024.78,200
0754adf1-0f6f-4c06-bf23-b22bea2170bb,2026-06-07T14:11:29.597Z,instance-1,A,burst,heavy,heavy,k6,Exp_A_09,35,POST,/api/heavy,heavy,0.01,84.87,59.54,4,17.66,106.91,1548.34,2717.9,2725.44,3.6,0,1303.76,200
55c370f9-d745-4249-bf77-483108522f1d,2026-06-07T14:11:29.597Z,instance-1,A,burst,heavy,heavy,k6,Exp_A_09,49,POST,/api/heavy,heavy,0.01,84.87,59.54,5,17.66,106.91,1548.34,2717.9,2725.44,3.8,0,1569.18,200
f08cbcdb-e694-4853-b1c0-f1001a44b330,2026-06-07T14:11:29.598Z,instance-1,A,burst,heavy,heavy,k6,Exp_A_09,21,POST,/api/heavy,heavy,0.01,84.87,59.54,6,17.66,106.91,1548.34,2717.9,2725.44,4,0,1822.64,200
6d480db3-da18-4ede-a4c0-cad9bafbdf7b,2026-06-07T14:11:29.598Z,instance-1,A,burst,heavy,heavy,k6,Exp_A_09,28,POST,/api/heavy,heavy,0.01,84.87,59.54,7,17.66,106.91,1548.34,2717.9,2725.44,4.2,0,2300.82,200
66ecf9a8-63e3-4d34-8961-36b3c91fe618,2026-06-07T14:11:29.598Z,instance-1,A,burst,heavy,heavy,k6,Exp_A_09,2,POST,/api/heavy,heavy,0.01,84.87,59.54,8,17.66,106.91,1548.34,2717.9,2725.44,4.4,0,2778.65,200
f3f1f761-a2e1-41a9-ad7a-2adbaa49dc5c,2026-06-07T14:11:29.599Z,instance-1,A,burst,heavy,heavy,k6,Exp_A_09,29,POST,/api/heavy,heavy,0.01,84.87,59.54,9,17.66,106.91,1548.34,2717.9,2725.44,4.6,0,3206.72,200
7250f402-41a7-486a-afde-d017e6ee684c,2026-06-07T14:11:29.599Z,instance-1,A,burst,heavy,heavy,k6,Exp_A_09,12,POST,/api/heavy,heavy,0.01,84.87,59.54,10,17.66,106.91,1548.34,2717.9,2725.44,4.8,0,3612.54,200
c32deb90-f450-4ad6-b9f8-1b2c96334365,2026-06-07T14:11:29.600Z,instance-1,A,burst,heavy,heavy,k6,Exp_A_09,1,POST,/api/heavy,heavy,0.01,84.87,59.54,11,17.66,106.91,1548.34,2717.9,2725.44,5,0,4008.54,200
db685122-3329-478c-a098-43f0c7872fb2,2026-06-07T14:11:29.600Z,instance-1,A,burst,heavy,heavy,k6,Exp_A_09,32,POST,/api/heavy,heavy,0.01,84.87,59.54,12,17.66,106.91,1548.34,2717.9,2725.44,5.2,0,4426.71,200
0afa4ecc-4b02-4e4a-9a9e-244f4db00ea5,2026-06-07T14:11:32.532Z,instance-3,A,burst,heavy,heavy,k6,Exp_A_09,14,POST,/api/heavy,heavy,0.01,0,59.99,1,2.52,92.98,708.88,1538.71,2005.05,3.8,0,419.78,200
45320298-f89e-42ce-9b8c-c3fab20ab27a,2026-06-07T14:11:32.533Z,instance-3,A,burst,heavy,heavy,k6,Exp_A_09,53,POST,/api/heavy,heavy,0.01,0,59.99,2,2.52,92.98,708.88,1538.71,2005.05,4,0,815.4,200
fa4a8a33-d442-468c-a2db-d451080e7235,2026-06-07T14:11:32.534Z,instance-3,A,burst,heavy,heavy,k6,Exp_A_09,44,POST,/api/heavy,heavy,0.01,0,59.99,3,2.52,92.98,708.88,1538.71,2005.05,4.2,0,1219.66,200
9b3259b9-ce0b-4b82-bd63-2d52a0c8a06b,2026-06-07T14:11:32.535Z,instance-3,A,burst,heavy,heavy,k6,Exp_A_09,42,POST,/api/heavy,heavy,0.01,0,59.99,4,2.52,92.98,708.88,1538.71,2005.05,4.4,0,1645.51,200
506bd76e-c7a8-4ef5-865f-1f772c62a4e8,2026-06-07T14:11:32.535Z,instance-3,A,burst,heavy,heavy,k6,Exp_A_09,22,POST,/api/heavy,heavy,0.01,0,59.99,5,2.52,92.98,708.88,1538.71,2005.05,4.6,0,2089.92,200
b1da705e-e5ae-4489-8154-c06df836dccb,2026-06-07T14:11:32.537Z,instance-3,A,burst,heavy,heavy,k6,Exp_A_09,58,POST,/api/heavy,heavy,0.01,0,59.99,6,2.52,92.98,708.88,1538.71,2005.05,4.8,0,2510.14,200
3fe89bce-52df-4f21-ad45-6d45babda90f,2026-06-07T14:11:32.537Z,instance-3,A,burst,heavy,heavy,k6,Exp_A_09,21,POST,/api/heavy,heavy,0.01,0,59.99,7,2.52,92.98,708.88,1538.71,2005.05,5,0,2929.45,200
ecfd6303-992d-4a8d-be7a-2ba438ccc660,2026-06-07T14:11:32.539Z,instance-3,A,burst,heavy,heavy,k6,Exp_A_09,8,POST,/api/heavy,heavy,0.01,0,59.99,8,2.52,92.98,708.88,1538.71,2005.05,5.2,0,3347.71,200
c956114f-0df6-4a84-8216-14cc64f32d69,2026-06-07T14:11:32.539Z,instance-3,A,burst,heavy,heavy,k6,Exp_A_09,15,POST,/api/heavy,heavy,0.01,0,59.99,9,2.52,92.98,708.88,1538.71,2005.05,5.4,0,3758.13,200
8c90fead-08d8-4f8b-b599-b14727a2b23d,2026-06-07T14:11:32.540Z,instance-3,A,burst,heavy,heavy,k6,Exp_A_09,5,POST,/api/heavy,heavy,0.01,0,59.99,10,2.52,92.98,708.88,1538.71,2005.05,5.6,0,4182.41,200
1571f39f-aaa7-48aa-a74a-1d692b4d3340,2026-06-07T14:11:32.357Z,instance-2,A,burst,heavy,heavy,k6,Exp_A_09,18,POST,/api/heavy,heavy,0.01,70.3,59.6,1,15.55,87.5,1348.06,2366.57,2721.24,1.8,0,440.79,200
d2f10004-cb8f-442f-9691-cc096296a1d8,2026-06-07T14:11:32.358Z,instance-2,A,burst,heavy,heavy,k6,Exp_A_09,17,POST,/api/heavy,heavy,0.01,70.3,59.6,2,15.55,87.5,1348.06,2366.57,2721.24,2,0,842.97,200
9a17abbc-b9c9-4200-ba5b-ac36e0e25c91,2026-06-07T14:11:32.358Z,instance-2,A,burst,heavy,heavy,k6,Exp_A_09,10,POST,/api/heavy,heavy,0.01,70.3,59.6,3,15.55,87.5,1348.06,2366.57,2721.24,2.2,0,1247.42,200
6d319b69-8985-471f-9438-4b9538ba100f,2026-06-07T14:11:32.359Z,instance-2,A,burst,heavy,heavy,k6,Exp_A_09,43,POST,/api/heavy,heavy,0.01,70.3,59.6,4,15.55,87.5,1348.06,2366.57,2721.24,2.4,0,1663.1,200
7020b0d9-ce36-4022-916f-a9276746622e,2026-06-07T14:11:32.360Z,instance-2,A,burst,heavy,heavy,k6,Exp_A_09,37,POST,/api/heavy,heavy,0.01,70.3,59.6,5,15.55,87.5,1348.06,2366.57,2721.24,2.6,0,2085.97,200
611aeea4-4ddf-4c4c-91cb-58923f70a340,2026-06-07T14:11:32.360Z,instance-2,A,burst,heavy,heavy,k6,Exp_A_09,45,POST,/api/heavy,heavy,0.01,70.3,59.6,6,15.55,87.5,1348.06,2366.57,2721.24,2.8,0,2527.05,200
18f79fe7-8e05-4e4e-af86-47d432049880,2026-06-07T14:11:32.361Z,instance-2,A,burst,heavy,heavy,k6,Exp_A_09,27,POST,/api/heavy,heavy,0.01,70.3,59.6,7,15.55,87.5,1348.06,2366.57,2721.24,3,0,2948.63,200
f0d77e2c-d4e6-4101-81bf-3008df0298de,2026-06-07T14:11:32.361Z,instance-2,A,burst,heavy,heavy,k6,Exp_A_09,6,POST,/api/heavy,heavy,0.01,70.3,59.6,8,15.55,87.5,1348.06,2366.57,2721.24,3.2,0,3371.97,200
e923bb58-df06-44a4-90d4-cd71a520e6b6,2026-06-07T14:11:32.362Z,instance-2,A,burst,heavy,heavy,k6,Exp_A_09,52,POST,/api/heavy,heavy,0.01,70.3,59.6,9,15.55,87.5,1348.06,2366.57,2721.24,3.4,0,3784.84,200
902952b5-4868-49bb-b407-4493399c1119,2026-06-07T14:11:32.363Z,instance-2,A,burst,heavy,heavy,k6,Exp_A_09,38,POST,/api/heavy,heavy,0.01,70.3,59.6,10,15.55,87.5,1348.06,2366.57,2721.24,3.6,0,4196.68,200
5495201f-6f53-41af-a951-e5688a03fbeb,2026-06-07T14:11:32.366Z,instance-2,A,burst,heavy,heavy,k6,Exp_A_09,35,POST,/api/heavy,heavy,0.01,70.3,59.6,11,15.55,87.5,1348.06,2366.57,2721.24,3.8,0,4609.94,200
72212a19-47df-4fd2-87a1-624500cb1371,2026-06-07T14:11:32.367Z,instance-2,A,burst,heavy,heavy,k6,Exp_A_09,30,POST,/api/heavy,heavy,0.01,70.3,59.6,12,15.55,87.5,1348.06,2366.57,2721.24,4,0,5016.02,200
ffb1ca2e-1e5f-4670-ad93-4e6a3eaf6aae,2026-06-07T14:11:32.368Z,instance-2,A,burst,heavy,heavy,k6,Exp_A_09,39,POST,/api/heavy,heavy,0.01,70.3,59.6,13,15.55,87.5,1348.06,2366.57,2721.24,4.2,0,5428.47,200
7b3df52b-5add-4653-8389-c5b4297b50aa,2026-06-07T14:11:32.369Z,instance-2,A,burst,heavy,heavy,k6,Exp_A_09,23,POST,/api/heavy,heavy,0.01,70.3,59.6,14,15.55,87.5,1348.06,2366.57,2721.24,4.4,0,5970.53,200
344bbde0-470f-4d5f-a4f8-f7aecd5a51c0,2026-06-07T14:11:34.040Z,instance-1,A,burst,heavy,heavy,k6,Exp_A_09,4,POST,/api/heavy,heavy,0.01,53.14,59.88,1,13.74,69,2311.18,4426.71,4426.71,2.6,0,440.7,200
44444a47-63cc-43bf-8550-1cdcc9062fbf,2026-06-07T14:11:34.041Z,instance-1,A,burst,heavy,heavy,k6,Exp_A_09,9,POST,/api/heavy,heavy,0.01,53.14,59.88,2,13.74,69,2311.18,4426.71,4426.71,2.8,0,887.41,200
47497a8d-0394-4885-8682-08d535bbc16e,2026-06-07T14:11:34.042Z,instance-1,A,burst,heavy,heavy,k6,Exp_A_09,16,POST,/api/heavy,heavy,0.01,53.14,59.88,3,13.74,69,2311.18,4426.71,4426.71,3,0,1299.99,200
d3faceff-dc6c-4c48-9ad8-1cba8c19b63e,2026-06-07T14:11:34.043Z,instance-1,A,burst,heavy,heavy,k6,Exp_A_09,20,POST,/api/heavy,heavy,0.01,53.14,59.88,4,13.74,69,2311.18,4426.71,4426.71,3.2,0,1723.47,200
75610bad-29f0-4a28-a807-625d3b38e39e,2026-06-07T14:11:34.044Z,instance-1,A,burst,heavy,heavy,k6,Exp_A_09,19,POST,/api/heavy,heavy,0.01,53.14,59.88,5,13.74,69,2311.18,4426.71,4426.71,3.4,0,2136.56,200
eea485d9-a654-482d-b091-64794f48d165,2026-06-07T14:11:34.045Z,instance-1,A,burst,heavy,heavy,k6,Exp_A_09,7,POST,/api/heavy,heavy,0.01,53.14,59.88,6,13.74,69,2311.18,4426.71,4426.71,3.6,0,2544.13,200
76f9fa55-0711-46a2-81e9-378fd736da09,2026-06-07T14:11:34.047Z,instance-1,A,burst,heavy,heavy,k6,Exp_A_09,36,POST,/api/heavy,heavy,0.01,53.14,59.88,7,13.74,69,2311.18,4426.71,4426.71,3.8,0,2964.45,200
1e20f1b2-4ae9-48db-8f50-9362dfe4bbc4,2026-06-07T14:11:34.048Z,instance-1,A,burst,heavy,heavy,k6,Exp_A_09,25,POST,/api/heavy,heavy,0.01,53.14,59.88,8,13.74,69,2311.18,4426.71,4426.71,4,0,3374.44,200
b016af2a-a204-4152-a264-d4f28eb646da,2026-06-07T14:11:34.049Z,instance-1,A,burst,heavy,heavy,k6,Exp_A_09,49,POST,/api/heavy,heavy,0.01,53.14,59.88,9,13.74,69,2311.18,4426.71,4426.71,4.2,0,3789.26,200
1de35708-8f1e-426f-b33e-34f978a17c19,2026-06-07T14:11:34.052Z,instance-1,A,burst,heavy,heavy,k6,Exp_A_09,11,POST,/api/heavy,heavy,0.01,53.14,59.88,10,13.74,69,2311.18,4426.71,4426.71,4.4,0,4346.22,200
abcb8dbd-f6e2-4077-86d2-109c09c0311a,2026-06-07T14:11:34.053Z,instance-1,A,burst,heavy,heavy,k6,Exp_A_09,28,POST,/api/heavy,heavy,0.01,53.14,59.88,11,13.74,69,2311.18,4426.71,4426.71,4.6,0,5097.11,200
ce68f245-b2e3-419d-a740-2b3c8568ca8c,2026-06-07T14:11:34.054Z,instance-1,A,burst,heavy,heavy,k6,Exp_A_09,31,POST,/api/heavy,heavy,0.01,53.14,59.88,12,13.74,69,2311.18,4426.71,4426.71,4.8,0,5684.28,200
4153bda6-0ae7-45cf-8d06-6f73712c5555,2026-06-07T14:11:34.055Z,instance-1,A,burst,heavy,heavy,k6,Exp_A_09,46,POST,/api/heavy,heavy,0.01,53.14,59.88,13,13.74,69,2311.18,4426.71,4426.71,5,0,6121.99,200
4893c5f6-09a6-4ed9-8aeb-cb7b3ff19f93,2026-06-07T14:11:34.056Z,instance-1,A,burst,heavy,heavy,k6,Exp_A_09,26,POST,/api/heavy,heavy,0.01,53.14,59.88,14,13.74,69,2311.18,4426.71,4426.71,5.2,0,6557.84,200
de9a0f76-b891-475d-a98f-5a737b71ea9c,2026-06-07T14:11:34.056Z,instance-1,A,burst,heavy,heavy,k6,Exp_A_09,2,POST,/api/heavy,heavy,0.01,53.14,59.88,15,13.74,69,2311.18,4426.71,4426.71,5.4,0,7001.44,200
92ae1d4f-7412-474e-a4c1-b23448e7f790,2026-06-07T14:11:38.373Z,instance-2,A,burst,heavy,heavy,k6,Exp_A_09,18,POST,/api/heavy,heavy,0.01,39.58,59.79,1,26.62,39.58,3570.88,5970.53,5970.53,0.2,0,763.23,200
95532e17-414a-4045-bd91-f2180e021c34,2026-06-07T14:11:38.374Z,instance-2,A,burst,heavy,heavy,k6,Exp_A_09,17,POST,/api/heavy,heavy,0.01,39.58,59.79,2,26.62,39.58,3570.88,5970.53,5970.53,0.4,0,1345.54,200
8524bf35-c6e0-479b-9636-25b5c5c20975,2026-06-07T14:11:38.375Z,instance-2,A,burst,heavy,heavy,k6,Exp_A_09,43,POST,/api/heavy,heavy,0.01,39.58,59.79,3,26.62,39.58,3570.88,5970.53,5970.53,0.6,0,1782.33,200
599f173c-3400-4ed1-a162-d2d98dde8c0a,2026-06-07T14:11:38.376Z,instance-2,A,burst,heavy,heavy,k6,Exp_A_09,37,POST,/api/heavy,heavy,0.01,39.58,59.79,4,26.62,39.58,3570.88,5970.53,5970.53,0.8,0,2221.01,200
908955db-af83-44e6-a20b-74e124307d3b,2026-06-07T14:11:38.378Z,instance-2,A,burst,heavy,heavy,k6,Exp_A_09,6,POST,/api/heavy,heavy,0.01,39.58,59.79,5,26.62,39.58,3570.88,5970.53,5970.53,1,0,2665.06,200
67793f7d-d657-4b6c-9987-2cb65528ed68,2026-06-07T14:11:38.379Z,instance-2,A,burst,heavy,heavy,k6,Exp_A_09,52,POST,/api/heavy,heavy,0.01,39.58,59.79,6,26.62,39.58,3570.88,5970.53,5970.53,1.2,0,3141.39,200
c6207f96-b1ce-43ed-9b9d-364a63ae57de,2026-06-07T14:11:38.380Z,instance-2,A,burst,heavy,heavy,k6,Exp_A_09,35,POST,/api/heavy,heavy,0.01,39.58,59.79,7,26.62,39.58,3570.88,5970.53,5970.53,1.4,0,3542.93,200
87bc12eb-c298-42a7-b87b-5c0d0e7fb927,2026-06-07T14:11:38.383Z,instance-2,A,burst,heavy,heavy,k6,Exp_A_09,13,POST,/api/heavy,heavy,0.01,39.58,59.79,8,26.62,39.58,3570.88,5970.53,5970.53,1.6,0,3978.52,200
ca02bd52-1156-478d-a3f6-8bdf242b4e23,2026-06-07T14:11:38.384Z,instance-2,A,burst,heavy,heavy,k6,Exp_A_09,10,POST,/api/heavy,heavy,0.01,39.58,59.79,9,26.62,39.58,3570.88,5970.53,5970.53,1.8,0,4393.59,200
c006dc59-d833-4a93-9af4-81a8fe00b730,2026-06-07T14:11:38.384Z,instance-2,A,burst,heavy,heavy,k6,Exp_A_09,33,POST,/api/heavy,heavy,0.01,39.58,59.79,10,26.62,39.58,3570.88,5970.53,5970.53,2,0,4799.61,200
1a75237c-11e1-4833-801a-b11c5bffca78,2026-06-07T14:11:38.385Z,instance-2,A,burst,heavy,heavy,k6,Exp_A_09,45,POST,/api/heavy,heavy,0.01,39.58,59.79,11,26.62,39.58,3570.88,5970.53,5970.53,2.2,0,5270.88,200
df71118e-9efb-47e8-9255-0311ec31abdb,2026-06-07T14:11:38.386Z,instance-2,A,burst,heavy,heavy,k6,Exp_A_09,27,POST,/api/heavy,heavy,0.01,39.58,59.79,12,26.62,39.58,3570.88,5970.53,5970.53,2.4,0,5670.91,200
e8b6706b-aeb2-49a1-a1ef-357f450dee43,2026-06-07T14:11:38.387Z,instance-2,A,burst,heavy,heavy,k6,Exp_A_09,38,POST,/api/heavy,heavy,0.01,39.58,59.79,13,26.62,39.58,3570.88,5970.53,5970.53,2.6,0,6124.57,200
e3f47f34-30b5-4604-b4af-8b7513627da6,2026-06-07T14:11:36.736Z,instance-3,A,burst,heavy,heavy,k6,Exp_A_09,34,POST,/api/heavy,heavy,0.01,20.97,60.01,1,2.52,20.97,2205.16,4182.41,4182.41,2.2,0,422.37,200
3b2b603f-1fd1-49bd-acf0-db514a571019,2026-06-07T14:11:36.737Z,instance-3,A,burst,heavy,heavy,k6,Exp_A_09,41,POST,/api/heavy,heavy,0.01,20.97,60.01,2,2.52,20.97,2205.16,4182.41,4182.41,2.4,0,836.35,200
1227f59e-6e77-4b3b-ac6c-7ebb2d06625e,2026-06-07T14:11:36.738Z,instance-3,A,burst,heavy,heavy,k6,Exp_A_09,29,POST,/api/heavy,heavy,0.01,20.97,60.01,3,2.52,20.97,2205.16,4182.41,4182.41,2.6,0,1264.39,200
2cf43e49-bea4-4083-a614-7336ac82e54b,2026-06-07T14:11:36.739Z,instance-3,A,burst,heavy,heavy,k6,Exp_A_09,14,POST,/api/heavy,heavy,0.01,20.97,60.01,4,2.52,20.97,2205.16,4182.41,4182.41,2.8,0,1983.19,200
cfdad670-2108-43f6-90d2-e0a8b9990286,2026-06-07T14:11:36.739Z,instance-3,A,burst,heavy,heavy,k6,Exp_A_09,12,POST,/api/heavy,heavy,0.01,20.97,60.01,5,2.52,20.97,2205.16,4182.41,4182.41,3,0,2637.57,200
8cdde61d-2458-4a0f-974c-75e6a53da874,2026-06-07T14:11:36.741Z,instance-3,A,burst,heavy,heavy,k6,Exp_A_09,44,POST,/api/heavy,heavy,0.01,20.97,60.01,6,2.52,20.97,2205.16,4182.41,4182.41,3.2,0,3158.14,200
9cef53a9-b318-4af8-8428-5755608f7a33,2026-06-07T14:11:36.742Z,instance-3,A,burst,heavy,heavy,k6,Exp_A_09,42,POST,/api/heavy,heavy,0.01,20.97,60.01,7,2.52,20.97,2205.16,4182.41,4182.41,3.4,0,3604.33,200
83bfe7fd-33fa-4a5f-90a1-69c4d3130efe,2026-06-07T14:11:36.743Z,instance-3,A,burst,heavy,heavy,k6,Exp_A_09,4,POST,/api/heavy,heavy,0.01,20.97,60.01,8,2.52,20.97,2205.16,4182.41,4182.41,3.6,0,4029,200
6cd45a8b-2ac1-43d0-a34b-aad748eee071,2026-06-07T14:11:36.745Z,instance-3,A,burst,heavy,heavy,k6,Exp_A_09,58,POST,/api/heavy,heavy,0.01,20.97,60.01,9,2.52,20.97,2205.16,4182.41,4182.41,3.8,0,4489.18,200
836056de-fc98-4260-a78e-d0e5bdf27390,2026-06-07T14:11:36.746Z,instance-3,A,burst,heavy,heavy,k6,Exp_A_09,16,POST,/api/heavy,heavy,0.01,20.97,60.01,10,2.52,20.97,2205.16,4182.41,4182.41,4,0,4950.18,200
a712ff4e-7afb-4aff-bdfa-639439f8a21d,2026-06-07T14:11:36.747Z,instance-3,A,burst,heavy,heavy,k6,Exp_A_09,53,POST,/api/heavy,heavy,0.01,20.97,60.01,11,2.52,20.97,2205.16,4182.41,4182.41,4.2,0,5350.6,200
83cb3adc-1a57-49ab-851f-d57ed37fc7a1,2026-06-07T14:11:36.748Z,instance-3,A,burst,heavy,heavy,k6,Exp_A_09,1,POST,/api/heavy,heavy,0.01,20.97,60.01,12,2.52,20.97,2205.16,4182.41,4182.41,4.4,0,5805.67,200
64c9a989-ee7a-4c15-a6b4-8816f702beb4,2026-06-07T14:11:36.748Z,instance-3,A,burst,heavy,heavy,k6,Exp_A_09,32,POST,/api/heavy,heavy,0.01,20.97,60.01,13,2.52,20.97,2205.16,4182.41,4182.41,4.6,0,6192.34,200
17878e43-1be3-4123-b060-57ed7cebafb7,2026-06-07T14:11:36.749Z,instance-3,A,burst,heavy,heavy,k6,Exp_A_09,24,POST,/api/heavy,heavy,0.01,20.97,60.01,14,2.52,20.97,2205.16,4182.41,4182.41,4.8,0,6660.19,200
49072b57-6286-4e73-a8c2-d7c4c25ec671,2026-06-07T14:11:36.749Z,instance-3,A,burst,heavy,heavy,k6,Exp_A_09,47,POST,/api/heavy,heavy,0.01,20.97,60.01,15,2.52,20.97,2205.16,4182.41,4182.41,5,0,7080.66,200
b43fe8c2-e0ff-4fcf-8710-28dd31d1bae7,2026-06-07T14:11:36.750Z,instance-3,A,burst,heavy,heavy,k6,Exp_A_09,22,POST,/api/heavy,heavy,0.01,20.97,60.01,16,2.52,20.97,2205.16,4182.41,4182.41,5.2,0,7491.44,200
631e95dc-44fe-45a7-85bf-808b458ab820,2026-06-07T14:11:36.750Z,instance-3,A,burst,heavy,heavy,k6,Exp_A_09,9,POST,/api/heavy,heavy,0.01,20.97,60.01,17,2.52,20.97,2205.16,4182.41,4182.41,5.4,0,7958.45,200
f16ce16b-8d4d-42f9-885a-f3849910f5c6,2026-06-07T14:11:36.751Z,instance-3,A,burst,heavy,heavy,k6,Exp_A_09,21,POST,/api/heavy,heavy,0.01,20.97,60.01,18,2.52,20.97,2205.16,4182.41,4182.41,5.6,0,8419.29,200
c9b101bd-168a-4c16-a077-603113d57d97,2026-06-07T14:11:45.060Z,instance-1,A,burst,heavy,heavy,k6,Exp_A_09,27,POST,/api/heavy,heavy,0.01,0,60.31,1,0.05,6.7,4510.7,7001.44,7001.44,0.2,0,455.86,200
85c54fed-ee7c-4e82-8679-a6f0d90d4184,2026-06-07T14:11:45.530Z,instance-1,A,burst,heavy,heavy,k6,Exp_A_09,22,POST,/api/heavy,heavy,0.01,0,60.31,1,0.05,6.7,4671.71,7001.44,7001.44,0.4,0,410.59,200
acbebe45-72f3-425c-ab12-99a2b62e350d,2026-06-07T14:11:45.943Z,instance-1,A,burst,heavy,heavy,k6,Exp_A_09,9,POST,/api/heavy,heavy,0.01,0,60.31,1,0.05,6.7,2622.63,7001.44,7001.44,0.6,0,414.79,200
22251b06-c261-49f8-ab30-e370b7338590,2026-06-07T14:11:46.359Z,instance-1,A,burst,heavy,heavy,k6,Exp_A_09,21,POST,/api/heavy,heavy,0.01,36.75,60.04,1,0.05,7.67,427.08,455.86,455.86,0.8,0,430.31,200
7d659591-7c87-489a-aebd-03b820e13c39,2026-06-07T14:11:46.361Z,instance-1,A,burst,heavy,heavy,k6,Exp_A_09,8,POST,/api/heavy,heavy,0.01,36.75,60.04,2,0.05,7.67,427.08,455.86,455.86,1,0,824.76,200
7055d35b-6121-4d81-9ac6-fb67d18b3975,2026-06-07T14:11:46.362Z,instance-1,A,burst,heavy,heavy,k6,Exp_A_09,39,POST,/api/heavy,heavy,0.01,36.75,60.04,3,0.05,7.67,427.08,455.86,455.86,1.2,0,1236.97,200
780398a5-7311-42e1-8426-a2f99090e85c,2026-06-07T14:11:46.363Z,instance-1,A,burst,heavy,heavy,k6,Exp_A_09,5,POST,/api/heavy,heavy,0.01,36.75,60.04,4,0.05,7.67,427.08,455.86,455.86,1.4,0,1665.53,200
18ca6ade-c930-4ab1-8f91-b3c56ec64457,2026-06-07T14:11:46.363Z,instance-1,A,burst,heavy,heavy,k6,Exp_A_09,36,POST,/api/heavy,heavy,0.01,36.75,60.04,5,0.05,7.67,427.08,455.86,455.86,1.6,0,2084.6,200
a5cb9e36-3592-410e-b022-e2bd35b594ad,2026-06-07T14:11:49.996Z,instance-2,A,burst,heavy,heavy,k6,Exp_A_09,22,POST,/api/heavy,heavy,0.01,0,60.36,1,0.03,87.88,3744.69,6124.57,6124.57,0.2,0,168.23,200
2ed66eb2-c616-40b2-b445-14ff0cbe51a2,2026-06-07T14:11:50.502Z,instance-2,A,burst,heavy,heavy,k6,Exp_A_09,37,POST,/api/heavy,heavy,0.01,0,60.36,1,0.03,87.88,168.23,168.23,168.23,0.4,0,219.66,200
a1155986-0195-444b-8746-6560710261fb,2026-06-07T14:11:50.778Z,instance-2,A,burst,heavy,heavy,k6,Exp_A_09,6,POST,/api/heavy,heavy,0.01,0,60.36,1,0.03,87.88,193.95,219.66,219.66,0.6,0,168.49,200
20cb5aaa-1dd9-4e53-b0c6-9db6f89f197e,2026-06-07T14:11:50.991Z,instance-2,A,burst,heavy,heavy,k6,Exp_A_09,58,POST,/api/heavy,heavy,0.01,0,60.36,1,0.03,87.88,185.46,219.66,219.66,0.8,0,141.58,200
24437606-64b6-4acf-9f08-9d6c85097577,2026-06-07T14:11:51.159Z,instance-2,A,burst,heavy,heavy,k6,Exp_A_09,47,POST,/api/heavy,heavy,0.01,28.9,60.36,1,0.2,6.23,174.49,219.66,219.66,1,0,175.24,200
969c0e63-6014-414e-8ec3-cb74e60460f7,2026-06-07T14:11:51.336Z,instance-2,A,burst,heavy,heavy,k6,Exp_A_09,27,POST,/api/heavy,heavy,0.01,28.9,60.36,1,0.2,6.23,174.64,219.66,219.66,1.2,0,182.55,200
44d1f5cf-256f-47c6-80da-e2c1cf3f01a1,2026-06-07T14:11:51.520Z,instance-2,A,burst,heavy,heavy,k6,Exp_A_09,11,POST,/api/heavy,heavy,0.01,28.9,60.36,1,0.2,6.23,175.96,219.66,219.66,1.4,0,139.67,200
325fcc31-d23a-4001-ab83-64745fb7e9f6,2026-06-07T14:11:48.462Z,instance-1,A,burst,heavy,heavy,k6,Exp_A_09,22,POST,/api/heavy,heavy,0.01,36.75,60.04,1,5.14,7.67,940.43,2084.6,2084.6,1.8,0,529.83,200
052c297a-dd56-48e4-9e19-24ee1520bd5d,2026-06-07T14:11:48.463Z,instance-1,A,burst,heavy,heavy,k6,Exp_A_09,9,POST,/api/heavy,heavy,0.01,36.75,60.04,2,5.14,7.67,940.43,2084.6,2084.6,2,0,933.12,200
6d5b67b4-4ab3-4ac1-977b-f39d32a6317f,2026-06-07T14:11:48.465Z,instance-1,A,burst,heavy,heavy,k6,Exp_A_09,8,POST,/api/heavy,heavy,0.01,36.75,60.04,3,5.14,7.67,940.43,2084.6,2084.6,2.2,0,1252.81,200
8768962b-de51-4f39-ae4b-90c9f1c4d5dc,2026-06-07T14:11:48.466Z,instance-1,A,burst,heavy,heavy,k6,Exp_A_09,38,POST,/api/heavy,heavy,0.01,36.75,60.04,4,5.14,7.67,940.43,2084.6,2084.6,2.4,0,1455.99,200
3ccaf12d-5f24-436f-9590-6e6260fae06d,2026-06-07T14:11:48.466Z,instance-1,A,burst,heavy,heavy,k6,Exp_A_09,26,POST,/api/heavy,heavy,0.01,36.75,60.04,5,5.14,7.67,940.43,2084.6,2084.6,2.6,0,1657.25,200
24d98015-bc62-4da8-a337-96fafd310ab8,2026-06-07T14:11:48.467Z,instance-1,A,burst,heavy,heavy,k6,Exp_A_09,27,POST,/api/heavy,heavy,0.01,36.75,60.04,6,5.14,7.67,940.43,2084.6,2084.6,2.8,0,1822.3,200
eafa2efd-f1e7-41e3-afcb-dd1fcc3d538a,2026-06-07T14:11:48.468Z,instance-1,A,burst,heavy,heavy,k6,Exp_A_09,11,POST,/api/heavy,heavy,0.01,36.75,60.04,7,5.14,7.67,940.43,2084.6,2084.6,3,0,1972.25,200
6ef254aa-5a9b-48fd-89af-299e648e1630,2026-06-07T14:11:48.469Z,instance-1,A,burst,heavy,heavy,k6,Exp_A_09,28,POST,/api/heavy,heavy,0.01,36.75,60.04,8,5.14,7.67,940.43,2084.6,2084.6,3.2,0,2222.3,200
0f62bbdc-6fe1-47da-b2d6-9ce8d5f8dadc,2026-06-07T14:11:48.471Z,instance-1,A,burst,heavy,heavy,k6,Exp_A_09,19,POST,/api/heavy,heavy,0.01,36.75,60.04,9,5.14,7.67,940.43,2084.6,2084.6,3.4,0,2439.73,200
ea822370-fd02-4241-bec3-d55d042627f9,2026-06-07T14:11:48.473Z,instance-1,A,burst,heavy,heavy,k6,Exp_A_09,43,POST,/api/heavy,heavy,0.01,36.75,60.04,10,5.14,7.67,940.43,2084.6,2084.6,3.6,0,2622.42,200
7b4e15c4-049b-4aaa-ac12-1f9f59bc313f,2026-06-07T14:11:48.474Z,instance-1,A,burst,heavy,heavy,k6,Exp_A_09,21,POST,/api/heavy,heavy,0.01,36.75,60.04,11,5.14,7.67,940.43,2084.6,2084.6,3.8,0,2819.88,200
41ea2a1c-2309-4d9b-8225-484c516ab587,2026-06-07T14:11:48.474Z,instance-1,A,burst,heavy,heavy,k6,Exp_A_09,42,POST,/api/heavy,heavy,0.01,36.75,60.04,12,5.14,7.67,940.43,2084.6,2084.6,4,0,3005.65,200
8687ffe3-325a-4322-bf8d-3d97bd885ad7,2026-06-07T14:11:48.475Z,instance-1,A,burst,heavy,heavy,k6,Exp_A_09,4,POST,/api/heavy,heavy,0.01,36.75,60.04,13,5.14,7.67,940.43,2084.6,2084.6,4.2,0,3193.68,200
d2f01d12-820b-4f9c-a776-52815fc85ef5,2026-06-07T14:11:51.693Z,instance-2,A,burst,heavy,heavy,k6,Exp_A_09,28,POST,/api/heavy,heavy,0.01,28.9,60.36,1,0.2,6.23,170.78,219.66,219.66,1.6,0,153.79,200
5778b3fb-29a2-47b7-a31b-f37a44807d3b,2026-06-07T14:11:51.855Z,instance-2,A,burst,heavy,heavy,k6,Exp_A_09,37,POST,/api/heavy,heavy,0.01,28.9,60.36,1,0.2,6.23,168.65,219.66,219.66,1.8,0,396.31,200
7b921c95-83f9-4e27-a087-3e15469d5392,2026-06-07T14:11:52.254Z,instance-2,A,burst,heavy,heavy,k6,Exp_A_09,34,POST,/api/heavy,heavy,0.01,28.9,60.36,1,0.2,6.23,193.95,396.31,396.31,2,0,417.44,200
ff2070ef-7304-4f89-80e4-89ef61822d33,2026-06-07T14:11:52.255Z,instance-2,A,burst,heavy,heavy,k6,Exp_A_09,43,POST,/api/heavy,heavy,0.01,28.9,60.36,2,0.2,6.23,193.95,396.31,396.31,2.2,0,822.27,200
b98d5f6b-d2a9-4290-8be5-98a12dc95af2,2026-06-07T14:11:52.255Z,instance-2,A,burst,heavy,heavy,k6,Exp_A_09,58,POST,/api/heavy,heavy,0.01,28.9,60.36,3,0.2,6.23,193.95,396.31,396.31,2.4,0,1230.87,200
59d65fa0-a331-4fed-aafc-b2795c66874f,2026-06-07T14:11:53.499Z,instance-2,A,burst,heavy,heavy,k6,Exp_A_09,25,POST,/api/heavy,heavy,0.01,50.85,60.56,1,0.2,20.13,351.34,1230.87,1230.87,2.6,0,443.49,200
981279ef-f2db-47ed-b473-7db1da3a026f,2026-06-07T14:11:53.501Z,instance-2,A,burst,heavy,heavy,k6,Exp_A_09,28,POST,/api/heavy,heavy,0.01,50.85,60.56,2,0.2,20.13,351.34,1230.87,1230.87,2.8,0,858.29,200
dda58fb3-be1f-450d-b69f-ab2e03b9d62f,2026-06-07T14:11:53.502Z,instance-2,A,burst,heavy,heavy,k6,Exp_A_09,23,POST,/api/heavy,heavy,0.01,50.85,60.56,3,0.2,20.13,351.34,1230.87,1230.87,3,0,1283.84,200
a7289a20-fa36-4d8e-8459-77c39c630e97,2026-06-07T14:11:53.503Z,instance-2,A,burst,heavy,heavy,k6,Exp_A_09,41,POST,/api/heavy,heavy,0.01,50.85,60.56,4,0.2,20.13,351.34,1230.87,1230.87,3.2,0,1698.99,200
8406c2bf-6a88-414d-a536-68abe32c2a92,2026-06-07T14:11:53.503Z,instance-2,A,burst,heavy,heavy,k6,Exp_A_09,27,POST,/api/heavy,heavy,0.01,50.85,60.56,5,0.2,20.13,351.34,1230.87,1230.87,3.4,0,2127.28,200
d2571be0-abc8-483e-92a5-b107e5bc51ee,2026-06-07T14:11:53.504Z,instance-2,A,burst,heavy,heavy,k6,Exp_A_09,49,POST,/api/heavy,heavy,0.01,50.85,60.56,6,0.2,20.13,351.34,1230.87,1230.87,3.6,0,2526.16,200
623c1209-8133-49d7-993f-8478cf4acf9c,2026-06-07T14:11:53.504Z,instance-2,A,burst,heavy,heavy,k6,Exp_A_09,5,POST,/api/heavy,heavy,0.01,50.85,60.56,7,0.2,20.13,351.34,1230.87,1230.87,3.8,0,2927.55,200
1864c848-a645-4294-b68b-8d40a7c82915,2026-06-07T14:11:51.676Z,instance-1,A,burst,heavy,heavy,k6,Exp_A_09,5,POST,/api/heavy,heavy,0.01,36.75,60.04,1,5.14,7.67,1787.19,3193.68,3193.68,2.8,0,232.06,200
ea40e458-e000-4482-8f3f-4d3a9a46d11b,2026-06-07T14:11:51.676Z,instance-1,A,burst,heavy,heavy,k6,Exp_A_09,36,POST,/api/heavy,heavy,0.01,36.75,60.04,2,5.14,7.67,1787.19,3193.68,3193.68,3,0,640.61,200
2e8454f0-21ba-46e5-acdd-ecdfe1aafcf4,2026-06-07T14:11:51.677Z,instance-1,A,burst,heavy,heavy,k6,Exp_A_09,1,POST,/api/heavy,heavy,0.01,36.75,60.04,3,5.14,7.67,1787.19,3193.68,3193.68,3.2,0,1057.87,200
63b2e5f9-d20e-44de-8104-938ef9a9bd42,2026-06-07T14:11:51.677Z,instance-1,A,burst,heavy,heavy,k6,Exp_A_09,9,POST,/api/heavy,heavy,0.01,36.75,60.04,4,5.14,7.67,1787.19,3193.68,3193.68,3.4,0,1462.34,200
0919e228-cd7b-4567-b791-844252b9227d,2026-06-07T14:11:51.677Z,instance-1,A,burst,heavy,heavy,k6,Exp_A_09,8,POST,/api/heavy,heavy,0.01,36.75,60.04,5,5.14,7.67,1787.19,3193.68,3193.68,3.6,0,1868.6,200
487e393f-1bda-47ca-8240-9ef9ba4b599f,2026-06-07T14:11:51.677Z,instance-1,A,burst,heavy,heavy,k6,Exp_A_09,38,POST,/api/heavy,heavy,0.01,36.75,60.04,6,5.14,7.67,1787.19,3193.68,3193.68,3.8,0,2312.88,200
3e0f7011-35ee-4b33-a17e-8ab9d06e82dc,2026-06-07T14:11:51.677Z,instance-1,A,burst,heavy,heavy,k6,Exp_A_09,26,POST,/api/heavy,heavy,0.01,36.75,60.04,7,5.14,7.67,1787.19,3193.68,3193.68,4,0,2731.21,200
09218091-7714-485d-ac11-ac60770aef61,2026-06-07T14:11:51.678Z,instance-1,A,burst,heavy,heavy,k6,Exp_A_09,22,POST,/api/heavy,heavy,0.01,36.75,60.04,8,5.14,7.67,1787.19,3193.68,3193.68,4.2,0,3155.41,200
ca0350c7-da5c-444a-9aa0-92f2fb312d17,2026-06-07T14:11:51.678Z,instance-1,A,burst,heavy,heavy,k6,Exp_A_09,20,POST,/api/heavy,heavy,0.01,36.75,60.04,9,5.14,7.67,1787.19,3193.68,3193.68,4.4,0,3577.53,200
c0e5ca18-ab1b-40cb-b064-86976d72dca7,2026-06-07T14:11:51.678Z,instance-1,A,burst,heavy,heavy,k6,Exp_A_09,15,POST,/api/heavy,heavy,0.01,36.75,60.04,10,5.14,7.67,1787.19,3193.68,3193.68,4.6,0,3999.56,200
3e56c813-15cb-478c-93ec-6531cc3ef767,2026-06-07T14:11:51.678Z,instance-1,A,burst,heavy,heavy,k6,Exp_A_09,39,POST,/api/heavy,heavy,0.01,36.75,60.04,11,5.14,7.67,1787.19,3193.68,3193.68,4.8,0,4400.25,200
f2dc48d7-4da4-4031-8298-187edad96dc7,2026-06-07T14:11:51.678Z,instance-1,A,burst,heavy,heavy,k6,Exp_A_09,35,POST,/api/heavy,heavy,0.01,36.75,60.04,12,5.14,7.67,1787.19,3193.68,3193.68,5,0,4807.48,200
e954fa1b-4058-4eec-a76a-8a4597473cbc,2026-06-07T14:11:51.678Z,instance-1,A,burst,heavy,heavy,k6,Exp_A_09,53,POST,/api/heavy,heavy,0.01,36.75,60.04,13,5.14,7.67,1787.19,3193.68,3193.68,5.2,0,5238.96,200
97f3d56f-22cb-465e-b2b6-9704d92f1e27,2026-06-07T14:11:51.679Z,instance-1,A,burst,heavy,heavy,k6,Exp_A_09,46,POST,/api/heavy,heavy,0.01,36.75,60.04,14,5.14,7.67,1787.19,3193.68,3193.68,5.4,0,5653.93,200
c7ed4fb3-56c0-4384-800b-12c53efa6b98,2026-06-07T14:11:56.447Z,instance-2,A,burst,heavy,heavy,k6,Exp_A_09,34,POST,/api/heavy,heavy,0.01,50.85,60.56,1,17.43,20.13,1086.32,2927.55,2927.55,2.8,0,430.98,200
ac0c417b-c0c7-4cbd-89ac-48ecbd6e6660,2026-06-07T14:11:56.448Z,instance-2,A,burst,heavy,heavy,k6,Exp_A_09,58,POST,/api/heavy,heavy,0.01,50.85,60.56,2,17.43,20.13,1086.32,2927.55,2927.55,3,0,848.03,200
2b4b6ada-051c-4962-a1d8-0f4e7c204900,2026-06-07T14:11:56.448Z,instance-2,A,burst,heavy,heavy,k6,Exp_A_09,8,POST,/api/heavy,heavy,0.01,50.85,60.56,3,17.43,20.13,1086.32,2927.55,2927.55,3.2,0,1287.58,200
1db69b25-01d5-4d59-80db-2e12174e3b51,2026-06-07T14:11:56.449Z,instance-2,A,burst,heavy,heavy,k6,Exp_A_09,1,POST,/api/heavy,heavy,0.01,50.85,60.56,4,17.43,20.13,1086.32,2927.55,2927.55,3.4,0,1709.1,200
c51eb8fe-f41d-4739-be49-84d56dff03b9,2026-06-07T14:11:56.450Z,instance-2,A,burst,heavy,heavy,k6,Exp_A_09,28,POST,/api/heavy,heavy,0.01,50.85,60.56,5,17.43,20.13,1086.32,2927.55,2927.55,3.6,0,2139.95,200
1c5e947b-87d3-4eda-9ee1-1dec908f4cd1,2026-06-07T14:11:45.188Z,instance-3,A,burst,heavy,heavy,k6,Exp_A_09,11,POST,/api/heavy,heavy,0.01,20.14,59.93,1,27.84,20.14,6002.61,8419.29,8419.29,0.2,0,493.04,200
606d4090-aed0-4ef6-902e-1f9f8e563573,2026-06-07T14:11:45.189Z,instance-3,A,burst,heavy,heavy,k6,Exp_A_09,28,POST,/api/heavy,heavy,0.01,20.14,59.93,2,27.84,20.14,6002.61,8419.29,8419.29,0.4,0,901.39,200
427c1f17-69fc-418d-9ab7-b0580f9a4eab,2026-06-07T14:11:45.191Z,instance-3,A,burst,heavy,heavy,k6,Exp_A_09,43,POST,/api/heavy,heavy,0.01,20.14,59.93,3,27.84,20.14,6002.61,8419.29,8419.29,0.6,0,1313.81,200
3dc87a8b-2070-47f5-bbe1-82a40bbb1054,2026-06-07T14:11:45.192Z,instance-3,A,burst,heavy,heavy,k6,Exp_A_09,42,POST,/api/heavy,heavy,0.01,20.14,59.93,4,27.84,20.14,6002.61,8419.29,8419.29,0.8,0,1742.73,200
0ee29735-0cfc-41bf-87f0-c965ae902d8b,2026-06-07T14:11:45.193Z,instance-3,A,burst,heavy,heavy,k6,Exp_A_09,4,POST,/api/heavy,heavy,0.01,20.14,59.93,5,27.84,20.14,6002.61,8419.29,8419.29,1,0,2133.11,200
e34f5942-920a-497d-b069-81ab4d3b21f5,2026-06-07T14:11:45.193Z,instance-3,A,burst,heavy,heavy,k6,Exp_A_09,35,POST,/api/heavy,heavy,0.01,20.14,59.93,6,27.84,20.14,6002.61,8419.29,8419.29,1.2,0,2559.65,200
9bfa35e1-6b48-4d84-a4fe-96fac16875db,2026-06-07T14:11:45.194Z,instance-3,A,burst,heavy,heavy,k6,Exp_A_09,53,POST,/api/heavy,heavy,0.01,20.14,59.93,7,27.84,20.14,6002.61,8419.29,8419.29,1.4,0,2989.78,200
8c8c7367-67bb-4aa6-a68a-186bed75383f,2026-06-07T14:11:45.195Z,instance-3,A,burst,heavy,heavy,k6,Exp_A_09,46,POST,/api/heavy,heavy,0.01,20.14,59.93,8,27.84,20.14,6002.61,8419.29,8419.29,1.6,0,3424.46,200
e045f03d-083c-432d-b2c6-ecfb67e90973,2026-06-07T14:11:45.196Z,instance-3,A,burst,heavy,heavy,k6,Exp_A_09,1,POST,/api/heavy,heavy,0.01,20.14,59.93,9,27.84,20.14,6002.61,8419.29,8419.29,1.8,0,3915.37,200
58085f8d-d6c5-4da8-b049-9f32c6f13e14,2026-06-07T14:11:45.197Z,instance-3,A,burst,heavy,heavy,k6,Exp_A_09,37,POST,/api/heavy,heavy,0.01,20.14,59.93,10,27.84,20.14,6002.61,8419.29,8419.29,2,0,4303.9,200
cdb06512-cac2-4817-8ced-7652e301f358,2026-06-07T14:11:45.199Z,instance-3,A,burst,heavy,heavy,k6,Exp_A_09,6,POST,/api/heavy,heavy,0.01,20.14,59.93,11,27.84,20.14,6002.61,8419.29,8419.29,2.2,0,4577.55,200
da9ebbfc-36ea-493a-941c-2eebfc2894d9,2026-06-07T14:11:45.201Z,instance-3,A,burst,heavy,heavy,k6,Exp_A_09,58,POST,/api/heavy,heavy,0.01,20.14,59.93,12,27.84,20.14,6002.61,8419.29,8419.29,2.4,0,4789.53,200
8ec586e7-223a-48fd-bfa8-3b566e0a91cf,2026-06-07T14:11:45.205Z,instance-3,A,burst,heavy,heavy,k6,Exp_A_09,47,POST,/api/heavy,heavy,0.01,20.14,59.93,13,27.84,20.14,6002.61,8419.29,8419.29,2.6,0,4953.25,200
91274a3d-1b55-4608-90fb-298b64a92bc0,2026-06-07T14:11:45.206Z,instance-3,A,burst,heavy,heavy,k6,Exp_A_09,20,POST,/api/heavy,heavy,0.01,20.14,59.93,14,27.84,20.14,6002.61,8419.29,8419.29,2.8,0,5108.24,200
8f3409aa-2b65-4454-b10b-8fa7bdf1abdd,2026-06-07T14:11:45.207Z,instance-3,A,burst,heavy,heavy,k6,Exp_A_09,15,POST,/api/heavy,heavy,0.01,20.14,59.93,15,27.84,20.14,6002.61,8419.29,8419.29,3,0,5275.53,200
66a7474e-e73e-43b3-aff9-75ad650f9d39,2026-06-07T14:11:45.208Z,instance-3,A,burst,heavy,heavy,k6,Exp_A_09,7,POST,/api/heavy,heavy,0.01,20.14,59.93,16,27.84,20.14,6002.61,8419.29,8419.29,3.2,0,5499.93,200
910da2e8-0daf-417b-9a18-869b6001c786,2026-06-07T14:11:45.208Z,instance-3,A,burst,heavy,heavy,k6,Exp_A_09,34,POST,/api/heavy,heavy,0.01,20.14,59.93,17,27.84,20.14,6002.61,8419.29,8419.29,3.4,0,5733.77,200
5a946518-8c83-4868-a38a-8c208a00dfa8,2026-06-07T14:11:45.209Z,instance-3,A,burst,heavy,heavy,k6,Exp_A_09,30,POST,/api/heavy,heavy,0.01,20.14,59.93,18,27.84,20.14,6002.61,8419.29,8419.29,3.6,0,5903.67,200
a97ce792-0225-4a56-91aa-101d1d430ed5,2026-06-07T14:11:45.210Z,instance-3,A,burst,heavy,heavy,k6,Exp_A_09,25,POST,/api/heavy,heavy,0.01,20.14,59.93,19,27.84,20.14,6002.61,8419.29,8419.29,3.8,0,6092.6,200
a21156a1-6c8d-4776-8030-369a4e4a50d0,2026-06-07T14:11:45.210Z,instance-3,A,burst,heavy,heavy,k6,Exp_A_09,41,POST,/api/heavy,heavy,0.01,20.14,59.93,20,27.84,20.14,6002.61,8419.29,8419.29,4,0,6267.02,200
a0bf6bdb-b08f-4dd7-b1f4-68913dff2243,2026-06-07T14:11:45.211Z,instance-3,A,burst,heavy,heavy,k6,Exp_A_09,49,POST,/api/heavy,heavy,0.01,20.14,59.93,21,27.84,20.14,6002.61,8419.29,8419.29,4.2,0,6454.47,200
43e82ab2-b0c4-4b8d-878d-f084fc248eef,2026-06-07T14:11:45.212Z,instance-3,A,burst,heavy,heavy,k6,Exp_A_09,29,POST,/api/heavy,heavy,0.01,20.14,59.93,22,27.84,20.14,6002.61,8419.29,8419.29,4.4,0,6648.34,200
e9af8871-c21f-49b0-b620-c8bdd85bdf33,2026-06-07T14:11:45.212Z,instance-3,A,burst,heavy,heavy,k6,Exp_A_09,23,POST,/api/heavy,heavy,0.01,20.14,59.93,23,27.84,20.14,6002.61,8419.29,8419.29,4.6,0,7044.23,200
81eb4318-352d-4101-a918-746dbf7b5dbf,2026-06-07T14:11:45.213Z,instance-3,A,burst,heavy,heavy,k6,Exp_A_09,3,POST,/api/heavy,heavy,0.01,20.14,59.93,24,27.84,20.14,6002.61,8419.29,8419.29,4.8,0,7462.07,200
3a05ff3c-b45c-4eea-8727-8d0cdf1df0b1,2026-06-07T14:11:45.214Z,instance-3,A,burst,heavy,heavy,k6,Exp_A_09,14,POST,/api/heavy,heavy,0.01,20.14,59.93,25,27.84,20.14,6002.61,8419.29,8419.29,5,0,7867.27,200
46545043-93bf-4ddc-baf8-3fa8c270b546,2026-06-07T14:11:45.215Z,instance-3,A,burst,heavy,heavy,k6,Exp_A_09,18,POST,/api/heavy,heavy,0.01,20.14,59.93,26,27.84,20.14,6002.61,8419.29,8419.29,5.2,0,8274.58,200
e17a4a8c-4074-4945-b034-3d9221b5c4f8,2026-06-07T14:11:45.216Z,instance-3,A,burst,heavy,heavy,k6,Exp_A_09,17,POST,/api/heavy,heavy,0.01,20.14,59.93,27,27.84,20.14,6002.61,8419.29,8419.29,5.4,0,8712.07,200
093e7d9f-8728-4727-937a-f544072a3905,2026-06-07T14:11:45.217Z,instance-3,A,burst,heavy,heavy,k6,Exp_A_09,13,POST,/api/heavy,heavy,0.01,20.14,59.93,28,27.84,20.14,6002.61,8419.29,8419.29,5.6,0,9126.02,200
35fecd35-3574-4103-bdf3-f08f532a9ca5,2026-06-07T14:11:45.217Z,instance-3,A,burst,heavy,heavy,k6,Exp_A_09,10,POST,/api/heavy,heavy,0.01,20.14,59.93,29,27.84,20.14,6002.61,8419.29,8419.29,5.8,0,9551.57,200
32eadc49-a9b0-40f5-9670-aeb09f5bde3d,2026-06-07T14:11:45.218Z,instance-3,A,burst,heavy,heavy,k6,Exp_A_09,32,POST,/api/heavy,heavy,0.01,20.14,59.93,30,27.84,20.14,6002.61,8419.29,8419.29,6,0,9969.95,200
cda23bce-6c11-441e-9ead-f48ca1892007,2026-06-07T14:11:45.219Z,instance-3,A,burst,heavy,heavy,k6,Exp_A_09,2,POST,/api/heavy,heavy,0.01,20.14,59.93,31,27.84,20.14,6002.61,8419.29,8419.29,6.2,0,10400.03,200
d3c6da17-d361-45e4-8a69-91ff42cbf9b9,2026-06-07T14:11:45.219Z,instance-3,A,burst,heavy,heavy,k6,Exp_A_09,33,POST,/api/heavy,heavy,0.01,20.14,59.93,32,27.84,20.14,6002.61,8419.29,8419.29,6.4,0,10799.79,200
cb4fb63e-043f-44b2-ba47-878621363070,2026-06-07T14:11:45.220Z,instance-3,A,burst,heavy,heavy,k6,Exp_A_09,24,POST,/api/heavy,heavy,0.01,20.14,59.93,33,27.84,20.14,6002.61,8419.29,8419.29,6.6,0,11203.79,200
52243045-da0a-490a-85bf-faf69e1f8eb7,2026-06-07T14:11:45.223Z,instance-3,A,burst,heavy,heavy,k6,Exp_A_09,12,POST,/api/heavy,heavy,0.01,20.14,59.93,34,27.84,20.14,6002.61,8419.29,8419.29,6.8,0,11630.08,200
abb74c6e-305f-41d9-89c0-216478fedcc9,2026-06-07T14:11:45.225Z,instance-3,A,burst,heavy,heavy,k6,Exp_A_09,52,POST,/api/heavy,heavy,0.01,20.14,59.93,35,27.84,20.14,6002.61,8419.29,8419.29,7,0,12047.99,200
64547af6-14d5-419e-aa45-87b2610dde57,2026-06-07T14:11:45.226Z,instance-3,A,burst,heavy,heavy,k6,Exp_A_09,45,POST,/api/heavy,heavy,0.01,20.14,59.93,36,27.84,20.14,6002.61,8419.29,8419.29,7.2,0,12484.66,200
20313dce-d7a3-4ae6-90d6-ebfda93e29bd,2026-06-07T14:11:45.227Z,instance-3,A,burst,heavy,heavy,k6,Exp_A_09,16,POST,/api/heavy,heavy,0.01,20.14,59.93,37,27.84,20.14,6002.61,8419.29,8419.29,7.4,0,12906.17,200
12b8e5a0-8c13-41c6-a042-5a1d63aea27a,2026-06-07T14:11:45.228Z,instance-3,A,burst,heavy,heavy,k6,Exp_A_09,31,POST,/api/heavy,heavy,0.01,20.14,59.93,38,27.84,20.14,6002.61,8419.29,8419.29,7.6,0,13339.31,200
234bcdac-5641-4a4b-bcdb-e4cea9cb3342,2026-06-07T14:11:45.229Z,instance-3,A,burst,heavy,heavy,k6,Exp_A_09,44,POST,/api/heavy,heavy,0.01,20.14,59.93,39,27.84,20.14,6002.61,8419.29,8419.29,7.8,0,13754.73,200
7bc1666b-d92d-4fed-a984-8117b82307a1,2026-06-07T14:11:58.604Z,instance-2,A,burst,heavy,heavy,k6,Exp_A_09,15,POST,/api/heavy,heavy,0.01,33.12,60.58,1,17.43,33.12,1523.44,2927.55,2927.55,1.2,0,421.81,200
096220c5-dafc-4816-ba87-bcfeff86acba,2026-06-07T14:11:58.605Z,instance-2,A,burst,heavy,heavy,k6,Exp_A_09,38,POST,/api/heavy,heavy,0.01,33.12,60.58,2,17.43,33.12,1523.44,2927.55,2927.55,1.4,0,863.62,200
ea8aa597-0ade-4896-88b8-f507d6b78bfc,2026-06-07T14:11:58.605Z,instance-2,A,burst,heavy,heavy,k6,Exp_A_09,13,POST,/api/heavy,heavy,0.01,33.12,60.58,3,17.43,33.12,1523.44,2927.55,2927.55,1.6,0,1283.82,200
e990e2cc-e7ed-426a-870f-95bbf35972cc,2026-06-07T14:11:58.606Z,instance-2,A,burst,heavy,heavy,k6,Exp_A_09,5,POST,/api/heavy,heavy,0.01,33.12,60.58,4,17.43,33.12,1523.44,2927.55,2927.55,1.8,0,1701.93,200
f1e7691d-16df-4287-a710-7194075725e3,2026-06-07T14:11:58.607Z,instance-2,A,burst,heavy,heavy,k6,Exp_A_09,3,POST,/api/heavy,heavy,0.01,33.12,60.58,5,17.43,33.12,1523.44,2927.55,2927.55,2,0,2123.72,200
f251a910-0423-48de-bf2b-8e778754cde3,2026-06-07T14:11:58.607Z,instance-2,A,burst,heavy,heavy,k6,Exp_A_09,12,POST,/api/heavy,heavy,0.01,33.12,60.58,6,17.43,33.12,1523.44,2927.55,2927.55,2.2,0,2529.92,200
373b9599-46c4-437d-bb9a-27aa852d109d,2026-06-07T14:11:58.608Z,instance-2,A,burst,heavy,heavy,k6,Exp_A_09,14,POST,/api/heavy,heavy,0.01,33.12,60.58,7,17.43,33.12,1523.44,2927.55,2927.55,2.4,0,2946.57,200
747b2a79-0f64-4774-8a86-4b58dee033c6,2026-06-07T14:11:58.608Z,instance-2,A,burst,heavy,heavy,k6,Exp_A_09,58,POST,/api/heavy,heavy,0.01,33.12,60.58,8,17.43,33.12,1523.44,2927.55,2927.55,2.6,0,3361.12,200
e047bf76-bdd2-406a-86bf-93064994b6f5,2026-06-07T14:11:58.610Z,instance-2,A,burst,heavy,heavy,k6,Exp_A_09,6,POST,/api/heavy,heavy,0.01,33.12,60.58,9,17.43,33.12,1523.44,2927.55,2927.55,2.8,0,3772.4,200
7c1739b4-b695-4e91-b606-5b5306a180b0,2026-06-07T14:11:57.347Z,instance-1,A,burst,heavy,heavy,k6,Exp_A_09,7,POST,/api/heavy,heavy,0.01,26.85,60.45,1,5.14,26.85,3355.5,5653.93,5653.93,0.2,0,447.02,200
b6232cce-c70d-43cd-b041-c8a21ecfd936,2026-06-07T14:11:57.348Z,instance-1,A,burst,heavy,heavy,k6,Exp_A_09,19,POST,/api/heavy,heavy,0.01,26.85,60.45,2,5.14,26.85,3355.5,5653.93,5653.93,0.4,0,869.96,200
f379aafe-0511-4a98-967f-a2c0bde237b4,2026-06-07T14:11:57.349Z,instance-1,A,burst,heavy,heavy,k6,Exp_A_09,47,POST,/api/heavy,heavy,0.01,26.85,60.45,3,5.14,26.85,3355.5,5653.93,5653.93,0.6,0,1302.1,200
a9233510-a513-45b1-8c96-114c3b1b6d70,2026-06-07T14:11:57.351Z,instance-1,A,burst,heavy,heavy,k6,Exp_A_09,29,POST,/api/heavy,heavy,0.01,26.85,60.45,4,5.14,26.85,3355.5,5653.93,5653.93,0.8,0,1734.1,200
b85f45d1-9040-4ed1-8c62-65628e9449b9,2026-06-07T14:11:57.351Z,instance-1,A,burst,heavy,heavy,k6,Exp_A_09,37,POST,/api/heavy,heavy,0.01,26.85,60.45,5,5.14,26.85,3355.5,5653.93,5653.93,1,0,2171.63,200
da44388b-6350-410d-9354-4a8abd382ca0,2026-06-07T14:11:57.353Z,instance-1,A,burst,heavy,heavy,k6,Exp_A_09,43,POST,/api/heavy,heavy,0.01,26.85,60.45,6,5.14,26.85,3355.5,5653.93,5653.93,1.2,0,2584.3,200
87c070e9-2baa-453f-b17c-fc3ff9219a31,2026-06-07T14:11:57.354Z,instance-1,A,burst,heavy,heavy,k6,Exp_A_09,9,POST,/api/heavy,heavy,0.01,26.85,60.45,7,5.14,26.85,3355.5,5653.93,5653.93,1.4,0,3002.55,200
8810a733-ee84-4179-80d6-9c4c55cb370b,2026-06-07T14:11:57.355Z,instance-1,A,burst,heavy,heavy,k6,Exp_A_09,18,POST,/api/heavy,heavy,0.01,26.85,60.45,8,5.14,26.85,3355.5,5653.93,5653.93,1.6,0,3419.49,200
0957cff8-1010-4ddd-af34-1bdf598929d2,2026-06-07T14:11:57.355Z,instance-1,A,burst,heavy,heavy,k6,Exp_A_09,10,POST,/api/heavy,heavy,0.01,26.85,60.45,9,5.14,26.85,3355.5,5653.93,5653.93,1.8,0,3823.13,200
6bce7912-6c0c-422c-a314-62d2bfe3268f,2026-06-07T14:11:57.356Z,instance-1,A,burst,heavy,heavy,k6,Exp_A_09,27,POST,/api/heavy,heavy,0.01,26.85,60.45,10,5.14,26.85,3355.5,5653.93,5653.93,2,0,4239.51,200
037649af-8045-4020-a071-df69078a753d,2026-06-07T14:11:57.357Z,instance-1,A,burst,heavy,heavy,k6,Exp_A_09,25,POST,/api/heavy,heavy,0.01,26.85,60.45,11,5.14,26.85,3355.5,5653.93,5653.93,2.2,0,4654.32,200
aee69c29-ea20-4fb3-9339-a9c056a44bb7,2026-06-07T14:11:57.358Z,instance-1,A,burst,heavy,heavy,k6,Exp_A_09,21,POST,/api/heavy,heavy,0.01,26.85,60.45,12,5.14,26.85,3355.5,5653.93,5653.93,2.4,0,5067.85,200
0e23b93c-1bd3-4383-bda2-b5083a2b072f,2026-06-07T14:11:57.359Z,instance-1,A,burst,heavy,heavy,k6,Exp_A_09,42,POST,/api/heavy,heavy,0.01,26.85,60.45,13,5.14,26.85,3355.5,5653.93,5653.93,2.6,0,5487.85,200
4c4c7fb4-0018-49eb-b1b4-c8de68c62b4f,2026-06-07T14:11:57.360Z,instance-1,A,burst,heavy,heavy,k6,Exp_A_09,11,POST,/api/heavy,heavy,0.01,26.85,60.45,14,5.14,26.85,3355.5,5653.93,5653.93,2.8,0,5911.06,200
a25e2bf5-0c35-47e3-b10d-e27a3c112cd2,2026-06-07T14:11:57.361Z,instance-1,A,burst,heavy,heavy,k6,Exp_A_09,4,POST,/api/heavy,heavy,0.01,26.85,60.45,15,5.14,26.85,3355.5,5653.93,5653.93,3,0,6330.23,200
571cb328-d43c-4629-bf35-3ce10c276ebc,2026-06-07T14:11:57.361Z,instance-1,A,burst,heavy,heavy,k6,Exp_A_09,36,POST,/api/heavy,heavy,0.01,26.85,60.45,16,5.14,26.85,3355.5,5653.93,5653.93,3.2,0,6754.96,200
d7b420ef-456b-404c-8c7c-21a5b3f99b1f,2026-06-07T14:11:57.362Z,instance-1,A,burst,heavy,heavy,k6,Exp_A_09,49,POST,/api/heavy,heavy,0.01,26.85,60.45,17,5.14,26.85,3355.5,5653.93,5653.93,3.4,0,7183.41,200
6adc0408-4bff-426c-a623-8ad4da691e75,2026-06-07T14:11:58.999Z,instance-3,A,burst,heavy,heavy,k6,Exp_A_09,41,POST,/api/heavy,heavy,0.01,29.91,60.09,1,59.28,29.91,11434.51,13754.73,13754.73,0.2,0,448.95,200
693dc360-e86f-42a6-9895-162a3a3a292a,2026-06-07T14:11:59.000Z,instance-3,A,burst,heavy,heavy,k6,Exp_A_09,20,POST,/api/heavy,heavy,0.01,29.91,60.09,2,59.28,29.91,11434.51,13754.73,13754.73,0.4,0,870.33,200
0981f40a-7725-4842-bcce-f18b0a16c1bb,2026-06-07T14:11:59.000Z,instance-3,A,burst,heavy,heavy,k6,Exp_A_09,17,POST,/api/heavy,heavy,0.01,29.91,60.09,3,59.28,29.91,11434.51,13754.73,13754.73,0.6,0,1285.24,200
0dbfe05e-b943-43dd-83ad-b2485ae203ab,2026-06-07T14:11:59.001Z,instance-3,A,burst,heavy,heavy,k6,Exp_A_09,33,POST,/api/heavy,heavy,0.01,29.91,60.09,4,59.28,29.91,11434.51,13754.73,13754.73,0.8,0,1704.91,200
9cee45a0-dbec-49e3-ae06-39df1f558d26,2026-06-07T14:11:59.002Z,instance-3,A,burst,heavy,heavy,k6,Exp_A_09,39,POST,/api/heavy,heavy,0.01,29.91,60.09,5,59.28,29.91,11434.51,13754.73,13754.73,1,0,2107.68,200
1d125ff5-ff91-42ee-be37-4e882cffe2a4,2026-06-07T14:11:59.002Z,instance-3,A,burst,heavy,heavy,k6,Exp_A_09,24,POST,/api/heavy,heavy,0.01,29.91,60.09,6,59.28,29.91,11434.51,13754.73,13754.73,1.2,0,2524.74,200
908aa540-5403-4118-9158-c5c9d8acc147,2026-06-07T14:11:59.003Z,instance-3,A,burst,heavy,heavy,k6,Exp_A_09,26,POST,/api/heavy,heavy,0.01,29.91,60.09,7,59.28,29.91,11434.51,13754.73,13754.73,1.4,0,2936.34,200
7a130c87-2069-4021-8b7d-fcda863a0c32,2026-06-07T14:11:59.004Z,instance-3,A,burst,heavy,heavy,k6,Exp_A_09,35,POST,/api/heavy,heavy,0.01,29.91,60.09,8,59.28,29.91,11434.51,13754.73,13754.73,1.6,0,3348.97,200
d5420656-0af9-4d1d-bcc9-9dc7095718ff,2026-06-07T14:11:59.005Z,instance-3,A,burst,heavy,heavy,k6,Exp_A_09,23,POST,/api/heavy,heavy,0.01,29.91,60.09,9,59.28,29.91,11434.51,13754.73,13754.73,1.8,0,3770.39,200
293b25d2-6012-4e61-b8e3-b72bb13deaf8,2026-06-07T14:11:59.005Z,instance-3,A,burst,heavy,heavy,k6,Exp_A_09,22,POST,/api/heavy,heavy,0.01,29.91,60.09,10,59.28,29.91,11434.51,13754.73,13754.73,2,0,4194.32,200
4fee813e-3030-4590-9ba5-62a2c2d8a33a,2026-06-07T14:11:59.007Z,instance-3,A,burst,heavy,heavy,k6,Exp_A_09,34,POST,/api/heavy,heavy,0.01,29.91,60.09,11,59.28,29.91,11434.51,13754.73,13754.73,2.2,0,4616.17,200
b6772c43-7703-4c87-93f9-8757ffa431f9,2026-06-07T14:11:59.008Z,instance-3,A,burst,heavy,heavy,k6,Exp_A_09,53,POST,/api/heavy,heavy,0.01,29.91,60.09,12,59.28,29.91,11434.51,13754.73,13754.73,2.4,0,5040.28,200
777cd133-8369-41a8-bd40-6bf6cc934338,2026-06-07T14:11:59.009Z,instance-3,A,burst,heavy,heavy,k6,Exp_A_09,32,POST,/api/heavy,heavy,0.01,29.91,60.09,13,59.28,29.91,11434.51,13754.73,13754.73,2.6,0,5470.08,200
c7eb851e-7933-4e64-93ca-29543e25b8ab,2026-06-07T14:11:59.009Z,instance-3,A,burst,heavy,heavy,k6,Exp_A_09,45,POST,/api/heavy,heavy,0.01,29.91,60.09,14,59.28,29.91,11434.51,13754.73,13754.73,2.8,0,5892.42,200
ae32ab76-7068-4ac6-83cb-4c6dab69ac0e,2026-06-07T14:12:04.622Z,instance-1,A,burst,heavy,heavy,k6,Exp_A_09,34,POST,/api/heavy,heavy,0.01,0,60.8,1,0.48,22.09,4871.56,7183.41,7183.41,0.2,0,421.15,200
30291734-57fb-405c-80db-1acd10dfd2ef,2026-06-07T14:12:05.049Z,instance-1,A,burst,heavy,heavy,k6,Exp_A_09,53,POST,/api/heavy,heavy,0.01,696.8,61.29,1,0.36,247,4691.29,7183.41,7183.41,0.4,0,417.78,200
254ab12b-bcb8-4709-96a7-733961a07af0,2026-06-07T14:12:05.479Z,instance-1,A,burst,heavy,heavy,k6,Exp_A_09,32,POST,/api/heavy,heavy,0.01,696.8,61.29,1,0.36,247,4475.89,7183.41,7183.41,0.6,0,402.58,200
8f1d7b90-c9bf-4771-8bee-87d6ee886d6d,2026-06-07T14:12:05.903Z,instance-1,A,burst,heavy,heavy,k6,Exp_A_09,45,POST,/api/heavy,heavy,0.01,696.8,61.29,1,0.36,247,4224.49,7183.41,7183.41,0.8,0,499.67,200
b770e7b6-c264-44ac-8a84-37609a0b6f30,2026-06-07T14:12:06.406Z,instance-1,A,burst,heavy,heavy,k6,Exp_A_09,17,POST,/api/heavy,heavy,0.01,696.8,61.29,1,0.36,247,3947.53,7183.41,7183.41,1,0,392.07,200
a4583878-6cda-4967-8fa4-2fa9bc4cdd4b,2026-06-07T14:12:07.405Z,instance-1,A,burst,heavy,heavy,k6,Exp_A_09,45,POST,/api/heavy,heavy,0.01,57.9,61.5,1,0.05,186.66,3626.91,7183.41,7183.41,1.2,0,397.67,200
8b116374-2ee3-41b2-9a30-878424e9c6a6,2026-06-07T14:12:08.108Z,instance-1,A,burst,heavy,heavy,k6,Exp_A_09,1,POST,/api/heavy,heavy,0.01,57.9,61.5,1,0.05,186.66,3108.95,7183.41,7183.41,1.4,0,405.64,200
e83c748b-9ddf-4d56-b7d9-d0aea88c6f89,2026-06-07T14:12:09.329Z,instance-1,A,burst,heavy,heavy,k6,Exp_A_09,39,POST,/api/heavy,heavy,0.01,35.9,61.5,1,0.11,144.93,2320.52,7183.41,7183.41,1.6,0,426.67,200
d0607e54-6d4e-43db-9410-0bba13513258,2026-06-07T14:12:09.345Z,instance-3,A,burst,heavy,heavy,k6,Exp_A_09,46,POST,/api/heavy,heavy,0.01,0,61.7,1,0.05,101.12,3574.3,5892.42,5892.42,0.2,0,421.17,200
f5457ae9-0568-41fd-97dc-32a7bf7e90e5,2026-06-07T14:12:09.758Z,instance-1,A,burst,heavy,heavy,k6,Exp_A_09,30,POST,/api/heavy,heavy,0.01,35.9,61.5,1,0.11,144.93,420.4,499.67,499.67,1.6,0,430.37,200
41918fb3-5431-40c0-9128-023392adb411,2026-06-07T14:12:10.838Z,instance-3,A,burst,heavy,heavy,k6,Exp_A_09,45,POST,/api/heavy,heavy,0.01,42.2,61.7,1,0.04,9.38,3156.8,5892.42,5892.42,0.4,0,397.99,200
a952790e-fa5c-45c4-b40d-e03c57950333,2026-06-07T14:12:11.383Z,instance-1,A,burst,heavy,heavy,k6,Exp_A_09,15,POST,/api/heavy,heavy,0.01,81.2,61.5,1,0.05,70.94,421.56,499.67,499.67,1.2,0,432.71,200
a231a13c-eb06-47b6-971c-f70c82b6a438,2026-06-07T14:12:11.817Z,instance-1,A,burst,heavy,heavy,k6,Exp_A_09,1,POST,/api/heavy,heavy,0.01,81.2,61.5,1,0.05,70.94,418.61,432.71,432.71,1.2,0,392.95,200
9b158fb6-57b9-4af8-8148-2843faf7df57,2026-06-07T14:12:12.239Z,instance-1,A,burst,heavy,heavy,k6,Exp_A_09,45,POST,/api/heavy,heavy,0.01,3.15,61.57,1,21.69,44.69,414.34,432.71,432.71,1.4,0,460.08,200
76bcb830-1d4d-4f76-b379-c504209f1666,2026-06-07T14:12:12.569Z,instance-3,A,burst,heavy,heavy,k6,Exp_A_09,7,POST,/api/heavy,heavy,0.01,40.7,61.78,1,0.03,17.2,409.58,421.17,421.17,0.6,0,423.65,200
cebf128f-b3dc-4c11-b367-7bb545abe747,2026-06-07T14:12:12.701Z,instance-1,A,burst,heavy,heavy,k6,Exp_A_09,37,POST,/api/heavy,heavy,0.01,3.15,61.57,1,21.69,44.69,420.87,460.08,460.08,1.4,0,412.85,200
a3c61f41-ec6d-465c-b5f4-117b9d39cbdc,2026-06-07T14:12:12.994Z,instance-3,A,burst,heavy,heavy,k6,Exp_A_09,19,POST,/api/heavy,heavy,0.01,40.7,61.78,1,0.03,17.2,414.27,423.65,423.65,0.8,0,413.69,200
1586a3a0-b5a6-4685-bd3f-4f762d24fadd,2026-06-07T14:12:13.116Z,instance-1,A,burst,heavy,heavy,k6,Exp_A_09,3,POST,/api/heavy,heavy,0.01,98.4,61.57,1,21.69,52.79,423.04,460.08,460.08,1.4,0,413.02,200
048fb1f1-7311-4e16-a688-d95f4566d6c3,2026-06-07T14:12:12.996Z,instance-3,A,burst,heavy,heavy,k6,Exp_A_09,47,POST,/api/heavy,heavy,0.01,40.7,61.78,2,0.03,17.2,414.27,423.65,423.65,1,0,813.99,200
5409dad7-45a7-4bf1-8d7e-df69b915472c,2026-06-07T14:12:13.117Z,instance-1,A,burst,heavy,heavy,k6,Exp_A_09,20,POST,/api/heavy,heavy,0.01,98.4,61.57,2,21.69,52.79,423.04,460.08,460.08,1.6,0,815.69,200
09819aad-7fe3-48dc-9d95-8d8b8ba75a6f,2026-06-07T14:12:13.946Z,instance-1,A,burst,heavy,heavy,k6,Exp_A_09,43,POST,/api/heavy,heavy,0.01,98.4,61.57,1,2.45,52.79,473.04,815.69,815.69,1.8,0,407.44,200
b0966cf4-38d8-4a65-9325-a71312170528,2026-06-07T14:12:13.824Z,instance-3,A,burst,heavy,heavy,k6,Exp_A_09,45,POST,/api/heavy,heavy,0.01,0.75,61.78,1,0.03,20.91,494.1,813.99,813.99,1.2,0,405.34,200
252b8bbc-cccc-4b33-949d-5cd573fbb2eb,2026-06-07T14:12:13.824Z,instance-3,A,burst,heavy,heavy,k6,Exp_A_09,2,POST,/api/heavy,heavy,0.01,0.75,61.78,2,0.03,20.91,494.1,813.99,813.99,1.4,0,812.39,200
e5bb7921-2b0b-45ac-8fdd-feadf561c9d5,2026-06-07T14:12:14.354Z,instance-1,A,burst,heavy,heavy,k6,Exp_A_09,7,POST,/api/heavy,heavy,0.01,98.4,61.57,1,2.45,52.79,465.76,815.69,815.69,1.8,0,409.87,200
5adcd93f-d3bb-4afb-a38a-7ec2a5f0fc63,2026-06-07T14:12:02.397Z,instance-2,A,burst,heavy,heavy,k6,Exp_A_09,16,POST,/api/heavy,heavy,0.01,71.85,60.71,1,19.41,52.48,2011.8,3772.4,3772.4,2,0,452.85,200
f8a1f4c9-2de1-4b21-b2a2-25e2cc2af302,2026-06-07T14:12:02.398Z,instance-2,A,burst,heavy,heavy,k6,Exp_A_09,31,POST,/api/heavy,heavy,0.01,71.85,60.71,2,19.41,52.48,2011.8,3772.4,3772.4,2.2,0,880.46,200
c07f4507-70c5-40da-a7d0-150e49b7b31b,2026-06-07T14:12:02.398Z,instance-2,A,burst,heavy,heavy,k6,Exp_A_09,28,POST,/api/heavy,heavy,0.01,71.85,60.71,3,19.41,52.48,2011.8,3772.4,3772.4,2.4,0,1296.91,200
9c9b2183-e8c3-4bae-9363-d2bb506e0091,2026-06-07T14:12:02.399Z,instance-2,A,burst,heavy,heavy,k6,Exp_A_09,44,POST,/api/heavy,heavy,0.01,71.85,60.71,4,19.41,52.48,2011.8,3772.4,3772.4,2.6,0,1724.59,200
718f0f29-cd78-4626-a8d7-1ee83cf24594,2026-06-07T14:12:02.402Z,instance-2,A,burst,heavy,heavy,k6,Exp_A_09,41,POST,/api/heavy,heavy,0.01,71.85,60.71,5,19.41,52.48,2011.8,3772.4,3772.4,2.8,0,2153.87,200
e5594812-3b0e-48bd-9a39-1bf951035fe4,2026-06-07T14:12:02.404Z,instance-2,A,burst,heavy,heavy,k6,Exp_A_09,13,POST,/api/heavy,heavy,0.01,71.85,60.71,6,19.41,52.48,2011.8,3772.4,3772.4,3,0,2578.92,200
35ebf408-5c6a-47d5-b6ac-205991c74998,2026-06-07T14:12:02.405Z,instance-2,A,burst,heavy,heavy,k6,Exp_A_09,17,POST,/api/heavy,heavy,0.01,71.85,60.71,7,19.41,52.48,2011.8,3772.4,3772.4,3.2,0,2992.64,200
cf80f8e3-e392-4bde-8dc9-db531856328a,2026-06-07T14:12:02.408Z,instance-2,A,burst,heavy,heavy,k6,Exp_A_09,3,POST,/api/heavy,heavy,0.01,71.85,60.71,8,19.41,52.48,2011.8,3772.4,3772.4,3.4,0,3394.68,200
c5b362f6-619d-4b83-b87f-f42d5680d508,2026-06-07T14:12:02.410Z,instance-2,A,burst,heavy,heavy,k6,Exp_A_09,39,POST,/api/heavy,heavy,0.01,71.85,60.71,9,19.41,52.48,2011.8,3772.4,3772.4,3.6,0,3892.28,200
2e7dd8bb-7798-4491-b919-1c28c33eaa83,2026-06-07T14:12:02.411Z,instance-2,A,burst,heavy,heavy,k6,Exp_A_09,8,POST,/api/heavy,heavy,0.01,71.85,60.71,10,19.41,52.48,2011.8,3772.4,3772.4,3.8,0,4303.92,200
4252cd9b-60ba-436a-a880-b453e3b50d86,2026-06-07T14:12:02.412Z,instance-2,A,burst,heavy,heavy,k6,Exp_A_09,1,POST,/api/heavy,heavy,0.01,71.85,60.71,11,19.41,52.48,2011.8,3772.4,3772.4,4,0,4706.13,200
14d41872-574c-40f0-9b8c-720c8a32c6e0,2026-06-07T14:12:02.413Z,instance-2,A,burst,heavy,heavy,k6,Exp_A_09,19,POST,/api/heavy,heavy,0.01,71.85,60.71,12,19.41,52.48,2011.8,3772.4,3772.4,4.2,0,5109.65,200
11c1886a-4db6-4edc-a1a3-f7b6f4364d77,2026-06-07T14:12:02.415Z,instance-2,A,burst,heavy,heavy,k6,Exp_A_09,47,POST,/api/heavy,heavy,0.01,71.85,60.71,13,19.41,52.48,2011.8,3772.4,3772.4,4.4,0,5484.57,200
d07a16ab-c0fc-49dc-97a6-0f478f425b5c,2026-06-07T14:12:02.415Z,instance-2,A,burst,heavy,heavy,k6,Exp_A_09,46,POST,/api/heavy,heavy,0.01,71.85,60.71,14,19.41,52.48,2011.8,3772.4,3772.4,4.6,0,5927.89,200
93cb7585-8310-402b-91d5-87b7fb9f6c56,2026-06-07T14:12:02.416Z,instance-2,A,burst,heavy,heavy,k6,Exp_A_09,30,POST,/api/heavy,heavy,0.01,71.85,60.71,15,19.41,52.48,2011.8,3772.4,3772.4,4.8,0,6271.31,200
a9208c70-c64d-4f2d-a96e-d062e2e5ab0f,2026-06-07T14:12:02.417Z,instance-2,A,burst,heavy,heavy,k6,Exp_A_09,52,POST,/api/heavy,heavy,0.01,71.85,60.71,16,19.41,52.48,2011.8,3772.4,3772.4,5,0,6643.82,200
bd1199bb-6f7e-4c44-a78f-6bd6b2dff118,2026-06-07T14:12:02.418Z,instance-2,A,burst,heavy,heavy,k6,Exp_A_09,7,POST,/api/heavy,heavy,0.01,71.85,60.71,17,19.41,52.48,2011.8,3772.4,3772.4,5.2,0,7113.92,200
0d4e2968-13a9-4274-8d9d-2170435c6a1e,2026-06-07T14:12:02.418Z,instance-2,A,burst,heavy,heavy,k6,Exp_A_09,2,POST,/api/heavy,heavy,0.01,71.85,60.71,18,19.41,52.48,2011.8,3772.4,3772.4,5.4,0,7550.44,200
62dcc68e-dc44-4f55-a8f5-2350b89b76ef,2026-06-07T14:12:02.419Z,instance-2,A,burst,heavy,heavy,k6,Exp_A_09,15,POST,/api/heavy,heavy,0.01,71.85,60.71,19,19.41,52.48,2011.8,3772.4,3772.4,5.6,0,7963.99,200
dda17dd8-ac3c-4a46-9255-c3acf1952718,2026-06-07T14:12:02.420Z,instance-2,A,burst,heavy,heavy,k6,Exp_A_09,29,POST,/api/heavy,heavy,0.01,71.85,60.71,20,19.41,52.48,2011.8,3772.4,3772.4,5.8,0,8402.19,200
5757b155-3b0d-4e83-b707-7c31701aedc6,2026-06-07T14:12:02.420Z,instance-2,A,burst,heavy,heavy,k6,Exp_A_09,38,POST,/api/heavy,heavy,0.01,71.85,60.71,21,19.41,52.48,2011.8,3772.4,3772.4,6,0,8799.13,200
69667d16-c542-4a3d-8f5c-67ca5373f516,2026-06-07T14:12:02.421Z,instance-2,A,burst,heavy,heavy,k6,Exp_A_09,37,POST,/api/heavy,heavy,0.01,71.85,60.71,22,19.41,52.48,2011.8,3772.4,3772.4,6.2,0,9252.98,200
164ec137-65e4-4e31-989b-cac7bb63954b,2026-06-07T14:12:02.422Z,instance-2,A,burst,heavy,heavy,k6,Exp_A_09,20,POST,/api/heavy,heavy,0.01,71.85,60.71,23,19.41,52.48,2011.8,3772.4,3772.4,6.4,0,9628.57,200
5ed09cde-1813-479d-af2d-520d0de40ae4,2026-06-07T14:12:02.423Z,instance-2,A,burst,heavy,heavy,k6,Exp_A_09,43,POST,/api/heavy,heavy,0.01,71.85,60.71,24,19.41,52.48,2011.8,3772.4,3772.4,6.6,0,10085.49,200
a9f77a0f-cd34-4396-9c15-bc3e9e3d6526,2026-06-07T14:12:02.423Z,instance-2,A,burst,heavy,heavy,k6,Exp_A_09,5,POST,/api/heavy,heavy,0.01,71.85,60.71,25,19.41,52.48,2011.8,3772.4,3772.4,6.8,0,10511.34,200
4874b59a-f19d-4444-a25f-9b93331dd53d,2026-06-07T14:12:02.424Z,instance-2,A,burst,heavy,heavy,k6,Exp_A_09,9,POST,/api/heavy,heavy,0.01,71.85,60.71,26,19.41,52.48,2011.8,3772.4,3772.4,7,0,10924.07,200
35f0e5f9-762a-4f2a-9563-f25b3cec659b,2026-06-07T14:12:02.425Z,instance-2,A,burst,heavy,heavy,k6,Exp_A_09,33,POST,/api/heavy,heavy,0.01,71.85,60.71,27,19.41,52.48,2011.8,3772.4,3772.4,7.2,0,11326.13,200
f62e57ca-8980-4dd0-a15e-42adcdccc215,2026-06-07T14:12:02.425Z,instance-2,A,burst,heavy,heavy,k6,Exp_A_09,18,POST,/api/heavy,heavy,0.01,71.85,60.71,28,19.41,52.48,2011.8,3772.4,3772.4,7.4,0,11737.73,200
d2b7645f-0887-4189-a860-73733455a7a1,2026-06-07T14:12:02.426Z,instance-2,A,burst,heavy,heavy,k6,Exp_A_09,12,POST,/api/heavy,heavy,0.01,71.85,60.71,29,19.41,52.48,2011.8,3772.4,3772.4,7.6,0,12144.13,200
b34a7a77-140f-4055-a60d-0d7d077f1fd4,2026-06-07T14:12:02.427Z,instance-2,A,burst,heavy,heavy,k6,Exp_A_09,10,POST,/api/heavy,heavy,0.01,71.85,60.71,30,19.41,52.48,2011.8,3772.4,3772.4,7.8,0,12552.45,200
f6c2c726-b49a-4426-bd4e-36d50394cfbd,2026-06-07T14:12:14.766Z,instance-1,A,burst,heavy,heavy,k6,Exp_A_09,19,POST,/api/heavy,heavy,0.01,162.5,61.66,1,2.45,86.31,463.89,815.69,815.69,1.8,0,412,200
70f6a79e-850e-4fbc-bfc8-53c3954e9467,2026-06-07T14:12:14.638Z,instance-3,A,burst,heavy,heavy,k6,Exp_A_09,5,POST,/api/heavy,heavy,0.01,0.75,61.78,1,14.05,20.91,526.89,813.99,813.99,1.4,0,419.7,200
688ad910-9eb3-4847-9dbd-1d34c13dd983,2026-06-07T14:12:14.638Z,instance-3,A,burst,heavy,heavy,k6,Exp_A_09,3,POST,/api/heavy,heavy,0.01,0.75,61.78,2,14.05,20.91,526.89,813.99,813.99,1.6,0,806.47,200
8669ccaf-1f65-44e5-aa37-cc17cefae16c,2026-06-07T14:12:15.192Z,instance-1,A,burst,heavy,heavy,k6,Exp_A_09,47,POST,/api/heavy,heavy,0.01,162.5,61.66,1,0.98,86.31,458.7,815.69,815.69,2,0,377.24,200
504b99f4-da99-484c-b6bf-9d47d0725ef8,2026-06-07T14:12:15.193Z,instance-1,A,burst,heavy,heavy,k6,Exp_A_09,18,POST,/api/heavy,heavy,0.01,162.5,61.66,2,0.98,86.31,458.7,815.69,815.69,2.2,0,795.6,200
10778306-5330-415a-a55d-7daedb30cb5c,2026-06-07T14:12:15.460Z,instance-3,A,burst,heavy,heavy,k6,Exp_A_09,33,POST,/api/heavy,heavy,0.01,74.2,61.84,1,14.05,38.55,561.65,813.99,813.99,1.8,0,402.86,200
776d57d6-34d8-44d9-b485-1ad0886134e0,2026-06-07T14:12:15.461Z,instance-3,A,burst,heavy,heavy,k6,Exp_A_09,45,POST,/api/heavy,heavy,0.01,74.2,61.84,2,14.05,38.55,561.65,813.99,813.99,2,0,813.53,200
9739b127-da66-4217-b258-32d0644dc432,2026-06-07T14:12:15.462Z,instance-3,A,burst,heavy,heavy,k6,Exp_A_09,43,POST,/api/heavy,heavy,0.01,74.2,61.84,3,14.05,38.55,561.65,813.99,813.99,2.2,0,1228.24,200
590f69ee-ad5e-49fe-9dd8-28fad721875a,2026-06-07T14:12:15.990Z,instance-1,A,burst,heavy,heavy,k6,Exp_A_09,12,POST,/api/heavy,heavy,0.01,162.5,61.66,1,0.98,86.31,484.5,815.69,815.69,2.4,0,414.91,200
5325c0ef-5815-4746-b452-5ff82e05e6e1,2026-06-07T14:12:15.990Z,instance-1,A,burst,heavy,heavy,k6,Exp_A_09,2,POST,/api/heavy,heavy,0.01,162.5,61.66,2,0.98,86.31,484.5,815.69,815.69,2.6,0,849.12,200
4ffee9fa-53f2-4633-ab1f-87993c43c4be,2026-06-07T14:12:16.704Z,instance-3,A,burst,heavy,heavy,k6,Exp_A_09,7,POST,/api/heavy,heavy,0.01,74.2,61.84,1,16.75,38.55,653.98,1228.24,1228.24,2.2,0,425.79,200
85da0d0f-8f4a-4634-9ecc-d03162032e24,2026-06-07T14:12:16.705Z,instance-3,A,burst,heavy,heavy,k6,Exp_A_09,10,POST,/api/heavy,heavy,0.01,74.2,61.84,2,16.75,38.55,653.98,1228.24,1228.24,2.4,0,841.59,200
77f6e3ea-266d-472c-b436-b98dc6b7f2ef,2026-06-07T14:12:16.706Z,instance-3,A,burst,heavy,heavy,k6,Exp_A_09,52,POST,/api/heavy,heavy,0.01,74.2,61.84,3,16.75,38.55,653.98,1228.24,1228.24,2.6,0,1254.5,200
16b40db8-f2be-4141-87b1-cd6736d5fbe9,2026-06-07T14:12:16.708Z,instance-3,A,burst,heavy,heavy,k6,Exp_A_09,26,POST,/api/heavy,heavy,0.01,74.2,61.84,4,16.75,38.55,653.98,1228.24,1228.24,2.8,0,1663.65,200
075d8726-69a5-4111-840c-87279f937ae0,2026-06-07T14:12:16.708Z,instance-3,A,burst,heavy,heavy,k6,Exp_A_09,36,POST,/api/heavy,heavy,0.01,74.2,61.84,5,16.75,38.55,653.98,1228.24,1228.24,3,0,2077.41,200
fd9ae49e-82dd-4332-8041-e00c49dcf99a,2026-06-07T14:12:16.709Z,instance-3,A,burst,heavy,heavy,k6,Exp_A_09,23,POST,/api/heavy,heavy,0.01,74.2,61.84,6,16.75,38.55,653.98,1228.24,1228.24,3.2,0,2490.72,200
984150fd-65bb-4578-918e-7dd93ccacaee,2026-06-07T14:12:16.709Z,instance-3,A,burst,heavy,heavy,k6,Exp_A_09,35,POST,/api/heavy,heavy,0.01,74.2,61.84,7,16.75,38.55,653.98,1228.24,1228.24,3.4,0,2903.19,200
4daff31c-a651-4d40-b214-63b3845c7aaa,2026-06-07T14:12:16.710Z,instance-3,A,burst,heavy,heavy,k6,Exp_A_09,53,POST,/api/heavy,heavy,0.01,74.2,61.84,8,16.75,38.55,653.98,1228.24,1228.24,3.6,0,3307.9,200
2fc977eb-58f2-4d44-94da-5ae2567d6562,2026-06-07T14:12:16.711Z,instance-3,A,burst,heavy,heavy,k6,Exp_A_09,8,POST,/api/heavy,heavy,0.01,74.2,61.84,9,16.75,38.55,653.98,1228.24,1228.24,3.8,0,3741.74,200
91e5ae0d-9d57-4c3a-948c-de8c7dbe9ced,2026-06-07T14:12:16.712Z,instance-3,A,burst,heavy,heavy,k6,Exp_A_09,3,POST,/api/heavy,heavy,0.01,74.2,61.84,10,16.75,38.55,653.98,1228.24,1228.24,4,0,4152.91,200
02dd1402-6a67-46fc-9a44-06ade346b81c,2026-06-07T14:12:16.855Z,instance-1,A,burst,heavy,heavy,k6,Exp_A_09,14,POST,/api/heavy,heavy,0.01,61.75,61.77,1,0.98,81.45,513.4,849.12,849.12,2.4,0,404.86,200
bb24b46b-5ca8-41ff-b103-7063278730b1,2026-06-07T14:12:16.856Z,instance-1,A,burst,heavy,heavy,k6,Exp_A_09,4,POST,/api/heavy,heavy,0.01,61.75,61.77,2,0.98,81.45,513.4,849.12,849.12,2.6,0,821.68,200
93bef1ad-084a-4e06-aacb-76587e969bc1,2026-06-07T14:12:16.858Z,instance-1,A,burst,heavy,heavy,k6,Exp_A_09,47,POST,/api/heavy,heavy,0.01,61.75,61.77,3,0.98,81.45,513.4,849.12,849.12,2.8,0,1227.06,200
26d5bca3-ee07-42b0-9697-ac5f5e826ad4,2026-06-07T14:12:16.859Z,instance-1,A,burst,heavy,heavy,k6,Exp_A_09,30,POST,/api/heavy,heavy,0.01,61.75,61.77,4,0.98,81.45,513.4,849.12,849.12,3,0,1644,200
657343d5-a3bb-4591-ae05-99774b17ff54,2026-06-07T14:12:16.860Z,instance-1,A,burst,heavy,heavy,k6,Exp_A_09,11,POST,/api/heavy,heavy,0.01,61.75,61.77,5,0.98,81.45,513.4,849.12,849.12,3.2,0,2055.26,200
e84eeb98-feec-437e-8d67-ef4b349759de,2026-06-07T14:12:16.861Z,instance-1,A,burst,heavy,heavy,k6,Exp_A_09,13,POST,/api/heavy,heavy,0.01,61.75,61.77,6,0.98,81.45,513.4,849.12,849.12,3.4,0,2467.31,200
e11cc55f-bc90-4e52-8eb6-343796248d7a,2026-06-07T14:12:16.861Z,instance-1,A,burst,heavy,heavy,k6,Exp_A_09,49,POST,/api/heavy,heavy,0.01,61.75,61.77,7,0.98,81.45,513.4,849.12,849.12,3.6,0,2876.34,200
fc691775-9453-4ff9-877c-29ac983f501c,2026-06-07T14:12:16.862Z,instance-1,A,burst,heavy,heavy,k6,Exp_A_09,5,POST,/api/heavy,heavy,0.01,61.75,61.77,8,0.98,81.45,513.4,849.12,849.12,3.8,0,3284.9,200
d6f22a97-ad15-4caf-9a11-7371ec50887a,2026-06-07T14:12:16.863Z,instance-1,A,burst,heavy,heavy,k6,Exp_A_09,19,POST,/api/heavy,heavy,0.01,61.75,61.77,9,0.98,81.45,513.4,849.12,849.12,4,0,3722.13,200
071e4482-c692-4fa4-907f-f3ed3de7045a,2026-06-07T14:12:16.863Z,instance-1,A,burst,heavy,heavy,k6,Exp_A_09,39,POST,/api/heavy,heavy,0.01,61.75,61.77,10,0.98,81.45,513.4,849.12,849.12,4.2,0,4142.22,200
a82cfff0-0ecd-4adb-89e0-97c16c4e80b2,2026-06-07T14:12:15.003Z,instance-2,A,burst,heavy,heavy,k6,Exp_A_09,52,POST,/api/heavy,heavy,0.01,15.51,60.83,1,43.91,15.51,10277.35,12552.45,12552.45,0.2,0,412.51,200
92962e59-83ac-4a59-a206-e3636167596a,2026-06-07T14:12:15.004Z,instance-2,A,burst,heavy,heavy,k6,Exp_A_09,39,POST,/api/heavy,heavy,0.01,15.51,60.83,2,43.91,15.51,10277.35,12552.45,12552.45,0.4,0,811.67,200
36108139-db93-4a36-bd4b-2436ed496afc,2026-06-07T14:12:15.005Z,instance-2,A,burst,heavy,heavy,k6,Exp_A_09,29,POST,/api/heavy,heavy,0.01,15.51,60.83,3,43.91,15.51,10277.35,12552.45,12552.45,0.6,0,1223.17,200
302e8bab-75dd-4953-8fd9-0a698f272537,2026-06-07T14:12:15.006Z,instance-2,A,burst,heavy,heavy,k6,Exp_A_09,38,POST,/api/heavy,heavy,0.01,15.51,60.83,4,43.91,15.51,10277.35,12552.45,12552.45,0.8,0,1640.38,200
9efaa6c3-3b85-431a-93c3-c3e674af8a66,2026-06-07T14:12:15.006Z,instance-2,A,burst,heavy,heavy,k6,Exp_A_09,46,POST,/api/heavy,heavy,0.01,15.51,60.83,5,43.91,15.51,10277.35,12552.45,12552.45,1,0,2054.66,200
d0be6a5b-217d-4ecb-85b1-5b37bd79090c,2026-06-07T14:12:15.007Z,instance-2,A,burst,heavy,heavy,k6,Exp_A_09,15,POST,/api/heavy,heavy,0.01,15.51,60.83,6,43.91,15.51,10277.35,12552.45,12552.45,1.2,0,2470.82,200
067b7421-6f20-416e-b162-87829c2ef98e,2026-06-07T14:12:15.007Z,instance-2,A,burst,heavy,heavy,k6,Exp_A_09,1,POST,/api/heavy,heavy,0.01,15.51,60.83,7,43.91,15.51,10277.35,12552.45,12552.45,1.4,0,2881.05,200
d2aea2da-82b9-4288-a632-44ac5a38a52a,2026-06-07T14:12:15.008Z,instance-2,A,burst,heavy,heavy,k6,Exp_A_09,37,POST,/api/heavy,heavy,0.01,15.51,60.83,8,43.91,15.51,10277.35,12552.45,12552.45,1.6,0,3292.98,200
ec98500d-46ed-4187-892f-49ec887e1aaa,2026-06-07T14:12:15.009Z,instance-2,A,burst,heavy,heavy,k6,Exp_A_09,9,POST,/api/heavy,heavy,0.01,15.51,60.83,9,43.91,15.51,10277.35,12552.45,12552.45,1.8,0,3708.03,200
fcdab244-fb42-4bc7-b8e2-465fc5cfccb3,2026-06-07T14:12:15.009Z,instance-2,A,burst,heavy,heavy,k6,Exp_A_09,20,POST,/api/heavy,heavy,0.01,15.51,60.83,10,43.91,15.51,10277.35,12552.45,12552.45,2,0,4119.63,200
05213d2a-ce0d-49e7-ad9d-bd297ad3a528,2026-06-07T14:12:15.010Z,instance-2,A,burst,heavy,heavy,k6,Exp_A_09,24,POST,/api/heavy,heavy,0.01,15.51,60.83,11,43.91,15.51,10277.35,12552.45,12552.45,2.2,0,4533.88,200
c8493edd-1a7e-49d4-81ec-fefa8e250e9d,2026-06-07T14:12:15.011Z,instance-2,A,burst,heavy,heavy,k6,Exp_A_09,27,POST,/api/heavy,heavy,0.01,15.51,60.83,12,43.91,15.51,10277.35,12552.45,12552.45,2.4,0,4938.74,200
05d2b0aa-348c-42b3-aca5-fe432bdf380e,2026-06-07T14:12:15.011Z,instance-2,A,burst,heavy,heavy,k6,Exp_A_09,58,POST,/api/heavy,heavy,0.01,15.51,60.83,13,43.91,15.51,10277.35,12552.45,12552.45,2.6,0,5353.41,200
ac4e5c32-22dd-48af-9ce5-ea90ee230014,2026-06-07T14:12:15.012Z,instance-2,A,burst,heavy,heavy,k6,Exp_A_09,25,POST,/api/heavy,heavy,0.01,15.51,60.83,14,43.91,15.51,10277.35,12552.45,12552.45,2.8,0,5782.08,200
c66fa1eb-25eb-42fb-9163-b772aa2f37c3,2026-06-07T14:12:15.013Z,instance-2,A,burst,heavy,heavy,k6,Exp_A_09,6,POST,/api/heavy,heavy,0.01,15.51,60.83,15,43.91,15.51,10277.35,12552.45,12552.45,3,0,6202.88,200
797a258e-512c-4938-89e9-e98c7aea3c92,2026-06-07T14:12:15.013Z,instance-2,A,burst,heavy,heavy,k6,Exp_A_09,21,POST,/api/heavy,heavy,0.01,15.51,60.83,16,43.91,15.51,10277.35,12552.45,12552.45,3.2,0,6618.37,200
b8dbe042-cad1-4511-aa99-29d191038bbb,2026-06-07T14:12:15.014Z,instance-2,A,burst,heavy,heavy,k6,Exp_A_09,16,POST,/api/heavy,heavy,0.01,15.51,60.83,17,43.91,15.51,10277.35,12552.45,12552.45,3.4,0,7024.86,200
68144184-968f-4c60-a864-2a0b1b524007,2026-06-07T14:12:15.015Z,instance-2,A,burst,heavy,heavy,k6,Exp_A_09,42,POST,/api/heavy,heavy,0.01,15.51,60.83,18,43.91,15.51,10277.35,12552.45,12552.45,3.6,0,7439.11,200
892f9026-b56d-4026-a465-bbf9506c45f3,2026-06-07T14:12:15.015Z,instance-2,A,burst,heavy,heavy,k6,Exp_A_09,22,POST,/api/heavy,heavy,0.01,15.51,60.83,19,43.91,15.51,10277.35,12552.45,12552.45,3.8,0,7854.13,200
44df8f09-9dd3-4424-8b6b-cdf58b6e907b,2026-06-07T14:12:15.016Z,instance-2,A,burst,heavy,heavy,k6,Exp_A_09,31,POST,/api/heavy,heavy,0.01,15.51,60.83,20,43.91,15.51,10277.35,12552.45,12552.45,4,0,8269.72,200
2d72e309-6933-4bb6-addf-862f32ac40e3,2026-06-07T14:12:15.016Z,instance-2,A,burst,heavy,heavy,k6,Exp_A_09,28,POST,/api/heavy,heavy,0.01,15.51,60.83,21,43.91,15.51,10277.35,12552.45,12552.45,4.2,0,8686.01,200
bf5b5d94-dce6-4bae-836e-d5adfabc8e5f,2026-06-07T14:12:15.017Z,instance-2,A,burst,heavy,heavy,k6,Exp_A_09,44,POST,/api/heavy,heavy,0.01,15.51,60.83,22,43.91,15.51,10277.35,12552.45,12552.45,4.4,0,9106.4,200
987691ad-f786-443d-af18-d1d0b7709b1b,2026-06-07T14:12:15.017Z,instance-2,A,burst,heavy,heavy,k6,Exp_A_09,41,POST,/api/heavy,heavy,0.01,15.51,60.83,23,43.91,15.51,10277.35,12552.45,12552.45,4.6,0,9537.74,200
91840d37-6705-4802-a3b3-084db946d872,2026-06-07T14:12:15.019Z,instance-2,A,burst,heavy,heavy,k6,Exp_A_09,34,POST,/api/heavy,heavy,0.01,15.51,60.83,24,43.91,15.51,10277.35,12552.45,12552.45,4.8,0,9916.79,200
994de920-84a1-4ba6-8f82-74cef20c0610,2026-06-07T14:12:15.020Z,instance-2,A,burst,heavy,heavy,k6,Exp_A_09,32,POST,/api/heavy,heavy,0.01,15.51,60.83,25,43.91,15.51,10277.35,12552.45,12552.45,5,0,10314.57,200
159a9c0a-cb50-4bff-8cc4-16dadda49e96,2026-06-07T14:12:15.021Z,instance-2,A,burst,heavy,heavy,k6,Exp_A_09,17,POST,/api/heavy,heavy,0.01,15.51,60.83,26,43.91,15.51,10277.35,12552.45,12552.45,5.2,0,10712.35,200
2334c496-30e2-4afc-9b47-c347a19a5004,2026-06-07T14:12:20.877Z,instance-3,A,burst,heavy,heavy,k6,Exp_A_09,18,POST,/api/heavy,heavy,0.01,31.88,62.01,1,16.75,31.88,2075.1,4152.91,4152.91,2.2,0,430.83,200
dd95ca86-15f4-4c99-ae5f-2cd07d01f636,2026-06-07T14:12:20.878Z,instance-3,A,burst,heavy,heavy,k6,Exp_A_09,12,POST,/api/heavy,heavy,0.01,31.88,62.01,2,16.75,31.88,2075.1,4152.91,4152.91,2.4,0,843.61,200
a55b5c8d-1925-4cec-a194-b1b7180a9be7,2026-06-07T14:12:20.878Z,instance-3,A,burst,heavy,heavy,k6,Exp_A_09,38,POST,/api/heavy,heavy,0.01,31.88,62.01,3,16.75,31.88,2075.1,4152.91,4152.91,2.6,0,1251.87,200
d85612ca-b0e6-46eb-ae99-76a51875fd47,2026-06-07T14:12:20.879Z,instance-3,A,burst,heavy,heavy,k6,Exp_A_09,46,POST,/api/heavy,heavy,0.01,31.88,62.01,4,16.75,31.88,2075.1,4152.91,4152.91,2.8,0,1670.75,200
752659bd-df74-4cb4-b616-b431748ad9f2,2026-06-07T14:12:20.880Z,instance-3,A,burst,heavy,heavy,k6,Exp_A_09,10,POST,/api/heavy,heavy,0.01,31.88,62.01,5,16.75,31.88,2075.1,4152.91,4152.91,3,0,2088.16,200
030824b9-740a-46f3-876f-c39866bd4379,2026-06-07T14:12:20.882Z,instance-3,A,burst,heavy,heavy,k6,Exp_A_09,37,POST,/api/heavy,heavy,0.01,31.88,62.01,6,16.75,31.88,2075.1,4152.91,4152.91,3.2,0,2501.23,200
80862d6d-5d9a-4101-afea-b041d7526457,2026-06-07T14:12:20.882Z,instance-3,A,burst,heavy,heavy,k6,Exp_A_09,9,POST,/api/heavy,heavy,0.01,31.88,62.01,7,16.75,31.88,2075.1,4152.91,4152.91,3.4,0,2913.56,200
5409f8f9-69b1-4f04-be8c-4b2b0f2a1520,2026-06-07T14:12:20.883Z,instance-3,A,burst,heavy,heavy,k6,Exp_A_09,36,POST,/api/heavy,heavy,0.01,31.88,62.01,8,16.75,31.88,2075.1,4152.91,4152.91,3.6,0,3342.65,200
855e4df6-2936-4807-bc2f-8018c2b9d2b1,2026-06-07T14:12:20.884Z,instance-3,A,burst,heavy,heavy,k6,Exp_A_09,23,POST,/api/heavy,heavy,0.01,31.88,62.01,9,16.75,31.88,2075.1,4152.91,4152.91,3.8,0,3753.19,200
25b5049e-77ff-40c4-916c-41df72e43011,2026-06-07T14:12:20.885Z,instance-3,A,burst,heavy,heavy,k6,Exp_A_09,24,POST,/api/heavy,heavy,0.01,31.88,62.01,10,16.75,31.88,2075.1,4152.91,4152.91,4,0,4133.93,200
61a9f4ad-ba53-4f17-804a-88c27523a6b9,2026-06-07T14:12:20.885Z,instance-3,A,burst,heavy,heavy,k6,Exp_A_09,33,POST,/api/heavy,heavy,0.01,31.88,62.01,11,16.75,31.88,2075.1,4152.91,4152.91,4.2,0,4531.43,200
fa00420a-5a9f-4290-8c06-0b1bf363b832,2026-06-07T14:12:20.887Z,instance-3,A,burst,heavy,heavy,k6,Exp_A_09,7,POST,/api/heavy,heavy,0.01,31.88,62.01,12,16.75,31.88,2075.1,4152.91,4152.91,4.4,0,4950.04,200
ee727b8a-0d78-4032-957c-78c876c678b3,2026-06-07T14:12:20.889Z,instance-3,A,burst,heavy,heavy,k6,Exp_A_09,4,POST,/api/heavy,heavy,0.01,31.88,62.01,13,16.75,31.88,2075.1,4152.91,4152.91,4.6,0,5376.84,200
94fca53b-f439-48d9-b0aa-0fd8bacf748b,2026-06-07T14:12:20.890Z,instance-3,A,burst,heavy,heavy,k6,Exp_A_09,47,POST,/api/heavy,heavy,0.01,31.88,62.01,14,16.75,31.88,2075.1,4152.91,4152.91,4.8,0,5800.49,200
b04cc18f-f27d-4c66-86ec-068b8986a899,2026-06-07T14:12:21.021Z,instance-1,A,burst,heavy,heavy,k6,Exp_A_09,45,POST,/api/heavy,heavy,0.01,61.75,61.77,1,23.8,81.45,1992.48,4142.22,4142.22,2.2,0,420.95,200
27afcdd6-0760-4a5d-855c-a02e2aaf896c,2026-06-07T14:12:21.021Z,instance-1,A,burst,heavy,heavy,k6,Exp_A_09,43,POST,/api/heavy,heavy,0.01,61.75,61.77,2,23.8,81.45,1992.48,4142.22,4142.22,2.4,0,829.5,200
42019a8d-6d47-4ea9-b550-7e2ed19ac2df,2026-06-07T14:12:21.022Z,instance-1,A,burst,heavy,heavy,k6,Exp_A_09,2,POST,/api/heavy,heavy,0.01,61.75,61.77,3,23.8,81.45,1992.48,4142.22,4142.22,2.6,0,1241.32,200
9640870f-0fa3-43fe-8a46-acc18762c9cd,2026-06-07T14:12:21.022Z,instance-1,A,burst,heavy,heavy,k6,Exp_A_09,14,POST,/api/heavy,heavy,0.01,61.75,61.77,4,23.8,81.45,1992.48,4142.22,4142.22,2.8,0,1655.01,200
71f5c820-1da0-4b01-a663-3b085a02ea1c,2026-06-07T14:12:21.023Z,instance-1,A,burst,heavy,heavy,k6,Exp_A_09,1,POST,/api/heavy,heavy,0.01,61.75,61.77,5,23.8,81.45,1992.48,4142.22,4142.22,3,0,2071.58,200
87199075-cb48-48ff-bea7-953b7c2de02d,2026-06-07T14:12:21.024Z,instance-1,A,burst,heavy,heavy,k6,Exp_A_09,52,POST,/api/heavy,heavy,0.01,61.75,61.77,6,23.8,81.45,1992.48,4142.22,4142.22,3.2,0,2488.33,200
05ba60b8-462c-4955-89ea-7d6f95719014,2026-06-07T14:12:21.025Z,instance-1,A,burst,heavy,heavy,k6,Exp_A_09,26,POST,/api/heavy,heavy,0.01,61.75,61.77,7,23.8,81.45,1992.48,4142.22,4142.22,3.4,0,2899.36,200
44288563-5a43-4348-bbbc-b3cb7ef2e512,2026-06-07T14:12:21.026Z,instance-1,A,burst,heavy,heavy,k6,Exp_A_09,20,POST,/api/heavy,heavy,0.01,61.75,61.77,8,23.8,81.45,1992.48,4142.22,4142.22,3.6,0,3331.72,200
1e743b2e-e3ee-4e59-bd44-17eadbeac4fe,2026-06-07T14:12:21.027Z,instance-1,A,burst,heavy,heavy,k6,Exp_A_09,35,POST,/api/heavy,heavy,0.01,61.75,61.77,9,23.8,81.45,1992.48,4142.22,4142.22,3.8,0,3728.96,200
4a016dea-9c87-4483-ad77-9b375440ece3,2026-06-07T14:12:21.027Z,instance-1,A,burst,heavy,heavy,k6,Exp_A_09,49,POST,/api/heavy,heavy,0.01,61.75,61.77,10,23.8,81.45,1992.48,4142.22,4142.22,4,0,4117.16,200
3e98f0e3-32b5-4095-a59d-91cdd5b394e6,2026-06-07T14:12:21.028Z,instance-1,A,burst,heavy,heavy,k6,Exp_A_09,29,POST,/api/heavy,heavy,0.01,61.75,61.77,11,23.8,81.45,1992.48,4142.22,4142.22,4.2,0,4510.65,200
36c57b87-2c86-4eba-a052-b2126765b20e,2026-06-07T14:12:21.029Z,instance-1,A,burst,heavy,heavy,k6,Exp_A_09,15,POST,/api/heavy,heavy,0.01,61.75,61.77,12,23.8,81.45,1992.48,4142.22,4142.22,4.4,0,4928.03,200
12b07f6a-2efb-4fef-b066-fae9339b2090,2026-06-07T14:12:21.029Z,instance-1,A,burst,heavy,heavy,k6,Exp_A_09,30,POST,/api/heavy,heavy,0.01,61.75,61.77,13,23.8,81.45,1992.48,4142.22,4142.22,4.6,0,5372.4,200
3d1f0519-55e6-4f50-959f-ced25c54b240,2026-06-07T14:12:21.030Z,instance-1,A,burst,heavy,heavy,k6,Exp_A_09,11,POST,/api/heavy,heavy,0.01,61.75,61.77,14,23.8,81.45,1992.48,4142.22,4142.22,4.8,0,5820.96,200
d0f28739-8b51-4673-bdfc-03c94df3a4de,2026-06-07T14:12:25.749Z,instance-2,A,burst,heavy,heavy,k6,Exp_A_09,91,POST,/api/heavy,heavy,0.01,37.5,61.03,1,41.13,37.5,8266.54,10712.35,10712.35,0.2,0,436.97,200
fbcc755e-3b7d-42ae-818c-932b3bfbe4f2,2026-06-07T14:12:25.749Z,instance-2,A,burst,heavy,heavy,k6,Exp_A_09,97,POST,/api/heavy,heavy,0.01,37.5,61.03,2,41.13,37.5,8266.54,10712.35,10712.35,0.4,0,866.07,200
ffdc6012-380e-4696-9cfc-91cae73eb9ec,2026-06-07T14:12:25.750Z,instance-2,A,burst,heavy,heavy,k6,Exp_A_09,95,POST,/api/heavy,heavy,0.01,37.5,61.03,3,41.13,37.5,8266.54,10712.35,10712.35,0.6,0,1360.26,200
d200c989-8454-449e-a169-5c2a9510a27f,2026-06-07T14:12:25.751Z,instance-2,A,burst,heavy,heavy,k6,Exp_A_09,99,POST,/api/heavy,heavy,0.01,37.5,61.03,4,41.13,37.5,8266.54,10712.35,10712.35,0.8,0,1772.36,200
55b02cbc-f76b-42c0-aa56-a0c9fedd4077,2026-06-07T14:12:27.539Z,instance-2,A,burst,heavy,heavy,k6,Exp_A_09,34,POST,/api/heavy,heavy,0.01,619.55,62.02,1,18.35,328.52,6569.45,10712.35,10712.35,1,0,436.85,200
6f3f3590-72a7-4ed7-a025-7e70b97a0982,2026-06-07T14:12:27.539Z,instance-2,A,burst,heavy,heavy,k6,Exp_A_09,1,POST,/api/heavy,heavy,0.01,619.55,62.02,2,18.35,328.52,6569.45,10712.35,10712.35,1.2,0,853.56,200
1be5ae89-5a36-462d-b956-905333e7ddba,2026-06-07T14:12:27.540Z,instance-2,A,burst,heavy,heavy,k6,Exp_A_09,104,POST,/api/heavy,heavy,0.01,619.55,62.02,3,18.35,328.52,6569.45,10712.35,10712.35,1.4,0,1273.46,200
087e01a0-b8be-477a-a6cf-4b85123e8b03,2026-06-07T14:12:27.541Z,instance-2,A,burst,heavy,heavy,k6,Exp_A_09,111,POST,/api/heavy,heavy,0.01,619.55,62.02,4,18.35,328.52,6569.45,10712.35,10712.35,1.6,0,1695.91,200
d590621e-4d13-4ad0-b1c7-61af5ad43995,2026-06-07T14:12:27.542Z,instance-2,A,burst,heavy,heavy,k6,Exp_A_09,29,POST,/api/heavy,heavy,0.01,619.55,62.02,5,18.35,328.52,6569.45,10712.35,10712.35,1.8,0,2133.31,200
771f904d-c91a-42d9-8142-179f7b8ff4da,2026-06-07T14:12:27.542Z,instance-2,A,burst,heavy,heavy,k6,Exp_A_09,7,POST,/api/heavy,heavy,0.01,619.55,62.02,6,18.35,328.52,6569.45,10712.35,10712.35,2,0,2549.35,200
59afdc9e-b6d7-4dc6-858c-f628f29329e4,2026-06-07T14:12:27.543Z,instance-2,A,burst,heavy,heavy,k6,Exp_A_09,124,POST,/api/heavy,heavy,0.01,619.55,62.02,7,18.35,328.52,6569.45,10712.35,10712.35,2.2,0,2960.9,200
de880258-c25f-4250-ad2c-d36cbacb03ea,2026-06-07T14:12:27.544Z,instance-2,A,burst,heavy,heavy,k6,Exp_A_09,123,POST,/api/heavy,heavy,0.01,619.55,62.02,8,18.35,328.52,6569.45,10712.35,10712.35,2.4,0,3375.44,200
55d65cb3-30c0-4b3d-bebd-fd87342c7caa,2026-06-07T14:12:27.545Z,instance-2,A,burst,heavy,heavy,k6,Exp_A_09,121,POST,/api/heavy,heavy,0.01,619.55,62.02,9,18.35,328.52,6569.45,10712.35,10712.35,2.6,0,3781.72,200
e0d7eae4-7048-4445-b684-1bc02dba1b71,2026-06-07T14:12:27.546Z,instance-2,A,burst,heavy,heavy,k6,Exp_A_09,116,POST,/api/heavy,heavy,0.01,619.55,62.02,10,18.35,328.52,6569.45,10712.35,10712.35,2.8,0,4223.93,200
81feaee1-8609-4fff-986c-96135df58cfa,2026-06-07T14:12:31.782Z,instance-2,A,burst,heavy,heavy,k6,Exp_A_09,128,POST,/api/heavy,heavy,0.01,262.5,62.19,1,21.97,441.02,2201.42,4223.93,4223.93,2.2,0,481.44,200
b09516e8-0efb-4e5f-bb5b-49a0a815ccb0,2026-06-07T14:12:31.783Z,instance-2,A,burst,heavy,heavy,k6,Exp_A_09,133,POST,/api/heavy,heavy,0.01,262.5,62.19,2,21.97,441.02,2201.42,4223.93,4223.93,2.4,0,880.98,200
163ca3f2-127f-4cd1-a982-2718759f3140,2026-06-07T14:12:31.783Z,instance-2,A,burst,heavy,heavy,k6,Exp_A_09,109,POST,/api/heavy,heavy,0.01,262.5,62.19,3,21.97,441.02,2201.42,4223.93,4223.93,2.6,0,1322.37,200
e05b5d74-96a6-433e-a32c-98aaca581a8c,2026-06-07T14:12:31.784Z,instance-2,A,burst,heavy,heavy,k6,Exp_A_09,34,POST,/api/heavy,heavy,0.01,262.5,62.19,4,21.97,441.02,2201.42,4223.93,4223.93,2.8,0,1714.12,200
04b85292-085a-4c90-9a0f-8f7f9d6548c4,2026-06-07T14:12:31.787Z,instance-2,A,burst,heavy,heavy,k6,Exp_A_09,161,POST,/api/heavy,heavy,0.01,262.5,62.19,5,21.97,441.02,2201.42,4223.93,4223.93,3,0,2114.18,200
e4231282-22a6-42ce-a3a7-23deb173ca82,2026-06-07T14:12:31.788Z,instance-2,A,burst,heavy,heavy,k6,Exp_A_09,170,POST,/api/heavy,heavy,0.01,262.5,62.19,6,21.97,441.02,2201.42,4223.93,4223.93,3.2,0,2511.28,200
3d6bde43-8085-4b4f-8567-57a11aa3fabf,2026-06-07T14:12:31.789Z,instance-2,A,burst,heavy,heavy,k6,Exp_A_09,171,POST,/api/heavy,heavy,0.01,262.5,62.19,7,21.97,441.02,2201.42,4223.93,4223.93,3.4,0,2894.04,200
9a995437-3507-42dc-a074-54076ef41257,2026-06-07T14:12:31.791Z,instance-2,A,burst,heavy,heavy,k6,Exp_A_09,181,POST,/api/heavy,heavy,0.01,262.5,62.19,8,21.97,441.02,2201.42,4223.93,4223.93,3.6,0,3318,200
52e8cbb9-93d9-4aa8-a90e-228d23c2f8e5,2026-06-07T14:12:31.795Z,instance-2,A,burst,heavy,heavy,k6,Exp_A_09,145,POST,/api/heavy,heavy,0.01,262.5,62.19,9,21.97,441.02,2201.42,4223.93,4223.93,3.8,0,3737.27,200
79f67606-78e0-4d09-8bac-a22886d46efa,2026-06-07T14:12:31.796Z,instance-2,A,burst,heavy,heavy,k6,Exp_A_09,150,POST,/api/heavy,heavy,0.01,262.5,62.19,10,21.97,441.02,2201.42,4223.93,4223.93,4,0,4154.47,200
bad0c691-298f-4600-a838-2c1489c33f2e,2026-06-07T14:12:31.797Z,instance-2,A,burst,heavy,heavy,k6,Exp_A_09,1,POST,/api/heavy,heavy,0.01,262.5,62.19,11,21.97,441.02,2201.42,4223.93,4223.93,4.2,0,4574.14,200
57a1e387-d7d7-48a6-859b-3bef34fe3eba,2026-06-07T14:12:31.798Z,instance-2,A,burst,heavy,heavy,k6,Exp_A_09,50,POST,/api/heavy,heavy,0.01,262.5,62.19,12,21.97,441.02,2201.42,4223.93,4223.93,4.4,0,4990.67,200
63e0941b-ba79-4a08-98ee-acbb690f90a4,2026-06-07T14:12:31.800Z,instance-2,A,burst,heavy,heavy,k6,Exp_A_09,43,POST,/api/heavy,heavy,0.01,262.5,62.19,13,21.97,441.02,2201.42,4223.93,4223.93,4.6,0,5406.23,200
1461d855-0c35-4de1-ada3-15908abf52e3,2026-06-07T14:12:31.801Z,instance-2,A,burst,heavy,heavy,k6,Exp_A_09,66,POST,/api/heavy,heavy,0.01,262.5,62.19,14,21.97,441.02,2201.42,4223.93,4223.93,4.8,0,5797.86,200
cf09dffc-eb11-4de2-aecc-8cb7012444d3,2026-06-07T14:12:31.802Z,instance-2,A,burst,heavy,heavy,k6,Exp_A_09,185,POST,/api/heavy,heavy,0.01,262.5,62.19,15,21.97,441.02,2201.42,4223.93,4223.93,5,0,6193.63,200
597bad8f-9bf9-4dfe-b51e-3b8bc7b08a4e,2026-06-07T14:12:31.803Z,instance-2,A,burst,heavy,heavy,k6,Exp_A_09,183,POST,/api/heavy,heavy,0.01,262.5,62.19,16,21.97,441.02,2201.42,4223.93,4223.93,5.2,0,6593.95,200
2bac12a4-0f66-40a8-a278-dd9ad9856828,2026-06-07T14:12:31.807Z,instance-2,A,burst,heavy,heavy,k6,Exp_A_09,186,POST,/api/heavy,heavy,0.01,262.5,62.19,17,21.97,441.02,2201.42,4223.93,4223.93,5.4,0,6989.88,200
aeacf81a-a91e-471f-b61a-9a9434355a7a,2026-06-07T14:12:42.125Z,instance-2,A,burst,heavy,heavy,k6,Exp_A_09,347,POST,/api/heavy,heavy,0.01,0,62.28,1,0.03,136.29,4559.66,6989.88,6989.88,0.2,0,417.69,200
de27beb6-646f-4771-8b90-3d407b829fee,2026-06-07T14:12:42.831Z,instance-2,A,burst,heavy,heavy,k6,Exp_A_09,93,POST,/api/heavy,heavy,0.01,1.6,62.28,1,0.77,113.84,5198.6,6989.88,6989.88,0.4,0,450.12,200
f9ab83e1-eb39-454d-9313-a6701ba4cbb2,2026-06-07T14:12:43.283Z,instance-2,A,burst,heavy,heavy,k6,Exp_A_09,357,POST,/api/heavy,heavy,0.01,1.6,62.28,1,0.77,113.84,3612.91,6989.88,6989.88,0.6,0,424.43,200
1e5bb4bc-f5e8-4e55-949a-031289306060,2026-06-07T14:12:43.709Z,instance-2,A,burst,heavy,heavy,k6,Exp_A_09,363,POST,/api/heavy,heavy,0.01,65.6,62.28,1,0.77,106.95,2070.53,6989.88,6989.88,0.8,0,427.64,200
44d70f33-a35c-48be-a2ff-52f1087ffbf8,2026-06-07T14:12:43.710Z,instance-2,A,burst,heavy,heavy,k6,Exp_A_09,347,POST,/api/heavy,heavy,0.01,65.6,62.28,2,0.77,106.95,2070.53,6989.88,6989.88,1,0,856.08,200
cd4df1c8-6881-401c-8928-c3e90a57ba7d,2026-06-07T14:12:26.707Z,instance-3,A,burst,heavy,heavy,k6,Exp_A_09,5,POST,/api/heavy,heavy,0.01,19.8,62.15,1,24.63,19.8,3319.83,5800.49,5800.49,0.2,0,532.25,200
1ea277a2-e214-4b67-b000-64fa59477c0b,2026-06-07T14:12:26.709Z,instance-3,A,burst,heavy,heavy,k6,Exp_A_09,25,POST,/api/heavy,heavy,0.01,19.8,62.15,2,24.63,19.8,3319.83,5800.49,5800.49,0.4,0,951.85,200
db004d1f-24e8-4064-a269-ec58c13d7228,2026-06-07T14:12:26.710Z,instance-3,A,burst,heavy,heavy,k6,Exp_A_09,18,POST,/api/heavy,heavy,0.01,19.8,62.15,3,24.63,19.8,3319.83,5800.49,5800.49,0.6,0,1372.42,200
b8bcd8b0-a17e-4972-843a-521759bb79fb,2026-06-07T14:12:26.711Z,instance-3,A,burst,heavy,heavy,k6,Exp_A_09,51,POST,/api/heavy,heavy,0.01,19.8,62.15,4,24.63,19.8,3319.83,5800.49,5800.49,0.8,0,1794.14,200
032dd8f8-71e8-4f4c-b027-9f6e57b3314e,2026-06-07T14:12:26.712Z,instance-3,A,burst,heavy,heavy,k6,Exp_A_09,12,POST,/api/heavy,heavy,0.01,19.8,62.15,5,24.63,19.8,3319.83,5800.49,5800.49,1,0,2220.21,200
d50b5a9f-e1f7-411d-a84f-3a56d048b054,2026-06-07T14:12:26.713Z,instance-3,A,burst,heavy,heavy,k6,Exp_A_09,38,POST,/api/heavy,heavy,0.01,19.8,62.15,6,24.63,19.8,3319.83,5800.49,5800.49,1.2,0,2638.97,200
72bb0dea-ca3f-41e9-a203-d146ce7fd5a6,2026-06-07T14:12:26.715Z,instance-3,A,burst,heavy,heavy,k6,Exp_A_09,66,POST,/api/heavy,heavy,0.01,19.8,62.15,7,24.63,19.8,3319.83,5800.49,5800.49,1.4,0,3065.7,200
85626cdf-5340-4e32-b464-8634d923fdd0,2026-06-07T14:12:26.716Z,instance-3,A,burst,heavy,heavy,k6,Exp_A_09,22,POST,/api/heavy,heavy,0.01,19.8,62.15,8,24.63,19.8,3319.83,5800.49,5800.49,1.6,0,3480.34,200
02fef4f3-ba3d-45af-88d0-4f755e3e294b,2026-06-07T14:12:26.719Z,instance-3,A,burst,heavy,heavy,k6,Exp_A_09,78,POST,/api/heavy,heavy,0.01,19.8,62.15,9,24.63,19.8,3319.83,5800.49,5800.49,1.8,0,3896.1,200
e3b87bc7-c7ce-4a40-8aa4-63a4747393ce,2026-06-07T14:12:26.722Z,instance-3,A,burst,heavy,heavy,k6,Exp_A_09,28,POST,/api/heavy,heavy,0.01,19.8,62.15,10,24.63,19.8,3319.83,5800.49,5800.49,2,0,4317.6,200
60bb82ff-0d79-4a7e-8265-2e173bd4c55b,2026-06-07T14:12:26.724Z,instance-3,A,burst,heavy,heavy,k6,Exp_A_09,90,POST,/api/heavy,heavy,0.01,19.8,62.15,11,24.63,19.8,3319.83,5800.49,5800.49,2.2,0,4749.83,200
c267205a-c044-49b2-814e-99d415e9fc4c,2026-06-07T14:12:26.727Z,instance-3,A,burst,heavy,heavy,k6,Exp_A_09,23,POST,/api/heavy,heavy,0.01,19.8,62.15,12,24.63,19.8,3319.83,5800.49,5800.49,2.4,0,5189.08,200
8ab75748-962a-410a-bf5b-b90cbb257e7f,2026-06-07T14:12:26.729Z,instance-3,A,burst,heavy,heavy,k6,Exp_A_09,24,POST,/api/heavy,heavy,0.01,19.8,62.15,13,24.63,19.8,3319.83,5800.49,5800.49,2.6,0,5616.31,200
a28a66f6-0734-479c-9ecd-a0880426aa46,2026-06-07T14:12:26.731Z,instance-3,A,burst,heavy,heavy,k6,Exp_A_09,33,POST,/api/heavy,heavy,0.01,19.8,62.15,14,24.63,19.8,3319.83,5800.49,5800.49,2.8,0,6025.24,200
5688da87-93fe-4c1e-9a28-dd71f559171d,2026-06-07T14:12:26.731Z,instance-3,A,burst,heavy,heavy,k6,Exp_A_09,27,POST,/api/heavy,heavy,0.01,19.8,62.15,15,24.63,19.8,3319.83,5800.49,5800.49,3,0,6455.97,200
7898dfb8-32c2-4daa-ab7c-775307a16b5a,2026-06-07T14:12:26.732Z,instance-3,A,burst,heavy,heavy,k6,Exp_A_09,19,POST,/api/heavy,heavy,0.01,19.8,62.15,16,24.63,19.8,3319.83,5800.49,5800.49,3.2,0,6853.51,200
47ab15ea-ac59-49f1-a687-8f51d670b334,2026-06-07T14:12:26.734Z,instance-3,A,burst,heavy,heavy,k6,Exp_A_09,54,POST,/api/heavy,heavy,0.01,19.8,62.15,17,24.63,19.8,3319.83,5800.49,5800.49,3.4,0,7263.26,200
fb072644-f510-45c8-b782-664f3ae87c3f,2026-06-07T14:12:26.735Z,instance-3,A,burst,heavy,heavy,k6,Exp_A_09,60,POST,/api/heavy,heavy,0.01,19.8,62.15,18,24.63,19.8,3319.83,5800.49,5800.49,3.6,0,7649.89,200
4b83003d-d03b-4d6a-a7c6-0cf8e8698b8d,2026-06-07T14:12:26.736Z,instance-3,A,burst,heavy,heavy,k6,Exp_A_09,61,POST,/api/heavy,heavy,0.01,19.8,62.15,19,24.63,19.8,3319.83,5800.49,5800.49,3.8,0,8042.89,200
196393df-80e1-494f-8120-8513297813fa,2026-06-07T14:12:26.737Z,instance-3,A,burst,heavy,heavy,k6,Exp_A_09,56,POST,/api/heavy,heavy,0.01,19.8,62.15,20,24.63,19.8,3319.83,5800.49,5800.49,4,0,8464.77,200
1e374884-7c1a-47c9-8d8c-dc2303700cbd,2026-06-07T14:12:26.737Z,instance-3,A,burst,heavy,heavy,k6,Exp_A_09,69,POST,/api/heavy,heavy,0.01,19.8,62.15,21,24.63,19.8,3319.83,5800.49,5800.49,4.2,0,8888.67,200
37b7f242-d10d-4b1d-9ff3-8e1fda83b55f,2026-06-07T14:12:26.738Z,instance-3,A,burst,heavy,heavy,k6,Exp_A_09,70,POST,/api/heavy,heavy,0.01,19.8,62.15,22,24.63,19.8,3319.83,5800.49,5800.49,4.4,0,9305.91,200
0062bb1f-568b-492a-8948-42f4db3bc64a,2026-06-07T14:12:26.739Z,instance-3,A,burst,heavy,heavy,k6,Exp_A_09,14,POST,/api/heavy,heavy,0.01,19.8,62.15,23,24.63,19.8,3319.83,5800.49,5800.49,4.6,0,9727.66,200
4595e1e8-6a60-479d-bedd-6c5f64b46603,2026-06-07T14:12:26.739Z,instance-3,A,burst,heavy,heavy,k6,Exp_A_09,73,POST,/api/heavy,heavy,0.01,19.8,62.15,24,24.63,19.8,3319.83,5800.49,5800.49,4.8,0,10141,200
1ea62df9-97c9-4425-b0e6-a2bd7e4c5a55,2026-06-07T14:12:26.740Z,instance-3,A,burst,heavy,heavy,k6,Exp_A_09,74,POST,/api/heavy,heavy,0.01,19.8,62.15,25,24.63,19.8,3319.83,5800.49,5800.49,5,0,10557.3,200
20963050-900c-41c2-aa44-140613ecb4ad,2026-06-07T14:12:26.741Z,instance-3,A,burst,heavy,heavy,k6,Exp_A_09,79,POST,/api/heavy,heavy,0.01,19.8,62.15,26,24.63,19.8,3319.83,5800.49,5800.49,5.2,0,10940.2,200
c441819d-0bf4-439c-a3da-aa8667609f2c,2026-06-07T14:12:26.741Z,instance-3,A,burst,heavy,heavy,k6,Exp_A_09,31,POST,/api/heavy,heavy,0.01,19.8,62.15,27,24.63,19.8,3319.83,5800.49,5800.49,5.4,0,11347.91,200
4a282409-b91e-40a2-9b07-81ad19ee962b,2026-06-07T14:12:26.742Z,instance-3,A,burst,heavy,heavy,k6,Exp_A_09,81,POST,/api/heavy,heavy,0.01,19.8,62.15,28,24.63,19.8,3319.83,5800.49,5800.49,5.6,0,11745.84,200
87ec3c39-8bc0-458e-9904-052cbffd12f0,2026-06-07T14:12:26.744Z,instance-3,A,burst,heavy,heavy,k6,Exp_A_09,13,POST,/api/heavy,heavy,0.01,19.8,62.15,29,24.63,19.8,3319.83,5800.49,5800.49,5.8,0,12142.04,200
03279576-c472-4088-9228-5c6e23418544,2026-06-07T14:12:26.745Z,instance-3,A,burst,heavy,heavy,k6,Exp_A_09,52,POST,/api/heavy,heavy,0.01,19.8,62.15,30,24.63,19.8,3319.83,5800.49,5800.49,6,0,12572.42,200
b193b722-3996-4edb-8ca9-848fe77d76b0,2026-06-07T14:12:26.746Z,instance-3,A,burst,heavy,heavy,k6,Exp_A_09,84,POST,/api/heavy,heavy,0.01,19.8,62.15,31,24.63,19.8,3319.83,5800.49,5800.49,6.2,0,12990.36,200
b3fb033c-c2ab-4379-97d9-3ab839307a50,2026-06-07T14:12:26.747Z,instance-3,A,burst,heavy,heavy,k6,Exp_A_09,87,POST,/api/heavy,heavy,0.01,19.8,62.15,32,24.63,19.8,3319.83,5800.49,5800.49,6.4,0,13386.07,200
e2ebeef2-fff9-4096-8eb3-2d568f6e75b9,2026-06-07T14:12:26.747Z,instance-3,A,burst,heavy,heavy,k6,Exp_A_09,82,POST,/api/heavy,heavy,0.01,19.8,62.15,33,24.63,19.8,3319.83,5800.49,5800.49,6.6,0,13782.23,200
f0ffa37e-c0ce-4540-8a1f-92cf778e73bd,2026-06-07T14:12:26.748Z,instance-3,A,burst,heavy,heavy,k6,Exp_A_09,9,POST,/api/heavy,heavy,0.01,19.8,62.15,34,24.63,19.8,3319.83,5800.49,5800.49,6.8,0,14194.71,200
d3043c28-b2fa-473c-b3de-d5adb35d8dec,2026-06-07T14:12:26.749Z,instance-3,A,burst,heavy,heavy,k6,Exp_A_09,26,POST,/api/heavy,heavy,0.01,19.8,62.15,35,24.63,19.8,3319.83,5800.49,5800.49,7,0,14633.76,200
76dab1fd-4c76-4db5-8739-a1ea323a7d2f,2026-06-07T14:12:26.750Z,instance-3,A,burst,heavy,heavy,k6,Exp_A_09,93,POST,/api/heavy,heavy,0.01,19.8,62.15,36,24.63,19.8,3319.83,5800.49,5800.49,7.2,0,15071.15,200
684b1964-1754-4d7b-ac0c-d75287e8abe2,2026-06-07T14:12:26.751Z,instance-3,A,burst,heavy,heavy,k6,Exp_A_09,44,POST,/api/heavy,heavy,0.01,19.8,62.15,37,24.63,19.8,3319.83,5800.49,5800.49,7.4,0,15507.7,200
8645aa21-9184-44cf-a050-8826890e8d91,2026-06-07T14:12:26.752Z,instance-3,A,burst,heavy,heavy,k6,Exp_A_09,94,POST,/api/heavy,heavy,0.01,19.8,62.15,38,24.63,19.8,3319.83,5800.49,5800.49,7.6,0,15951.37,200
f5437420-9186-4dbf-87a0-9bb27064a024,2026-06-07T14:12:26.753Z,instance-3,A,burst,heavy,heavy,k6,Exp_A_09,2,POST,/api/heavy,heavy,0.01,19.8,62.15,39,24.63,19.8,3319.83,5800.49,5800.49,7.8,0,16381.87,200
305cba44-6b11-42ad-a039-a9621a0adef3,2026-06-07T14:12:26.754Z,instance-3,A,burst,heavy,heavy,k6,Exp_A_09,65,POST,/api/heavy,heavy,0.01,19.8,62.15,40,24.63,19.8,3319.83,5800.49,5800.49,8,0,16831.83,200
df5816f7-47cf-4c58-a3f9-113284622525,2026-06-07T14:12:26.755Z,instance-3,A,burst,heavy,heavy,k6,Exp_A_09,96,POST,/api/heavy,heavy,0.01,19.8,62.15,41,24.63,19.8,3319.83,5800.49,5800.49,8.2,0,17245.23,200
f9903d7d-dee2-42c0-b96e-af7df196b334,2026-06-07T14:12:26.755Z,instance-3,A,burst,heavy,heavy,k6,Exp_A_09,98,POST,/api/heavy,heavy,0.01,19.8,62.15,42,24.63,19.8,3319.83,5800.49,5800.49,8.4,0,17676.77,200
5046203c-e8ba-41cb-81dc-19a9079cfe0d,2026-06-07T14:12:26.756Z,instance-3,A,burst,heavy,heavy,k6,Exp_A_09,103,POST,/api/heavy,heavy,0.01,19.8,62.15,43,24.63,19.8,3319.83,5800.49,5800.49,8.6,0,18120.18,200
329eddab-7026-4cac-96a8-1e96b8ddb12a,2026-06-07T14:12:26.756Z,instance-3,A,burst,heavy,heavy,k6,Exp_A_09,106,POST,/api/heavy,heavy,0.01,19.8,62.15,44,24.63,19.8,3319.83,5800.49,5800.49,8.8,0,18560.89,200
bf3c727e-f2c3-4bc0-b4a2-444234570711,2026-06-07T14:12:26.757Z,instance-3,A,burst,heavy,heavy,k6,Exp_A_09,102,POST,/api/heavy,heavy,0.01,19.8,62.15,45,24.63,19.8,3319.83,5800.49,5800.49,9,0,18986.58,200
e9b9fe06-0cb2-46d5-ba7a-3ea19098dc7e,2026-06-07T14:12:26.758Z,instance-3,A,burst,heavy,heavy,k6,Exp_A_09,49,POST,/api/heavy,heavy,0.01,19.8,62.15,46,24.63,19.8,3319.83,5800.49,5800.49,9.2,0,19388.27,200
6a8a1503-5a2e-4c6a-8bda-95365b21627e,2026-06-07T14:12:26.867Z,instance-1,A,burst,heavy,heavy,k6,Exp_A_09,8,POST,/api/heavy,heavy,0.01,15.94,61.89,1,23.8,15.94,3307.31,5820.96,5820.96,0.2,0,500.16,200
7600acf6-ccf6-4776-a0e4-5685320b7f1d,2026-06-07T14:12:26.868Z,instance-1,A,burst,heavy,heavy,k6,Exp_A_09,3,POST,/api/heavy,heavy,0.01,15.94,61.89,2,23.8,15.94,3307.31,5820.96,5820.96,0.4,0,933.07,200
2efa7e38-2d21-47a3-a32d-d2232c81182d,2026-06-07T14:12:26.869Z,instance-1,A,burst,heavy,heavy,k6,Exp_A_09,39,POST,/api/heavy,heavy,0.01,15.94,61.89,3,23.8,15.94,3307.31,5820.96,5820.96,0.6,0,1349.91,200
01590735-b0ad-45c7-b462-f3d49fa8acee,2026-06-07T14:12:26.870Z,instance-1,A,burst,heavy,heavy,k6,Exp_A_09,50,POST,/api/heavy,heavy,0.01,15.94,61.89,4,23.8,15.94,3307.31,5820.96,5820.96,0.8,0,1769.7,200
e76d3783-5ab5-418f-ac52-ba62855b16c0,2026-06-07T14:12:26.871Z,instance-1,A,burst,heavy,heavy,k6,Exp_A_09,43,POST,/api/heavy,heavy,0.01,15.94,61.89,5,23.8,15.94,3307.31,5820.96,5820.96,1,0,2196.69,200
77ed7432-573d-4520-b838-01f4861bd290,2026-06-07T14:12:26.873Z,instance-1,A,burst,heavy,heavy,k6,Exp_A_09,63,POST,/api/heavy,heavy,0.01,15.94,61.89,6,23.8,15.94,3307.31,5820.96,5820.96,1.2,0,2622,200
76e884f0-b70b-4b69-ad15-32111b02b723,2026-06-07T14:12:26.874Z,instance-1,A,burst,heavy,heavy,k6,Exp_A_09,68,POST,/api/heavy,heavy,0.01,15.94,61.89,7,23.8,15.94,3307.31,5820.96,5820.96,1.4,0,3049.5,200
ea295950-818f-4f0e-bdc3-893183ce2c40,2026-06-07T14:12:26.876Z,instance-1,A,burst,heavy,heavy,k6,Exp_A_09,80,POST,/api/heavy,heavy,0.01,15.94,61.89,8,23.8,15.94,3307.31,5820.96,5820.96,1.6,0,3458.13,200
4d309648-c911-4b7b-b8f8-bc6544332e9f,2026-06-07T14:12:26.878Z,instance-1,A,burst,heavy,heavy,k6,Exp_A_09,37,POST,/api/heavy,heavy,0.01,15.94,61.89,9,23.8,15.94,3307.31,5820.96,5820.96,1.8,0,3867.19,200
abf1ef78-06b7-4f63-bdf0-02cd54ff0038,2026-06-07T14:12:26.880Z,instance-1,A,burst,heavy,heavy,k6,Exp_A_09,89,POST,/api/heavy,heavy,0.01,15.94,61.89,10,23.8,15.94,3307.31,5820.96,5820.96,2,0,4283.17,200
b74a18cf-50b1-4e17-bfdf-b2602ad0f8b8,2026-06-07T14:12:26.881Z,instance-1,A,burst,heavy,heavy,k6,Exp_A_09,62,POST,/api/heavy,heavy,0.01,15.94,61.89,11,23.8,15.94,3307.31,5820.96,5820.96,2.2,0,4720.98,200
ba1002fb-8e6f-4e2f-9efa-ba2f9314b379,2026-06-07T14:12:26.884Z,instance-1,A,burst,heavy,heavy,k6,Exp_A_09,101,POST,/api/heavy,heavy,0.01,15.94,61.89,12,23.8,15.94,3307.31,5820.96,5820.96,2.4,0,5169.57,200
66bb1bee-b7ef-400d-884c-c1deb97c2587,2026-06-07T14:12:26.886Z,instance-1,A,burst,heavy,heavy,k6,Exp_A_09,108,POST,/api/heavy,heavy,0.01,15.94,61.89,13,23.8,15.94,3307.31,5820.96,5820.96,2.6,0,5579.82,200
474c2699-0ce3-4517-9645-6e5cc81aefb6,2026-06-07T14:12:26.887Z,instance-1,A,burst,heavy,heavy,k6,Exp_A_09,115,POST,/api/heavy,heavy,0.01,15.94,61.89,14,23.8,15.94,3307.31,5820.96,5820.96,2.8,0,6009.6,200
c621e46f-e522-42cd-8271-1bc596ed8836,2026-06-07T14:12:26.888Z,instance-1,A,burst,heavy,heavy,k6,Exp_A_09,58,POST,/api/heavy,heavy,0.01,15.94,61.89,15,23.8,15.94,3307.31,5820.96,5820.96,3,0,6412.89,200
dfa170ea-54a8-4730-b69c-9335abd3c605,2026-06-07T14:12:26.889Z,instance-1,A,burst,heavy,heavy,k6,Exp_A_09,21,POST,/api/heavy,heavy,0.01,15.94,61.89,16,23.8,15.94,3307.31,5820.96,5820.96,3.2,0,6826.07,200
b40e9d98-1478-41e6-b472-b8b14fc57fb3,2026-06-07T14:12:26.889Z,instance-1,A,burst,heavy,heavy,k6,Exp_A_09,55,POST,/api/heavy,heavy,0.01,15.94,61.89,17,23.8,15.94,3307.31,5820.96,5820.96,3.4,0,7233.52,200
09df40f7-91c2-4cd0-8abc-8c16f0f0bc7a,2026-06-07T14:12:26.891Z,instance-1,A,burst,heavy,heavy,k6,Exp_A_09,48,POST,/api/heavy,heavy,0.01,15.94,61.89,18,23.8,15.94,3307.31,5820.96,5820.96,3.6,0,7617.56,200
6ccd4132-732c-49ed-8be6-bcc60079bb61,2026-06-07T14:12:26.892Z,instance-1,A,burst,heavy,heavy,k6,Exp_A_09,57,POST,/api/heavy,heavy,0.01,15.94,61.89,19,23.8,15.94,3307.31,5820.96,5820.96,3.8,0,8011.95,200
b2536759-845c-49cc-8f94-f232c2e480b6,2026-06-07T14:12:26.893Z,instance-1,A,burst,heavy,heavy,k6,Exp_A_09,42,POST,/api/heavy,heavy,0.01,15.94,61.89,20,23.8,15.94,3307.31,5820.96,5820.96,4,0,8438.32,200
8a551f68-043b-44ab-ace1-316563ce8b03,2026-06-07T14:12:26.894Z,instance-1,A,burst,heavy,heavy,k6,Exp_A_09,46,POST,/api/heavy,heavy,0.01,15.94,61.89,21,23.8,15.94,3307.31,5820.96,5820.96,4.2,0,8860.37,200
9bf3ee0a-2920-468f-891f-b81514218227,2026-06-07T14:12:26.895Z,instance-1,A,burst,heavy,heavy,k6,Exp_A_09,72,POST,/api/heavy,heavy,0.01,15.94,61.89,22,23.8,15.94,3307.31,5820.96,5820.96,4.4,0,9277.36,200
bc7e5e1f-2bb4-4fa5-af1d-d3ba9b2c8000,2026-06-07T14:12:26.896Z,instance-1,A,burst,heavy,heavy,k6,Exp_A_09,67,POST,/api/heavy,heavy,0.01,15.94,61.89,23,23.8,15.94,3307.31,5820.96,5820.96,4.6,0,9702.3,200
8ad5b7fb-5720-4f3a-b331-f0ec1be15d3f,2026-06-07T14:12:26.897Z,instance-1,A,burst,heavy,heavy,k6,Exp_A_09,71,POST,/api/heavy,heavy,0.01,15.94,61.89,24,23.8,15.94,3307.31,5820.96,5820.96,4.8,0,10115.27,200
8f5170bc-f053-48ab-a342-c8fee9412294,2026-06-07T14:12:26.898Z,instance-1,A,burst,heavy,heavy,k6,Exp_A_09,10,POST,/api/heavy,heavy,0.01,15.94,61.89,25,23.8,15.94,3307.31,5820.96,5820.96,5,0,10522.68,200
a34b7175-1e3b-492c-b88a-af7bceee7569,2026-06-07T14:12:26.900Z,instance-1,A,burst,heavy,heavy,k6,Exp_A_09,6,POST,/api/heavy,heavy,0.01,15.94,61.89,26,23.8,15.94,3307.31,5820.96,5820.96,5.2,0,10898.18,200
4c79e5a3-1ceb-47b2-9eb6-48c5ab915719,2026-06-07T14:12:26.901Z,instance-1,A,burst,heavy,heavy,k6,Exp_A_09,75,POST,/api/heavy,heavy,0.01,15.94,61.89,27,23.8,15.94,3307.31,5820.96,5820.96,5.4,0,11304.74,200
059bd937-af1c-4e2b-973d-40459d1206ea,2026-06-07T14:12:26.902Z,instance-1,A,burst,heavy,heavy,k6,Exp_A_09,85,POST,/api/heavy,heavy,0.01,15.94,61.89,28,23.8,15.94,3307.31,5820.96,5820.96,5.6,0,11705.75,200
a69733b6-8851-4470-943e-ed01c39aeb06,2026-06-07T14:12:26.903Z,instance-1,A,burst,heavy,heavy,k6,Exp_A_09,45,POST,/api/heavy,heavy,0.01,15.94,61.89,29,23.8,15.94,3307.31,5820.96,5820.96,5.8,0,12132.43,200
d40519ef-18a5-4019-b8c8-2cf5eba3d6d3,2026-06-07T14:12:26.903Z,instance-1,A,burst,heavy,heavy,k6,Exp_A_09,40,POST,/api/heavy,heavy,0.01,15.94,61.89,30,23.8,15.94,3307.31,5820.96,5820.96,6,0,12547.1,200
5abb3e99-aa2d-4cf6-900f-0856e1709ebe,2026-06-07T14:12:26.904Z,instance-1,A,burst,heavy,heavy,k6,Exp_A_09,88,POST,/api/heavy,heavy,0.01,15.94,61.89,31,23.8,15.94,3307.31,5820.96,5820.96,6.2,0,12978.8,200
e2d4468d-2ff6-40f0-b951-c30ad9da7100,2026-06-07T14:12:26.905Z,instance-1,A,burst,heavy,heavy,k6,Exp_A_09,64,POST,/api/heavy,heavy,0.01,15.94,61.89,32,23.8,15.94,3307.31,5820.96,5820.96,6.4,0,13350.82,200
8d234157-b6a0-41ea-8162-e555362ddd86,2026-06-07T14:12:26.907Z,instance-1,A,burst,heavy,heavy,k6,Exp_A_09,59,POST,/api/heavy,heavy,0.01,15.94,61.89,33,23.8,15.94,3307.31,5820.96,5820.96,6.6,0,13764.18,200
f2cbc465-d0e1-4ef6-a424-6f7c1f8e9dc1,2026-06-07T14:12:26.907Z,instance-1,A,burst,heavy,heavy,k6,Exp_A_09,92,POST,/api/heavy,heavy,0.01,15.94,61.89,34,23.8,15.94,3307.31,5820.96,5820.96,6.8,0,14195.42,200
b3488064-a1da-4f86-9546-60c6d1140e3f,2026-06-07T14:12:26.908Z,instance-1,A,burst,heavy,heavy,k6,Exp_A_09,16,POST,/api/heavy,heavy,0.01,15.94,61.89,35,23.8,15.94,3307.31,5820.96,5820.96,7,0,14628.67,200
954dde1d-70c7-4ae1-acc4-0e062e29d8ad,2026-06-07T14:12:26.909Z,instance-1,A,burst,heavy,heavy,k6,Exp_A_09,53,POST,/api/heavy,heavy,0.01,15.94,61.89,36,23.8,15.94,3307.31,5820.96,5820.96,7.2,0,15052.8,200
4da9dad7-5a1e-4786-aa05-58563af67380,2026-06-07T14:12:26.910Z,instance-1,A,burst,heavy,heavy,k6,Exp_A_09,36,POST,/api/heavy,heavy,0.01,15.94,61.89,37,23.8,15.94,3307.31,5820.96,5820.96,7.4,0,15483.13,200
3b844b72-33d7-418d-b960-788accc9d15e,2026-06-07T14:12:26.912Z,instance-1,A,burst,heavy,heavy,k6,Exp_A_09,83,POST,/api/heavy,heavy,0.01,15.94,61.89,38,23.8,15.94,3307.31,5820.96,5820.96,7.6,0,15915.67,200
dff180c9-1822-423f-b1fb-aee88380d887,2026-06-07T14:12:26.913Z,instance-1,A,burst,heavy,heavy,k6,Exp_A_09,20,POST,/api/heavy,heavy,0.01,15.94,61.89,39,23.8,15.94,3307.31,5820.96,5820.96,7.8,0,16362.73,200
2179e9c7-d2a6-467d-b077-dc5ff1590731,2026-06-07T14:12:26.913Z,instance-1,A,burst,heavy,heavy,k6,Exp_A_09,77,POST,/api/heavy,heavy,0.01,15.94,61.89,40,23.8,15.94,3307.31,5820.96,5820.96,8,0,16790.28,200
35d75d60-44fd-458e-b5f8-f9b08fdad0be,2026-06-07T14:12:26.914Z,instance-1,A,burst,heavy,heavy,k6,Exp_A_09,41,POST,/api/heavy,heavy,0.01,15.94,61.89,41,23.8,15.94,3307.31,5820.96,5820.96,8.2,0,17214.65,200
9032231c-95e9-4991-b77a-ba8123d6a819,2026-06-07T14:12:26.915Z,instance-1,A,burst,heavy,heavy,k6,Exp_A_09,35,POST,/api/heavy,heavy,0.01,15.94,61.89,42,23.8,15.94,3307.31,5820.96,5820.96,8.4,0,17641.47,200
98481d58-02a0-4d8e-b854-1fa38354dbad,2026-06-07T14:12:26.915Z,instance-1,A,burst,heavy,heavy,k6,Exp_A_09,100,POST,/api/heavy,heavy,0.01,15.94,61.89,43,23.8,15.94,3307.31,5820.96,5820.96,8.6,0,18090.41,200
c4b9923c-888d-46fd-be73-7aaa549580bb,2026-06-07T14:12:26.916Z,instance-1,A,burst,heavy,heavy,k6,Exp_A_09,76,POST,/api/heavy,heavy,0.01,15.94,61.89,44,23.8,15.94,3307.31,5820.96,5820.96,8.8,0,18526.33,200
bb2e0ca4-38d3-458a-ba3c-3c94753e8f0e,2026-06-07T14:12:26.917Z,instance-1,A,burst,heavy,heavy,k6,Exp_A_09,105,POST,/api/heavy,heavy,0.01,15.94,61.89,45,23.8,15.94,3307.31,5820.96,5820.96,9,0,18943.45,200
4b91fd3a-9ca2-4f03-9841-edb34663fcb7,2026-06-07T14:12:26.917Z,instance-1,A,burst,heavy,heavy,k6,Exp_A_09,107,POST,/api/heavy,heavy,0.01,15.94,61.89,46,23.8,15.94,3307.31,5820.96,5820.96,9.2,0,19349.54,200
cd025586-0bf7-41e6-87ed-bcd9797d1d68,2026-06-07T14:12:44.586Z,instance-2,A,burst,heavy,heavy,k6,Exp_A_09,370,POST,/api/heavy,heavy,0.01,65.6,62.28,1,2.32,106.95,515.19,856.08,856.08,1.2,0,451.25,200
f5fa5668-a73e-43fa-bb74-29bed3957766,2026-06-07T14:12:44.588Z,instance-2,A,burst,heavy,heavy,k6,Exp_A_09,20,POST,/api/heavy,heavy,0.01,65.6,62.28,2,2.32,106.95,515.19,856.08,856.08,1.4,0,883.26,200
26de0a03-bcca-419e-a06a-e6d547c8ad36,2026-06-07T14:12:44.590Z,instance-2,A,burst,heavy,heavy,k6,Exp_A_09,374,POST,/api/heavy,heavy,0.01,65.6,62.28,3,2.32,106.95,515.19,856.08,856.08,1.6,0,1298.67,200
678593f6-253b-409b-a439-b4bfce700180,2026-06-07T14:12:44.591Z,instance-2,A,burst,heavy,heavy,k6,Exp_A_09,377,POST,/api/heavy,heavy,0.01,65.6,62.28,4,2.32,106.95,515.19,856.08,856.08,1.8,0,1706.08,200
8fd9d9ce-16ec-4908-bf8a-586ede5f7933,2026-06-07T14:12:46.311Z,instance-2,A,burst,heavy,heavy,k6,Exp_A_09,357,POST,/api/heavy,heavy,0.01,65.6,62.28,1,2.32,106.95,768.36,1706.08,1706.08,2,0,419.72,200
9f97c24b-c2bf-48a1-9442-d566f6eef3ba,2026-06-07T14:12:46.313Z,instance-2,A,burst,heavy,heavy,k6,Exp_A_09,363,POST,/api/heavy,heavy,0.01,65.6,62.28,2,2.32,106.95,768.36,1706.08,1706.08,2.2,0,828.72,200
2f3251b4-bc5d-4396-8951-1eda069849b1,2026-06-07T14:12:46.315Z,instance-2,A,burst,heavy,heavy,k6,Exp_A_09,386,POST,/api/heavy,heavy,0.01,65.6,62.28,3,2.32,106.95,768.36,1706.08,1706.08,2.4,0,1238.66,200
d4a1334b-a1a2-48ed-9a7e-c279ead56e4c,2026-06-07T14:12:46.316Z,instance-2,A,burst,heavy,heavy,k6,Exp_A_09,403,POST,/api/heavy,heavy,0.01,65.6,62.28,4,2.32,106.95,768.36,1706.08,1706.08,2.6,0,1659.68,200
3114278b-ac04-46e3-b711-efc45d3c5ee7,2026-06-07T14:12:46.318Z,instance-2,A,burst,heavy,heavy,k6,Exp_A_09,388,POST,/api/heavy,heavy,0.01,65.6,62.28,5,2.32,106.95,768.36,1706.08,1706.08,2.8,0,2071.3,200
871f37f0-51d7-48e3-b046-eb8ac609ddc2,2026-06-07T14:12:46.319Z,instance-2,A,burst,heavy,heavy,k6,Exp_A_09,98,POST,/api/heavy,heavy,0.01,65.6,62.28,6,2.32,106.95,768.36,1706.08,1706.08,3,0,2494.7,200
011eef5a-6710-4b4e-afc8-b7c81ff2c1eb,2026-06-07T14:12:46.320Z,instance-2,A,burst,heavy,heavy,k6,Exp_A_09,103,POST,/api/heavy,heavy,0.01,65.6,62.28,7,2.32,106.95,768.36,1706.08,1706.08,3.2,0,2909.99,200
8510c217-83a1-4ac3-b7a1-6a8c66653da1,2026-06-07T14:12:46.174Z,instance-3,A,burst,heavy,heavy,k6,Exp_A_09,84,POST,/api/heavy,heavy,0.01,20.54,62.33,1,66.7,20.54,17029.63,19388.27,19388.27,0.2,0,446.62,200
29b6c586-e54f-4af5-a371-ab40c984f7fa,2026-06-07T14:12:46.174Z,instance-3,A,burst,heavy,heavy,k6,Exp_A_09,331,POST,/api/heavy,heavy,0.01,20.54,62.33,2,66.7,20.54,17029.63,19388.27,19388.27,0.4,0,853.01,200
648cb037-4045-4152-beaf-bb292d4b512a,2026-06-07T14:12:46.175Z,instance-3,A,burst,heavy,heavy,k6,Exp_A_09,82,POST,/api/heavy,heavy,0.01,20.54,62.33,3,66.7,20.54,17029.63,19388.27,19388.27,0.6,0,1257.65,200
475b3f29-9485-4bf5-baa6-92b1fb89e29e,2026-06-07T14:12:46.176Z,instance-3,A,burst,heavy,heavy,k6,Exp_A_09,342,POST,/api/heavy,heavy,0.01,20.54,62.33,4,66.7,20.54,17029.63,19388.27,19388.27,0.8,0,1674.79,200
14efa890-ac5f-408e-95f6-57aa3e3d1c3f,2026-06-07T14:12:46.177Z,instance-3,A,burst,heavy,heavy,k6,Exp_A_09,351,POST,/api/heavy,heavy,0.01,20.54,62.33,5,66.7,20.54,17029.63,19388.27,19388.27,1,0,2092.14,200
06b794e0-867b-4b4d-9df9-7bb8c6c593a4,2026-06-07T14:12:46.177Z,instance-3,A,burst,heavy,heavy,k6,Exp_A_09,354,POST,/api/heavy,heavy,0.01,20.54,62.33,6,66.7,20.54,17029.63,19388.27,19388.27,1.2,0,2518.33,200
2c9fe298-6306-4488-894d-a0e2f68254cf,2026-06-07T14:12:46.178Z,instance-3,A,burst,heavy,heavy,k6,Exp_A_09,361,POST,/api/heavy,heavy,0.01,20.54,62.33,7,66.7,20.54,17029.63,19388.27,19388.27,1.4,0,2932.38,200
6fef5410-eb1d-4f6a-8ece-5ad1e6f1a0f6,2026-06-07T14:12:46.178Z,instance-3,A,burst,heavy,heavy,k6,Exp_A_09,365,POST,/api/heavy,heavy,0.01,20.54,62.33,8,66.7,20.54,17029.63,19388.27,19388.27,1.6,0,3398.33,200
ed24195b-8745-4ee9-94ca-4b55f3a835d1,2026-06-07T14:12:46.179Z,instance-3,A,burst,heavy,heavy,k6,Exp_A_09,371,POST,/api/heavy,heavy,0.01,20.54,62.33,9,66.7,20.54,17029.63,19388.27,19388.27,1.8,0,3797.03,200
e2faf49f-9906-491c-a338-e96860b363ea,2026-06-07T14:12:46.179Z,instance-3,A,burst,heavy,heavy,k6,Exp_A_09,384,POST,/api/heavy,heavy,0.01,20.54,62.33,10,66.7,20.54,17029.63,19388.27,19388.27,2,0,4226.22,200
5d32c78f-75f2-4ccb-8f03-f1196f21409e,2026-06-07T14:12:46.180Z,instance-3,A,burst,heavy,heavy,k6,Exp_A_09,390,POST,/api/heavy,heavy,0.01,20.54,62.33,11,66.7,20.54,17029.63,19388.27,19388.27,2.2,0,4639.57,200
035b7070-c01b-4fa6-8176-78af793f5a97,2026-06-07T14:12:46.181Z,instance-3,A,burst,heavy,heavy,k6,Exp_A_09,397,POST,/api/heavy,heavy,0.01,20.54,62.33,12,66.7,20.54,17029.63,19388.27,19388.27,2.4,0,5068.58,200
576e37cc-e7c2-4fa8-8b50-0ae98584d391,2026-06-07T14:12:46.181Z,instance-3,A,burst,heavy,heavy,k6,Exp_A_09,402,POST,/api/heavy,heavy,0.01,20.54,62.33,13,66.7,20.54,17029.63,19388.27,19388.27,2.6,0,5475.52,200
6a56fa5f-6077-4b3d-a535-5aab6673c786,2026-06-07T14:12:46.182Z,instance-3,A,burst,heavy,heavy,k6,Exp_A_09,110,POST,/api/heavy,heavy,0.01,20.54,62.33,14,66.7,20.54,17029.63,19388.27,19388.27,2.8,0,5883.5,200
41665888-619b-47de-8875-fccd5960fa90,2026-06-07T14:12:46.183Z,instance-3,A,burst,heavy,heavy,k6,Exp_A_09,112,POST,/api/heavy,heavy,0.01,20.54,62.33,15,66.7,20.54,17029.63,19388.27,19388.27,3,0,6312.55,200
037b2a8d-ee04-4c99-8799-cccc2fc9ef45,2026-06-07T14:12:46.184Z,instance-3,A,burst,heavy,heavy,k6,Exp_A_09,113,POST,/api/heavy,heavy,0.01,20.54,62.33,16,66.7,20.54,17029.63,19388.27,19388.27,3.2,0,6728.41,200
73866490-37e9-4607-b724-f6d0fa6e617e,2026-06-07T14:12:46.185Z,instance-3,A,burst,heavy,heavy,k6,Exp_A_09,15,POST,/api/heavy,heavy,0.01,20.54,62.33,17,66.7,20.54,17029.63,19388.27,19388.27,3.4,0,7162.55,200
6b90b051-5eee-4646-a7ec-0a7068efe021,2026-06-07T14:12:46.185Z,instance-3,A,burst,heavy,heavy,k6,Exp_A_09,122,POST,/api/heavy,heavy,0.01,20.54,62.33,18,66.7,20.54,17029.63,19388.27,19388.27,3.6,0,7574.84,200
9d16f79f-d991-41f2-b632-de8fa3f4fe65,2026-06-07T14:12:46.186Z,instance-3,A,burst,heavy,heavy,k6,Exp_A_09,4,POST,/api/heavy,heavy,0.01,20.54,62.33,19,66.7,20.54,17029.63,19388.27,19388.27,3.8,0,8072.79,200
0e10277f-c539-49c4-a356-10c31c8ebefb,2026-06-07T14:12:46.186Z,instance-3,A,burst,heavy,heavy,k6,Exp_A_09,127,POST,/api/heavy,heavy,0.01,20.54,62.33,20,66.7,20.54,17029.63,19388.27,19388.27,4,0,8484.8,200
739feec4-bef6-45ac-9b4c-735c31e3db8c,2026-06-07T14:12:46.187Z,instance-3,A,burst,heavy,heavy,k6,Exp_A_09,129,POST,/api/heavy,heavy,0.01,20.54,62.33,21,66.7,20.54,17029.63,19388.27,19388.27,4.2,0,8906.63,200
19128feb-d381-4dad-bd5b-99f150857b30,2026-06-07T14:12:46.188Z,instance-3,A,burst,heavy,heavy,k6,Exp_A_09,131,POST,/api/heavy,heavy,0.01,20.54,62.33,22,66.7,20.54,17029.63,19388.27,19388.27,4.4,0,9351.7,200
fc419176-0a61-4d7c-88f7-50d5b470e295,2026-06-07T14:12:46.188Z,instance-3,A,burst,heavy,heavy,k6,Exp_A_09,137,POST,/api/heavy,heavy,0.01,20.54,62.33,23,66.7,20.54,17029.63,19388.27,19388.27,4.6,0,9766.94,200
60df54bf-dd41-4392-99b7-fa45ca3d7280,2026-06-07T14:12:46.191Z,instance-3,A,burst,heavy,heavy,k6,Exp_A_09,138,POST,/api/heavy,heavy,0.01,20.54,62.33,24,66.7,20.54,17029.63,19388.27,19388.27,4.8,0,10179.38,200
4b9bd694-8d5b-4dee-9d9a-5cdbdf702bd6,2026-06-07T14:12:46.193Z,instance-3,A,burst,heavy,heavy,k6,Exp_A_09,5,POST,/api/heavy,heavy,0.01,20.54,62.33,25,66.7,20.54,17029.63,19388.27,19388.27,5,0,10613.9,200
6126bbcf-b82e-45d3-8c29-466f1289717e,2026-06-07T14:12:46.194Z,instance-3,A,burst,heavy,heavy,k6,Exp_A_09,149,POST,/api/heavy,heavy,0.01,20.54,62.33,26,66.7,20.54,17029.63,19388.27,19388.27,5.2,0,11018.24,200
9857f3f1-1227-4a5d-833e-cd04b2fe5058,2026-06-07T14:12:46.195Z,instance-3,A,burst,heavy,heavy,k6,Exp_A_09,139,POST,/api/heavy,heavy,0.01,20.54,62.33,27,66.7,20.54,17029.63,19388.27,19388.27,5.4,0,11445.78,200
09c3967c-e333-445a-8ef4-1244c6825efb,2026-06-07T14:12:46.196Z,instance-3,A,burst,heavy,heavy,k6,Exp_A_09,140,POST,/api/heavy,heavy,0.01,20.54,62.33,28,66.7,20.54,17029.63,19388.27,19388.27,5.6,0,11858.89,200
7dc1be47-3ad2-4cb2-891f-cb860b06c15a,2026-06-07T14:12:46.197Z,instance-3,A,burst,heavy,heavy,k6,Exp_A_09,3,POST,/api/heavy,heavy,0.01,20.54,62.33,29,66.7,20.54,17029.63,19388.27,19388.27,5.8,0,12275.3,200
043db468-1e5b-4a81-aa24-a24ccf3ab94f,2026-06-07T14:12:46.197Z,instance-3,A,burst,heavy,heavy,k6,Exp_A_09,135,POST,/api/heavy,heavy,0.01,20.54,62.33,30,66.7,20.54,17029.63,19388.27,19388.27,6,0,12680.27,200
f21b2d49-b03a-4406-b671-0ea21fafa193,2026-06-07T14:12:46.198Z,instance-3,A,burst,heavy,heavy,k6,Exp_A_09,155,POST,/api/heavy,heavy,0.01,20.54,62.33,31,66.7,20.54,17029.63,19388.27,19388.27,6.2,0,13087.78,200
b77754ee-02d9-455b-b6a5-37accc236d82,2026-06-07T14:12:46.198Z,instance-3,A,burst,heavy,heavy,k6,Exp_A_09,152,POST,/api/heavy,heavy,0.01,20.54,62.33,32,66.7,20.54,17029.63,19388.27,19388.27,6.4,0,13506.55,200
c6ad92db-704a-4be2-a0c5-d046a469a39f,2026-06-07T14:12:46.199Z,instance-3,A,burst,heavy,heavy,k6,Exp_A_09,158,POST,/api/heavy,heavy,0.01,20.54,62.33,33,66.7,20.54,17029.63,19388.27,19388.27,6.6,0,13970.38,200
fc8bd2e8-e6c9-47c0-8b44-11c9c373d834,2026-06-07T14:12:46.199Z,instance-3,A,burst,heavy,heavy,k6,Exp_A_09,51,POST,/api/heavy,heavy,0.01,20.54,62.33,34,66.7,20.54,17029.63,19388.27,19388.27,6.8,0,14395.3,200
c804d5c7-9157-463f-9933-f08f0cd2d85c,2026-06-07T14:12:46.200Z,instance-3,A,burst,heavy,heavy,k6,Exp_A_09,162,POST,/api/heavy,heavy,0.01,20.54,62.33,35,66.7,20.54,17029.63,19388.27,19388.27,7,0,14814.94,200
fe6a0284-082b-45c8-a3fd-b0e4370fb176,2026-06-07T14:12:46.294Z,instance-1,A,burst,heavy,heavy,k6,Exp_A_09,325,POST,/api/heavy,heavy,0.01,20.31,61.97,1,65.8,20.31,16999.93,19349.54,19349.54,0.2,0,451.17,200
d3e9fa0f-1100-451d-a0ca-0158e21ab03a,2026-06-07T14:12:46.295Z,instance-1,A,burst,heavy,heavy,k6,Exp_A_09,324,POST,/api/heavy,heavy,0.01,20.31,61.97,2,65.8,20.31,16999.93,19349.54,19349.54,0.4,0,859.98,200
24f76ebd-d61f-4fb2-aea7-06267dc34392,2026-06-07T14:12:46.296Z,instance-1,A,burst,heavy,heavy,k6,Exp_A_09,335,POST,/api/heavy,heavy,0.01,20.31,61.97,3,65.8,20.31,16999.93,19349.54,19349.54,0.6,0,1268.2,200
08444d0c-7547-41e6-93cf-1fb1d8821eda,2026-06-07T14:12:46.297Z,instance-1,A,burst,heavy,heavy,k6,Exp_A_09,92,POST,/api/heavy,heavy,0.01,20.31,61.97,4,65.8,20.31,16999.93,19349.54,19349.54,0.8,0,1687.53,200
3be8e373-d229-4348-bc96-e6e91710ca1e,2026-06-07T14:12:46.301Z,instance-1,A,burst,heavy,heavy,k6,Exp_A_09,349,POST,/api/heavy,heavy,0.01,20.31,61.97,5,65.8,20.31,16999.93,19349.54,19349.54,1,0,2095.86,200
fe01ec29-61c6-4142-b351-22e53aa740ba,2026-06-07T14:12:46.302Z,instance-1,A,burst,heavy,heavy,k6,Exp_A_09,53,POST,/api/heavy,heavy,0.01,20.31,61.97,6,65.8,20.31,16999.93,19349.54,19349.54,1.2,0,2522.76,200
5b34d01f-827a-44ee-b5fc-c03af523fcc9,2026-06-07T14:12:46.302Z,instance-1,A,burst,heavy,heavy,k6,Exp_A_09,36,POST,/api/heavy,heavy,0.01,20.31,61.97,7,65.8,20.31,16999.93,19349.54,19349.54,1.4,0,2934.37,200
10642223-3c51-4654-baee-43cdeef834b8,2026-06-07T14:12:46.303Z,instance-1,A,burst,heavy,heavy,k6,Exp_A_09,375,POST,/api/heavy,heavy,0.01,20.31,61.97,8,65.8,20.31,16999.93,19349.54,19349.54,1.6,0,3388.95,200
f8348ff8-822f-4d02-b128-c724afb77a46,2026-06-07T14:12:46.303Z,instance-1,A,burst,heavy,heavy,k6,Exp_A_09,2,POST,/api/heavy,heavy,0.01,20.31,61.97,9,65.8,20.31,16999.93,19349.54,19349.54,1.8,0,3804.36,200
ca544d84-2142-4d9f-b1cf-3a7ddc713dce,2026-06-07T14:12:46.305Z,instance-1,A,burst,heavy,heavy,k6,Exp_A_09,383,POST,/api/heavy,heavy,0.01,20.31,61.97,10,65.8,20.31,16999.93,19349.54,19349.54,2,0,4221.23,200
a690cdd5-8614-466c-8dff-fece349c28fe,2026-06-07T14:12:46.306Z,instance-1,A,burst,heavy,heavy,k6,Exp_A_09,389,POST,/api/heavy,heavy,0.01,20.31,61.97,11,65.8,20.31,16999.93,19349.54,19349.54,2.2,0,4638.01,200
f634d23b-859d-487d-80a3-2ddc8a665265,2026-06-07T14:12:46.306Z,instance-1,A,burst,heavy,heavy,k6,Exp_A_09,35,POST,/api/heavy,heavy,0.01,20.31,61.97,12,65.8,20.31,16999.93,19349.54,19349.54,2.4,0,5063.29,200
bc15f11b-b270-4316-b57e-f7420dc7ad2f,2026-06-07T14:12:46.307Z,instance-1,A,burst,heavy,heavy,k6,Exp_A_09,399,POST,/api/heavy,heavy,0.01,20.31,61.97,13,65.8,20.31,16999.93,19349.54,19349.54,2.6,0,5475.6,200
7e8173df-93c1-4ce7-828c-8bc12dee599c,2026-06-07T14:12:46.307Z,instance-1,A,burst,heavy,heavy,k6,Exp_A_09,32,POST,/api/heavy,heavy,0.01,20.31,61.97,14,65.8,20.31,16999.93,19349.54,19349.54,2.8,0,5880.44,200
3d328636-47fc-4fea-9b9c-cf9f2538b1ff,2026-06-07T14:12:46.308Z,instance-1,A,burst,heavy,heavy,k6,Exp_A_09,86,POST,/api/heavy,heavy,0.01,20.31,61.97,15,65.8,20.31,16999.93,19349.54,19349.54,3,0,6308.16,200
bccb851f-2724-4e9b-a08d-af68f756dffa,2026-06-07T14:12:46.308Z,instance-1,A,burst,heavy,heavy,k6,Exp_A_09,114,POST,/api/heavy,heavy,0.01,20.31,61.97,16,65.8,20.31,16999.93,19349.54,19349.54,3.2,0,6740.49,200
acaf71ed-6214-4098-a55b-be182d219881,2026-06-07T14:12:46.309Z,instance-1,A,burst,heavy,heavy,k6,Exp_A_09,117,POST,/api/heavy,heavy,0.01,20.31,61.97,17,65.8,20.31,16999.93,19349.54,19349.54,3.4,0,7157.14,200
6572276f-52a5-4bf1-917b-c8bb65a73b51,2026-06-07T14:12:46.310Z,instance-1,A,burst,heavy,heavy,k6,Exp_A_09,91,POST,/api/heavy,heavy,0.01,20.31,61.97,18,65.8,20.31,16999.93,19349.54,19349.54,3.6,0,7569.81,200
c12d28bb-29f1-4b3c-a6f8-fe4200909e03,2026-06-07T14:12:46.312Z,instance-1,A,burst,heavy,heavy,k6,Exp_A_09,125,POST,/api/heavy,heavy,0.01,20.31,61.97,19,65.8,20.31,16999.93,19349.54,19349.54,3.8,0,8065.41,200
7bd206c1-0978-4487-816b-c853a4f8bca0,2026-06-07T14:12:46.313Z,instance-1,A,burst,heavy,heavy,k6,Exp_A_09,97,POST,/api/heavy,heavy,0.01,20.31,61.97,20,65.8,20.31,16999.93,19349.54,19349.54,4,0,8472.96,200
5a0c5e98-fe18-4617-9810-27c203aac02b,2026-06-07T14:12:46.314Z,instance-1,A,burst,heavy,heavy,k6,Exp_A_09,47,POST,/api/heavy,heavy,0.01,20.31,61.97,21,65.8,20.31,16999.93,19349.54,19349.54,4.2,0,8894.97,200
d6a51e64-d179-4747-8611-bc9b7c1aabd7,2026-06-07T14:12:46.315Z,instance-1,A,burst,heavy,heavy,k6,Exp_A_09,136,POST,/api/heavy,heavy,0.01,20.31,61.97,22,65.8,20.31,16999.93,19349.54,19349.54,4.4,0,9338.91,200
51085227-13c7-4869-b719-30fd6a900caf,2026-06-07T14:12:46.316Z,instance-1,A,burst,heavy,heavy,k6,Exp_A_09,95,POST,/api/heavy,heavy,0.01,20.31,61.97,23,65.8,20.31,16999.93,19349.54,19349.54,4.6,0,9751.51,200
154fa02f-af57-4335-aae3-ac6128848876,2026-06-07T14:12:46.317Z,instance-1,A,burst,heavy,heavy,k6,Exp_A_09,130,POST,/api/heavy,heavy,0.01,20.31,61.97,24,65.8,20.31,16999.93,19349.54,19349.54,4.8,0,10166.79,200
be9b1a50-e26f-41e3-a91f-279f646e9e3b,2026-06-07T14:12:46.318Z,instance-1,A,burst,heavy,heavy,k6,Exp_A_09,142,POST,/api/heavy,heavy,0.01,20.31,61.97,25,65.8,20.31,16999.93,19349.54,19349.54,5,0,10601.09,200
731b62ea-4cd9-4e0c-89b1-782d5d603e5a,2026-06-07T14:12:46.319Z,instance-1,A,burst,heavy,heavy,k6,Exp_A_09,99,POST,/api/heavy,heavy,0.01,20.31,61.97,26,65.8,20.31,16999.93,19349.54,19349.54,5.2,0,11001.99,200
8418824f-a0fa-4ad6-a0ff-ba738e4d7914,2026-06-07T14:12:46.320Z,instance-1,A,burst,heavy,heavy,k6,Exp_A_09,120,POST,/api/heavy,heavy,0.01,20.31,61.97,27,65.8,20.31,16999.93,19349.54,19349.54,5.4,0,11435.65,200
df912fb7-22c7-4aa8-9b04-c291563d5240,2026-06-07T14:12:46.322Z,instance-1,A,burst,heavy,heavy,k6,Exp_A_09,25,POST,/api/heavy,heavy,0.01,20.31,61.97,28,65.8,20.31,16999.93,19349.54,19349.54,5.6,0,11847.92,200
209fc9ea-6bec-42f5-9213-e9cf5a84c011,2026-06-07T14:12:46.323Z,instance-1,A,burst,heavy,heavy,k6,Exp_A_09,148,POST,/api/heavy,heavy,0.01,20.31,61.97,29,65.8,20.31,16999.93,19349.54,19349.54,5.8,0,12261.82,200
cd643145-4d87-49b4-af48-f649562c4071,2026-06-07T14:12:46.324Z,instance-1,A,burst,heavy,heavy,k6,Exp_A_09,146,POST,/api/heavy,heavy,0.01,20.31,61.97,30,65.8,20.31,16999.93,19349.54,19349.54,6,0,12665.12,200
479a6f2e-5180-4d2e-a02c-88ab349bc853,2026-06-07T14:12:46.325Z,instance-1,A,burst,heavy,heavy,k6,Exp_A_09,39,POST,/api/heavy,heavy,0.01,20.31,61.97,31,65.8,20.31,16999.93,19349.54,19349.54,6.2,0,13068.92,200
07bb1064-ce25-4f8e-aae9-eacc0f3091b1,2026-06-07T14:12:46.326Z,instance-1,A,burst,heavy,heavy,k6,Exp_A_09,156,POST,/api/heavy,heavy,0.01,20.31,61.97,32,65.8,20.31,16999.93,19349.54,19349.54,6.4,0,13493.95,200
8bac2993-a2d7-4b5f-b429-fa5a1637a977,2026-06-07T14:12:46.326Z,instance-1,A,burst,heavy,heavy,k6,Exp_A_09,157,POST,/api/heavy,heavy,0.01,20.31,61.97,33,65.8,20.31,16999.93,19349.54,19349.54,6.6,0,13957.9,200
6c2a0a5e-693d-4982-acf6-156c98abaff9,2026-06-07T14:12:46.327Z,instance-1,A,burst,heavy,heavy,k6,Exp_A_09,153,POST,/api/heavy,heavy,0.01,20.31,61.97,34,65.8,20.31,16999.93,19349.54,19349.54,6.8,0,14377.77,200
ce94f5b3-7a5e-4b99-9b34-587ca88620fa,2026-06-07T14:12:49.244Z,instance-2,A,burst,heavy,heavy,k6,Exp_A_09,417,POST,/api/heavy,heavy,0.01,28.63,62.28,1,2.32,28.63,1401.51,2909.99,2909.99,2.4,0,486.71,200
0f06ee17-11e3-487a-9169-eb9633281dc2,2026-06-07T14:12:49.247Z,instance-2,A,burst,heavy,heavy,k6,Exp_A_09,102,POST,/api/heavy,heavy,0.01,28.63,62.28,2,2.32,28.63,1401.51,2909.99,2909.99,2.6,0,904.35,200
d5e308f6-e91e-44b4-8837-f707ff1d4b67,2026-06-07T14:12:49.250Z,instance-2,A,burst,heavy,heavy,k6,Exp_A_09,49,POST,/api/heavy,heavy,0.01,28.63,62.28,3,2.32,28.63,1401.51,2909.99,2909.99,2.8,0,1319.2,200
2cf32aa4-613c-4bd5-93c5-06ee9b71fdc2,2026-06-07T14:12:49.255Z,instance-2,A,burst,heavy,heavy,k6,Exp_A_09,420,POST,/api/heavy,heavy,0.01,28.63,62.28,4,2.32,28.63,1401.51,2909.99,2909.99,3,0,1731.36,200
104879cd-21de-4f2d-a7a4-eb1f8f23b0b3,2026-06-07T14:12:49.256Z,instance-2,A,burst,heavy,heavy,k6,Exp_A_09,430,POST,/api/heavy,heavy,0.01,28.63,62.28,5,2.32,28.63,1401.51,2909.99,2909.99,3.2,0,2157.61,200
a7da775b-8960-4981-b2a7-a4a457d3912f,2026-06-07T14:12:49.258Z,instance-2,A,burst,heavy,heavy,k6,Exp_A_09,439,POST,/api/heavy,heavy,0.01,28.63,62.28,6,2.32,28.63,1401.51,2909.99,2909.99,3.4,0,2564.44,200
f9cacf06-6048-4e45-9f48-6f1ef9fccd63,2026-06-07T14:12:49.260Z,instance-2,A,burst,heavy,heavy,k6,Exp_A_09,342,POST,/api/heavy,heavy,0.01,28.63,62.28,7,2.32,28.63,1401.51,2909.99,2909.99,3.6,0,2976.37,200
6a3aab9a-878c-497d-85ed-837ca6d0ff1b,2026-06-07T14:12:49.261Z,instance-2,A,burst,heavy,heavy,k6,Exp_A_09,408,POST,/api/heavy,heavy,0.01,28.63,62.28,8,2.32,28.63,1401.51,2909.99,2909.99,3.8,0,3400.01,200
a1b96b01-0ddc-4992-a5c4-dc64b6c3d44e,2026-06-07T14:12:49.262Z,instance-2,A,burst,heavy,heavy,k6,Exp_A_09,76,POST,/api/heavy,heavy,0.01,28.63,62.28,9,2.32,28.63,1401.51,2909.99,2909.99,4,0,3831.44,200
aeda3ac4-0841-43fd-a91c-909a1a33585e,2026-06-07T14:12:49.263Z,instance-2,A,burst,heavy,heavy,k6,Exp_A_09,414,POST,/api/heavy,heavy,0.01,28.63,62.28,10,2.32,28.63,1401.51,2909.99,2909.99,4.2,0,4249.11,200
b8c2852e-2ef1-4fa0-b374-7c9474d1bb74,2026-06-07T14:12:49.264Z,instance-2,A,burst,heavy,heavy,k6,Exp_A_09,20,POST,/api/heavy,heavy,0.01,28.63,62.28,11,2.32,28.63,1401.51,2909.99,2909.99,4.4,0,4659.08,200
cf279d5a-29b4-41ce-846a-549ca985d7fd,2026-06-07T14:12:49.265Z,instance-2,A,burst,heavy,heavy,k6,Exp_A_09,410,POST,/api/heavy,heavy,0.01,28.63,62.28,12,2.32,28.63,1401.51,2909.99,2909.99,4.6,0,5154.55,200
3b215c51-e244-43de-b7a7-a73295f8957e,2026-06-07T14:12:49.266Z,instance-2,A,burst,heavy,heavy,k6,Exp_A_09,407,POST,/api/heavy,heavy,0.01,28.63,62.28,13,2.32,28.63,1401.51,2909.99,2909.99,4.8,0,5563.53,200
8d30caa3-4890-4461-967d-1a0ad182e996,2026-06-07T14:12:49.267Z,instance-2,A,burst,heavy,heavy,k6,Exp_A_09,413,POST,/api/heavy,heavy,0.01,28.63,62.28,14,2.32,28.63,1401.51,2909.99,2909.99,5,0,5988.22,200
c428da52-e8d4-40d6-9de1-8d4d07ed3008,2026-06-07T14:12:49.269Z,instance-2,A,burst,heavy,heavy,k6,Exp_A_09,412,POST,/api/heavy,heavy,0.01,28.63,62.28,15,2.32,28.63,1401.51,2909.99,2909.99,5.2,0,6431.58,200
79f93e91-1b32-457f-8396-4e7785b8c6b5,2026-06-07T14:12:49.270Z,instance-2,A,burst,heavy,heavy,k6,Exp_A_09,421,POST,/api/heavy,heavy,0.01,28.63,62.28,16,2.32,28.63,1401.51,2909.99,2909.99,5.4,0,6844.02,200
d8a28de2-4e41-4674-a442-a1272ceec903,2026-06-07T14:12:49.271Z,instance-2,A,burst,heavy,heavy,k6,Exp_A_09,424,POST,/api/heavy,heavy,0.01,28.63,62.28,17,2.32,28.63,1401.51,2909.99,2909.99,5.6,0,7257.77,200
2b6a4132-b65a-4952-a25f-5d3df4125ee3,2026-06-07T14:12:49.272Z,instance-2,A,burst,heavy,heavy,k6,Exp_A_09,105,POST,/api/heavy,heavy,0.01,28.63,62.28,18,2.32,28.63,1401.51,2909.99,2909.99,5.8,0,7695.18,200
25ac0bce-ab18-414b-a428-43a332b7a9a8,2026-06-07T14:12:49.273Z,instance-2,A,burst,heavy,heavy,k6,Exp_A_09,374,POST,/api/heavy,heavy,0.01,28.63,62.28,19,2.32,28.63,1401.51,2909.99,2909.99,6,0,8093.34,200
fdfc14de-ef09-4e3f-872c-bdbf9ea7ac70,2026-06-07T14:12:49.274Z,instance-2,A,burst,heavy,heavy,k6,Exp_A_09,423,POST,/api/heavy,heavy,0.01,28.63,62.28,20,2.32,28.63,1401.51,2909.99,2909.99,6.2,0,8527.82,200
1e94997c-e342-4e27-9caf-5daaaa79879a,2026-06-07T14:12:49.275Z,instance-2,A,burst,heavy,heavy,k6,Exp_A_09,415,POST,/api/heavy,heavy,0.01,28.63,62.28,21,2.32,28.63,1401.51,2909.99,2909.99,6.4,0,8946.95,200
4beb5969-d2fc-4739-81e6-16ed6a62283a,2026-06-07T14:12:49.276Z,instance-2,A,burst,heavy,heavy,k6,Exp_A_09,422,POST,/api/heavy,heavy,0.01,28.63,62.28,22,2.32,28.63,1401.51,2909.99,2909.99,6.6,0,9360.06,200
c0258658-987d-4670-99bc-fe883d98ac56,2026-06-07T14:12:49.277Z,instance-2,A,burst,heavy,heavy,k6,Exp_A_09,428,POST,/api/heavy,heavy,0.01,28.63,62.28,23,2.32,28.63,1401.51,2909.99,2909.99,6.8,0,9763.45,200
d33f1f7e-647c-49f8-afd1-404edf35dae9,2026-06-07T14:12:49.278Z,instance-2,A,burst,heavy,heavy,k6,Exp_A_09,144,POST,/api/heavy,heavy,0.01,28.63,62.28,24,2.32,28.63,1401.51,2909.99,2909.99,7,0,10172.49,200
f934809c-7dc6-4a34-9b98-82da70651f0e,2026-06-07T14:12:49.279Z,instance-2,A,burst,heavy,heavy,k6,Exp_A_09,18,POST,/api/heavy,heavy,0.01,28.63,62.28,25,2.32,28.63,1401.51,2909.99,2909.99,7.2,0,10598.46,200
ff2d2751-28d3-49c0-bb91-5917fbe7e668,2026-06-07T14:12:49.280Z,instance-2,A,burst,heavy,heavy,k6,Exp_A_09,118,POST,/api/heavy,heavy,0.01,28.63,62.28,26,2.32,28.63,1401.51,2909.99,2909.99,7.4,0,11052.14,200
81097880-909a-4334-a430-5f881a84b2fb,2026-06-07T14:12:49.281Z,instance-2,A,burst,heavy,heavy,k6,Exp_A_09,132,POST,/api/heavy,heavy,0.01,28.63,62.28,27,2.32,28.63,1401.51,2909.99,2909.99,7.6,0,11468.38,200
5c10fffc-161f-46c8-bb4e-532b4714dbbf,2026-06-07T14:12:49.284Z,instance-2,A,burst,heavy,heavy,k6,Exp_A_09,141,POST,/api/heavy,heavy,0.01,28.63,62.28,28,2.32,28.63,1401.51,2909.99,2909.99,7.8,0,11893.06,200
96185cb2-3f0e-4655-bca8-269af8850b6e,2026-06-07T14:12:49.285Z,instance-2,A,burst,heavy,heavy,k6,Exp_A_09,126,POST,/api/heavy,heavy,0.01,28.63,62.28,29,2.32,28.63,1401.51,2909.99,2909.99,8,0,12318.06,200
a08e6d31-5e81-494a-ac2f-82e9f54c3dc5,2026-06-07T14:12:49.286Z,instance-2,A,burst,heavy,heavy,k6,Exp_A_09,12,POST,/api/heavy,heavy,0.01,28.63,62.28,30,2.32,28.63,1401.51,2909.99,2909.99,8.2,0,12736.31,200
3ca9c5ef-893b-4e76-8511-6eb3522a9209,2026-06-07T14:12:49.287Z,instance-2,A,burst,heavy,heavy,k6,Exp_A_09,24,POST,/api/heavy,heavy,0.01,28.63,62.28,31,2.32,28.63,1401.51,2909.99,2909.99,8.4,0,13168.35,200
70ee36b1-d326-4bc2-8245-ccd0dfae8970,2026-06-07T14:12:49.288Z,instance-2,A,burst,heavy,heavy,k6,Exp_A_09,50,POST,/api/heavy,heavy,0.01,28.63,62.28,32,2.32,28.63,1401.51,2909.99,2909.99,8.6,0,13571.66,200
6fb9505e-2711-4d5a-b02c-33c4c1bc6c8c,2026-06-07T14:12:49.289Z,instance-2,A,burst,heavy,heavy,k6,Exp_A_09,111,POST,/api/heavy,heavy,0.01,28.63,62.28,33,2.32,28.63,1401.51,2909.99,2909.99,8.8,0,13990.91,200
94ab7ff7-e3e6-471a-9999-25de327cd276,2026-06-07T14:12:49.290Z,instance-2,A,burst,heavy,heavy,k6,Exp_A_09,175,POST,/api/heavy,heavy,0.01,28.63,62.28,34,2.32,28.63,1401.51,2909.99,2909.99,9,0,14407.88,200
2571a909-51ac-41ff-ae23-38c82550c142,2026-06-07T14:12:49.291Z,instance-2,A,burst,heavy,heavy,k6,Exp_A_09,176,POST,/api/heavy,heavy,0.01,28.63,62.28,35,2.32,28.63,1401.51,2909.99,2909.99,9.2,0,14817.06,200
19410d54-ba75-403c-8ba6-b05fb784987a,2026-06-07T14:12:49.292Z,instance-2,A,burst,heavy,heavy,k6,Exp_A_09,191,POST,/api/heavy,heavy,0.01,28.63,62.28,36,2.32,28.63,1401.51,2909.99,2909.99,9.4,0,15231.2,200
22066c03-5aea-4440-8332-a7df096a193b,2026-06-07T14:12:49.293Z,instance-2,A,burst,heavy,heavy,k6,Exp_A_09,192,POST,/api/heavy,heavy,0.01,28.63,62.28,37,2.32,28.63,1401.51,2909.99,2909.99,9.6,0,15647.79,200
17b45673-d00e-41f8-a01e-e98015cdd897,2026-06-07T14:12:49.293Z,instance-2,A,burst,heavy,heavy,k6,Exp_A_09,204,POST,/api/heavy,heavy,0.01,28.63,62.28,38,2.32,28.63,1401.51,2909.99,2909.99,9.8,0,16088.47,200
3ab070bf-1805-4b8a-bc6f-a32adf0bb765,2026-06-07T14:12:49.294Z,instance-2,A,burst,heavy,heavy,k6,Exp_A_09,199,POST,/api/heavy,heavy,0.01,28.63,62.28,39,2.32,28.63,1401.51,2909.99,2909.99,10,0,16506.94,200
24741f77-00c0-4424-990b-902c1de5d7db,2026-06-07T14:12:46.201Z,instance-3,A,burst,heavy,heavy,k6,Exp_A_09,154,POST,/api/heavy,heavy,0.01,20.54,62.33,36,66.7,20.54,17029.63,19388.27,19388.27,7.2,0,15239.96,200
894b2bd4-eb57-452b-9216-c49beb60f133,2026-06-07T14:12:46.329Z,instance-1,A,burst,heavy,heavy,k6,Exp_A_09,104,POST,/api/heavy,heavy,0.01,20.31,61.97,35,65.8,20.31,16999.93,19349.54,19349.54,7,0,14805.84,200
4dadd0f9-b083-41be-bb07-5425de67d41e,2026-06-07T14:13:05.826Z,instance-2,A,burst,heavy,heavy,k6,Exp_A_09,146,POST,/api/heavy,heavy,0.01,10.45,62.35,1,63.96,10.45,14198.14,16506.94,16506.94,0.2,0,468.4,200
04c9df0c-b8fb-45a9-bd22-584b834aed07,2026-06-07T14:13:05.827Z,instance-2,A,burst,heavy,heavy,k6,Exp_A_09,158,POST,/api/heavy,heavy,0.01,10.45,62.35,2,63.96,10.45,14198.14,16506.94,16506.94,0.4,0,838.55,200
8cd8f78b-310f-4200-b501-1ebba0044260,2026-06-07T14:13:05.827Z,instance-2,A,burst,heavy,heavy,k6,Exp_A_09,154,POST,/api/heavy,heavy,0.01,10.45,62.35,3,63.96,10.45,14198.14,16506.94,16506.94,0.6,0,1131.51,200
2aeefe08-2094-4b7a-a22a-0bb5b31c62b2,2026-06-07T14:13:05.828Z,instance-2,A,burst,heavy,heavy,k6,Exp_A_09,169,POST,/api/heavy,heavy,0.01,10.45,62.35,4,63.96,10.45,14198.14,16506.94,16506.94,0.8,0,1446.42,200
639c4be2-c9ef-46ef-9bb7-b82670714ad2,2026-06-07T14:13:05.829Z,instance-2,A,burst,heavy,heavy,k6,Exp_A_09,29,POST,/api/heavy,heavy,0.01,10.45,62.35,5,63.96,10.45,14198.14,16506.94,16506.94,1,0,2099.39,200
3daacb66-7fcc-4e48-92ab-146f5950b20a,2026-06-07T14:13:05.830Z,instance-2,A,burst,heavy,heavy,k6,Exp_A_09,182,POST,/api/heavy,heavy,0.01,10.45,62.35,6,63.96,10.45,14198.14,16506.94,16506.94,1.2,0,2607.37,200
8a5837f7-f77b-469e-9758-f2ed84be1914,2026-06-07T14:13:05.830Z,instance-2,A,burst,heavy,heavy,k6,Exp_A_09,124,POST,/api/heavy,heavy,0.01,10.45,62.35,7,63.96,10.45,14198.14,16506.94,16506.94,1.4,0,2902.43,200
49363ceb-932a-4e01-8508-ca0878cc56d8,2026-06-07T14:13:05.831Z,instance-2,A,burst,heavy,heavy,k6,Exp_A_09,193,POST,/api/heavy,heavy,0.01,10.45,62.35,8,63.96,10.45,14198.14,16506.94,16506.94,1.6,0,3191.7,200
0d5bd4a2-bf9c-4b35-84e3-e6e7a2fe2e13,2026-06-07T14:13:05.832Z,instance-2,A,burst,heavy,heavy,k6,Exp_A_09,167,POST,/api/heavy,heavy,0.01,10.45,62.35,9,63.96,10.45,14198.14,16506.94,16506.94,1.8,0,3505.26,200
9f4d8638-2c66-4adf-938e-aacae166eafd,2026-06-07T14:13:05.832Z,instance-2,A,burst,heavy,heavy,k6,Exp_A_09,212,POST,/api/heavy,heavy,0.01,10.45,62.35,10,63.96,10.45,14198.14,16506.94,16506.94,2,0,3821.7,200
1ebd921f-60b1-49a9-aa58-f6c44c5f3ad3,2026-06-07T14:13:05.833Z,instance-2,A,burst,heavy,heavy,k6,Exp_A_09,211,POST,/api/heavy,heavy,0.01,10.45,62.35,11,63.96,10.45,14198.14,16506.94,16506.94,2.2,0,4149.16,200
2f58880c-aaca-4d3a-ba61-8c9f535a38c8,2026-06-07T14:13:05.834Z,instance-2,A,burst,heavy,heavy,k6,Exp_A_09,219,POST,/api/heavy,heavy,0.01,10.45,62.35,12,63.96,10.45,14198.14,16506.94,16506.94,2.4,0,4471.4,200
905ea91d-403e-440d-86f9-dad3c66dbff1,2026-06-07T14:13:05.835Z,instance-2,A,burst,heavy,heavy,k6,Exp_A_09,226,POST,/api/heavy,heavy,0.01,10.45,62.35,13,63.96,10.45,14198.14,16506.94,16506.94,2.6,0,4811.44,200
ea60127b-a91c-4ef1-8af6-db38bab6e5dc,2026-06-07T14:13:05.835Z,instance-2,A,burst,heavy,heavy,k6,Exp_A_09,232,POST,/api/heavy,heavy,0.01,10.45,62.35,14,63.96,10.45,14198.14,16506.94,16506.94,2.8,0,5118,200
fd6421f9-f1bc-4a73-ab9b-9229d05afa47,2026-06-07T14:13:05.836Z,instance-2,A,burst,heavy,heavy,k6,Exp_A_09,221,POST,/api/heavy,heavy,0.01,10.45,62.35,15,63.96,10.45,14198.14,16506.94,16506.94,3,0,5288.04,200
811ff162-a599-4bea-8c07-8c305b8c5b74,2026-06-07T14:13:05.837Z,instance-2,A,burst,heavy,heavy,k6,Exp_A_09,264,POST,/api/heavy,heavy,0.01,10.45,62.35,16,63.96,10.45,14198.14,16506.94,16506.94,3.2,0,5474.6,200
52e4f8ab-3e9b-4f94-8027-8fadfe0dd564,2026-06-07T14:13:05.838Z,instance-2,A,burst,heavy,heavy,k6,Exp_A_09,1,POST,/api/heavy,heavy,0.01,10.45,62.35,17,63.96,10.45,14198.14,16506.94,16506.94,3.4,0,5733.73,200
7848a5d3-dff2-4e0b-a3ea-860dc7635e88,2026-06-07T14:13:05.839Z,instance-2,A,burst,heavy,heavy,k6,Exp_A_09,43,POST,/api/heavy,heavy,0.01,10.45,62.35,18,63.96,10.45,14198.14,16506.94,16506.94,3.6,0,5980.25,200
6cc64206-0ed5-4fe2-bc35-7d1f585b9fea,2026-06-07T14:13:05.840Z,instance-2,A,burst,heavy,heavy,k6,Exp_A_09,48,POST,/api/heavy,heavy,0.01,10.45,62.35,19,63.96,10.45,14198.14,16506.94,16506.94,3.8,0,6256.57,200
c068d60c-c4f6-41d4-b393-f89f64d2fc82,2026-06-07T14:13:05.840Z,instance-2,A,burst,heavy,heavy,k6,Exp_A_09,150,POST,/api/heavy,heavy,0.01,10.45,62.35,20,63.96,10.45,14198.14,16506.94,16506.94,4,0,6436.75,200
458a9bba-489d-43cf-970c-d8a1108e4f90,2026-06-07T14:13:05.841Z,instance-2,A,burst,heavy,heavy,k6,Exp_A_09,227,POST,/api/heavy,heavy,0.01,10.45,62.35,21,63.96,10.45,14198.14,16506.94,16506.94,4.2,0,6702.24,200
a128dde4-3e71-46aa-98e5-f53952c44805,2026-06-07T14:13:05.842Z,instance-2,A,burst,heavy,heavy,k6,Exp_A_09,288,POST,/api/heavy,heavy,0.01,10.45,62.35,22,63.96,10.45,14198.14,16506.94,16506.94,4.4,0,6966.65,200
5066f6a0-82c1-40fc-aaeb-afe1823d6b5d,2026-06-07T14:13:05.845Z,instance-2,A,burst,heavy,heavy,k6,Exp_A_09,233,POST,/api/heavy,heavy,0.01,10.45,62.35,23,63.96,10.45,14198.14,16506.94,16506.94,4.6,0,7238.3,200
ed649fd1-f114-4320-83b2-10e1d9765aee,2026-06-07T14:13:05.846Z,instance-2,A,burst,heavy,heavy,k6,Exp_A_09,236,POST,/api/heavy,heavy,0.01,10.45,62.35,24,63.96,10.45,14198.14,16506.94,16506.94,4.8,0,7446.43,200
a5295a56-76b0-44f8-859b-ac62ec344e27,2026-06-07T14:13:05.846Z,instance-2,A,burst,heavy,heavy,k6,Exp_A_09,249,POST,/api/heavy,heavy,0.01,10.45,62.35,25,63.96,10.45,14198.14,16506.94,16506.94,5,0,7709.37,200
db281ada-f25e-4eb1-b061-452fdf94ca39,2026-06-07T14:13:05.847Z,instance-2,A,burst,heavy,heavy,k6,Exp_A_09,255,POST,/api/heavy,heavy,0.01,10.45,62.35,26,63.96,10.45,14198.14,16506.94,16506.94,5.2,0,7973.19,200
0314858b-98f5-4cb0-820b-01b40ed37170,2026-06-07T14:13:05.848Z,instance-2,A,burst,heavy,heavy,k6,Exp_A_09,261,POST,/api/heavy,heavy,0.01,10.45,62.35,27,63.96,10.45,14198.14,16506.94,16506.94,5.4,0,8260.09,200
c5d20d12-fb5b-4bcc-b8ca-edfff2f4f278,2026-06-07T14:13:05.849Z,instance-2,A,burst,heavy,heavy,k6,Exp_A_09,298,POST,/api/heavy,heavy,0.01,10.45,62.35,28,63.96,10.45,14198.14,16506.94,16506.94,5.6,0,8447.86,200
20d22f93-8791-43bc-b233-f3ab96391ccd,2026-06-07T14:13:05.850Z,instance-2,A,burst,heavy,heavy,k6,Exp_A_09,306,POST,/api/heavy,heavy,0.01,10.45,62.35,29,63.96,10.45,14198.14,16506.94,16506.94,5.8,0,8769.94,200
9fdb4405-a504-4e83-ba88-27951682b723,2026-06-07T14:13:05.851Z,instance-2,A,burst,heavy,heavy,k6,Exp_A_09,317,POST,/api/heavy,heavy,0.01,10.45,62.35,30,63.96,10.45,14198.14,16506.94,16506.94,6,0,9089.74,200
256b0ce9-3eab-4212-a837-dafcb9f7d6a1,2026-06-07T14:13:05.852Z,instance-2,A,burst,heavy,heavy,k6,Exp_A_09,427,POST,/api/heavy,heavy,0.01,10.45,62.35,31,63.96,10.45,14198.14,16506.94,16506.94,6.2,0,9367.07,200
7ba13139-3382-4f85-8caf-07030cbdd2f5,2026-06-07T14:13:05.853Z,instance-2,A,burst,heavy,heavy,k6,Exp_A_09,411,POST,/api/heavy,heavy,0.01,10.45,62.35,32,63.96,10.45,14198.14,16506.94,16506.94,6.4,0,9661.49,200
af2e0a39-c6c9-47c6-8b2f-3a4e820b8176,2026-06-07T14:13:05.854Z,instance-2,A,burst,heavy,heavy,k6,Exp_A_09,107,POST,/api/heavy,heavy,0.01,10.45,62.35,33,63.96,10.45,14198.14,16506.94,16506.94,6.6,0,10004.92,200
63015f93-c87d-4596-9b56-2d0faa985af3,2026-06-07T14:13:05.855Z,instance-2,A,burst,heavy,heavy,k6,Exp_A_09,119,POST,/api/heavy,heavy,0.01,10.45,62.35,34,63.96,10.45,14198.14,16506.94,16506.94,6.8,0,10321.22,200
000e6330-49f5-46c9-808c-ab4416033a30,2026-06-07T14:13:05.855Z,instance-2,A,burst,heavy,heavy,k6,Exp_A_09,30,POST,/api/heavy,heavy,0.01,10.45,62.35,35,63.96,10.45,14198.14,16506.94,16506.94,7,0,10675.53,200
f1614be3-3e0f-41de-a88b-3dda2e32fbac,2026-06-07T14:13:05.856Z,instance-2,A,burst,heavy,heavy,k6,Exp_A_09,11,POST,/api/heavy,heavy,0.01,10.45,62.35,36,63.96,10.45,14198.14,16506.94,16506.94,7.2,0,11059.55,200
ca5e4015-9414-46e7-a41b-b00db9822a53,2026-06-07T14:13:05.857Z,instance-2,A,burst,heavy,heavy,k6,Exp_A_09,147,POST,/api/heavy,heavy,0.01,10.45,62.35,37,63.96,10.45,14198.14,16506.94,16506.94,7.4,0,11383.42,200
842a2313-9fcf-4211-8653-e4dfced7b6bd,2026-06-07T14:13:05.858Z,instance-2,A,burst,heavy,heavy,k6,Exp_A_09,151,POST,/api/heavy,heavy,0.01,10.45,62.35,38,63.96,10.45,14198.14,16506.94,16506.94,7.6,0,11688.07,200
ae51ed82-e675-4c29-a7db-d74a6af5d440,2026-06-07T14:13:05.859Z,instance-2,A,burst,heavy,heavy,k6,Exp_A_09,160,POST,/api/heavy,heavy,0.01,10.45,62.35,39,63.96,10.45,14198.14,16506.94,16506.94,7.8,0,12010.26,200
1c402ba7-ca28-4ca6-85b6-e3b41b599623,2026-06-07T14:13:05.859Z,instance-2,A,burst,heavy,heavy,k6,Exp_A_09,19,POST,/api/heavy,heavy,0.01,10.45,62.35,40,63.96,10.45,14198.14,16506.94,16506.94,8,0,12311,200
e68fce57-5212-41b1-85a0-b189c8b4e87f,2026-06-07T14:13:05.860Z,instance-2,A,burst,heavy,heavy,k6,Exp_A_09,23,POST,/api/heavy,heavy,0.01,10.45,62.35,41,63.96,10.45,14198.14,16506.94,16506.94,8.2,0,12608.23,200
0c841058-5320-44db-9b8a-7932a54d7a74,2026-06-07T14:12:46.201Z,instance-3,A,burst,heavy,heavy,k6,Exp_A_09,159,POST,/api/heavy,heavy,0.01,20.54,62.33,37,66.7,20.54,17029.63,19388.27,19388.27,7.4,0,15660.21,200
66c1a168-3ad1-416d-b6ec-46c36888c0ee,2026-06-07T14:12:46.202Z,instance-3,A,burst,heavy,heavy,k6,Exp_A_09,166,POST,/api/heavy,heavy,0.01,20.54,62.33,38,66.7,20.54,17029.63,19388.27,19388.27,7.6,0,16092.76,200
06646a3b-eace-4b88-a020-ab22cedac8bd,2026-06-07T14:12:46.203Z,instance-3,A,burst,heavy,heavy,k6,Exp_A_09,169,POST,/api/heavy,heavy,0.01,20.54,62.33,39,66.7,20.54,17029.63,19388.27,19388.27,7.8,0,16500.17,200
37905daa-4d5a-4c4e-a67f-644a2ce128ff,2026-06-07T14:12:46.204Z,instance-3,A,burst,heavy,heavy,k6,Exp_A_09,172,POST,/api/heavy,heavy,0.01,20.54,62.33,40,66.7,20.54,17029.63,19388.27,19388.27,8,0,16916.26,200
3e971874-10a0-4ee4-987b-bf1619032f60,2026-06-07T14:12:46.206Z,instance-3,A,burst,heavy,heavy,k6,Exp_A_09,29,POST,/api/heavy,heavy,0.01,20.54,62.33,41,66.7,20.54,17029.63,19388.27,19388.27,8.2,0,17334.29,200
3a9d758c-8f26-4fbf-9801-265af8e65687,2026-06-07T14:12:46.207Z,instance-3,A,burst,heavy,heavy,k6,Exp_A_09,179,POST,/api/heavy,heavy,0.01,20.54,62.33,42,66.7,20.54,17029.63,19388.27,19388.27,8.4,0,17744.06,200
a170eeba-0c2a-4822-9082-c1d62c9a4012,2026-06-07T14:12:46.208Z,instance-3,A,burst,heavy,heavy,k6,Exp_A_09,180,POST,/api/heavy,heavy,0.01,20.54,62.33,43,66.7,20.54,17029.63,19388.27,19388.27,8.6,0,18140.73,200
aaaa0311-6ae3-4740-962e-c681322b7139,2026-06-07T14:12:46.209Z,instance-3,A,burst,heavy,heavy,k6,Exp_A_09,7,POST,/api/heavy,heavy,0.01,20.54,62.33,44,66.7,20.54,17029.63,19388.27,19388.27,8.8,0,18562.92,200
407e759e-2133-407d-a9cf-4b77eb63bc61,2026-06-07T14:12:46.209Z,instance-3,A,burst,heavy,heavy,k6,Exp_A_09,187,POST,/api/heavy,heavy,0.01,20.54,62.33,45,66.7,20.54,17029.63,19388.27,19388.27,9,0,18994.63,200
e98f83eb-2995-4adc-923e-da955397edcb,2026-06-07T14:12:46.330Z,instance-1,A,burst,heavy,heavy,k6,Exp_A_09,163,POST,/api/heavy,heavy,0.01,20.31,61.97,36,65.8,20.31,16999.93,19349.54,19349.54,7.2,0,15229.84,200
47828c2a-2fdb-4997-88d1-ce143bc1eb63,2026-06-07T14:12:46.330Z,instance-1,A,burst,heavy,heavy,k6,Exp_A_09,168,POST,/api/heavy,heavy,0.01,20.31,61.97,37,65.8,20.31,16999.93,19349.54,19349.54,7.4,0,15648.26,200
d4739555-18d9-4412-8c28-167ec4fa224a,2026-06-07T14:12:46.331Z,instance-1,A,burst,heavy,heavy,k6,Exp_A_09,167,POST,/api/heavy,heavy,0.01,20.31,61.97,38,65.8,20.31,16999.93,19349.54,19349.54,7.6,0,16087.61,200
fc9c482d-8e06-4eed-ade9-dd95c664194d,2026-06-07T14:12:46.332Z,instance-1,A,burst,heavy,heavy,k6,Exp_A_09,38,POST,/api/heavy,heavy,0.01,20.31,61.97,39,65.8,20.31,16999.93,19349.54,19349.54,7.8,0,16491.42,200
e6ee12ee-e40a-4cb7-a27a-c2c8c3433030,2026-06-07T14:12:46.332Z,instance-1,A,burst,heavy,heavy,k6,Exp_A_09,174,POST,/api/heavy,heavy,0.01,20.31,61.97,40,65.8,20.31,16999.93,19349.54,19349.54,8,0,16908.69,200
0a9ad07b-a3d2-4f05-ae22-c6bf3558fe3a,2026-06-07T14:12:46.333Z,instance-1,A,burst,heavy,heavy,k6,Exp_A_09,178,POST,/api/heavy,heavy,0.01,20.31,61.97,41,65.8,20.31,16999.93,19349.54,19349.54,8.2,0,17326.55,200
a5436b12-96e1-4096-a28b-22c9f30dc940,2026-06-07T14:12:46.333Z,instance-1,A,burst,heavy,heavy,k6,Exp_A_09,68,POST,/api/heavy,heavy,0.01,20.31,61.97,42,65.8,20.31,16999.93,19349.54,19349.54,8.4,0,17725.48,200
f502032d-61cd-4e39-ad40-013c2629ec4b,2026-06-07T14:12:46.334Z,instance-1,A,burst,heavy,heavy,k6,Exp_A_09,182,POST,/api/heavy,heavy,0.01,20.31,61.97,43,65.8,20.31,16999.93,19349.54,19349.54,8.6,0,18143.7,200
24481f7f-69ec-434c-90af-2fbc648202c6,2026-06-07T14:12:46.335Z,instance-1,A,burst,heavy,heavy,k6,Exp_A_09,184,POST,/api/heavy,heavy,0.01,20.31,61.97,44,65.8,20.31,16999.93,19349.54,19349.54,8.8,0,18563.94,200
d70ddd94-cfdf-4f6b-8e51-e19d42615bc5,2026-06-07T14:12:46.336Z,instance-1,A,burst,heavy,heavy,k6,Exp_A_09,189,POST,/api/heavy,heavy,0.01,20.31,61.97,45,65.8,20.31,16999.93,19349.54,19349.54,9,0,18995.31,200
e87616b3-52d3-48af-9d36-a8e4ca72908c,2026-06-07T14:13:05.862Z,instance-2,A,burst,heavy,heavy,k6,Exp_A_09,22,POST,/api/heavy,heavy,0.01,10.45,62.35,42,63.96,10.45,14198.14,16506.94,16506.94,8.4,0,12910.14,200
7cb2912a-38e3-435b-b7a7-f5d4dba40ddf,2026-06-07T14:13:05.863Z,instance-2,A,burst,heavy,heavy,k6,Exp_A_09,194,POST,/api/heavy,heavy,0.01,10.45,62.35,43,63.96,10.45,14198.14,16506.94,16506.94,8.6,0,13144.37,200
498f46e7-8e05-415b-a1fe-aa0296a23b15,2026-06-07T14:13:05.864Z,instance-2,A,burst,heavy,heavy,k6,Exp_A_09,292,POST,/api/heavy,heavy,0.01,10.45,62.35,44,63.96,10.45,14198.14,16506.94,16506.94,8.8,0,13359.95,200
99517f45-4197-4cc5-bfb8-ef4763b88633,2026-06-07T14:13:05.866Z,instance-2,A,burst,heavy,heavy,k6,Exp_A_09,40,POST,/api/heavy,heavy,0.01,10.45,62.35,45,63.96,10.45,14198.14,16506.94,16506.94,9,0,13640.72,200
3f2e37d3-7a27-4626-a372-be81c945641e,2026-06-07T14:13:05.866Z,instance-2,A,burst,heavy,heavy,k6,Exp_A_09,60,POST,/api/heavy,heavy,0.01,10.45,62.35,46,63.96,10.45,14198.14,16506.94,16506.94,9.2,0,13909.03,200
8c9706bb-a9ea-4cef-9046-7b6fb18782cf,2026-06-07T14:13:29.305Z,instance-3,A,burst,heavy,heavy,k6,Exp_A_09,115,POST,/api/heavy,heavy,0.01,123.2,63.4,119,33.67,123.2,16699.69,18994.63,18994.63,4.6,0,4962.31,200
8b06cc0f-0691-47b5-9958-827a2a4bd4dc,2026-06-07T14:13:29.306Z,instance-3,A,burst,heavy,heavy,k6,Exp_A_09,211,POST,/api/heavy,heavy,0.01,123.2,63.4,120,33.67,123.2,16699.69,18994.63,18994.63,4.8,0,5147.78,200
3243ba07-2bf3-458f-b507-60a958404207,2026-06-07T14:13:30.186Z,instance-1,A,burst,heavy,heavy,k6,Exp_A_09,154,POST,/api/heavy,heavy,0.01,132.37,63.11,118,28.25,132.37,16692.03,18995.31,18995.31,4.4,0,4598.6,200
905d5d1c-5445-4d63-929f-ee009dba343e,2026-06-07T14:13:30.187Z,instance-1,A,burst,heavy,heavy,k6,Exp_A_09,372,POST,/api/heavy,heavy,0.01,132.37,63.11,119,28.25,132.37,16692.03,18995.31,18995.31,4.6,0,4785.98,200
6df6df1d-beb0-41fe-b7e9-a5f89705d404,2026-06-07T14:13:34.984Z,instance-1,A,burst,heavy,heavy,k6,Exp_A_09,46,POST,/api/heavy,heavy,0.01,154.38,63.07,118,27.61,143.38,4692.29,4785.98,4785.98,4.8,0,205.56,200
0089529b-5022-42a1-b256-8390a3184548,2026-06-07T14:13:34.986Z,instance-1,A,burst,heavy,heavy,k6,Exp_A_09,235,POST,/api/heavy,heavy,0.01,154.38,63.07,119,27.61,143.38,4692.29,4785.98,4785.98,5,0,378.6,200
0ea9c994-0a5e-4d7c-a969-4fa1a41c2b67,2026-06-07T14:13:34.986Z,instance-1,A,burst,heavy,heavy,k6,Exp_A_09,177,POST,/api/heavy,heavy,0.01,154.38,63.07,120,27.61,143.38,4692.29,4785.98,4785.98,5.2,0,563.43,200
211cd960-6280-4af4-930a-1d6bc89f3c00,2026-06-07T14:13:34.986Z,instance-1,A,burst,heavy,heavy,k6,Exp_A_09,61,POST,/api/heavy,heavy,0.01,154.38,63.07,121,27.61,143.38,4692.29,4785.98,4785.98,5.4,0,757.88,200
c9353eaf-bb79-4deb-b25a-9b2335fe98fd,2026-06-07T14:13:34.986Z,instance-1,A,burst,heavy,heavy,k6,Exp_A_09,186,POST,/api/heavy,heavy,0.01,154.38,63.07,122,27.61,143.38,4692.29,4785.98,4785.98,5.6,0,938.24,200
5f97b109-ecc8-4e9e-bd8b-a1341bd1f52a,2026-06-07T14:13:34.986Z,instance-1,A,burst,heavy,heavy,k6,Exp_A_09,98,POST,/api/heavy,heavy,0.01,154.38,63.07,123,27.61,143.38,4692.29,4785.98,4785.98,5.8,0,1091.24,200
a51479bf-c16b-4946-9321-4a442391b205,2026-06-07T14:13:34.987Z,instance-1,A,burst,heavy,heavy,k6,Exp_A_09,6,POST,/api/heavy,heavy,0.01,154.38,63.07,124,27.61,143.38,4692.29,4785.98,4785.98,6,0,1268.01,200
0b8643e5-878a-4d61-9866-2e42e3fc2dcd,2026-06-07T14:13:34.987Z,instance-1,A,burst,heavy,heavy,k6,Exp_A_09,91,POST,/api/heavy,heavy,0.01,154.38,63.07,125,27.61,143.38,4692.29,4785.98,4785.98,6.2,0,1466.92,200
dd190c1c-b5b5-4c24-a860-532c40cb8f76,2026-06-07T14:13:34.987Z,instance-1,A,burst,heavy,heavy,k6,Exp_A_09,104,POST,/api/heavy,heavy,0.01,154.38,63.07,126,27.61,143.38,4692.29,4785.98,4785.98,6.4,0,1677,200
8575f13e-14ae-452f-b87a-d50be032252f,2026-06-07T14:13:34.987Z,instance-1,A,burst,heavy,heavy,k6,Exp_A_09,255,POST,/api/heavy,heavy,0.01,154.38,63.07,127,27.61,143.38,4692.29,4785.98,4785.98,6.6,0,1866.51,200
b5eff031-e67d-4af1-b226-1ec3a35a041b,2026-06-07T14:13:34.987Z,instance-1,A,burst,heavy,heavy,k6,Exp_A_09,43,POST,/api/heavy,heavy,0.01,154.38,63.07,128,27.61,143.38,4692.29,4785.98,4785.98,6.8,0,2068.14,200
f04caaec-eb93-4ca5-a349-da851120eeec,2026-06-07T14:13:34.987Z,instance-1,A,burst,heavy,heavy,k6,Exp_A_09,83,POST,/api/heavy,heavy,0.01,154.38,63.07,129,27.61,143.38,4692.29,4785.98,4785.98,7,0,2269.82,200
0f70a22d-dcd7-400d-a1c3-27305bd86850,2026-06-07T14:13:34.987Z,instance-1,A,burst,heavy,heavy,k6,Exp_A_09,3,POST,/api/heavy,heavy,0.01,154.38,63.07,130,27.61,143.38,4692.29,4785.98,4785.98,7.2,0,2461.7,200
d99520b1-7bdf-4885-8714-5ff2af066eee,2026-06-07T14:13:34.987Z,instance-1,A,burst,heavy,heavy,k6,Exp_A_09,207,POST,/api/heavy,heavy,0.01,154.38,63.07,131,27.61,143.38,4692.29,4785.98,4785.98,7.4,0,2635.54,200
12c178fb-628c-459b-a58d-0fe3b5f5c873,2026-06-07T14:13:34.988Z,instance-1,A,burst,heavy,heavy,k6,Exp_A_09,107,POST,/api/heavy,heavy,0.01,154.38,63.07,132,27.61,143.38,4692.29,4785.98,4785.98,7.6,0,2840.1,200
702c2d03-8918-421a-96f6-e4b317539b42,2026-06-07T14:13:34.988Z,instance-1,A,burst,heavy,heavy,k6,Exp_A_09,308,POST,/api/heavy,heavy,0.01,154.38,63.07,133,27.61,143.38,4692.29,4785.98,4785.98,7.8,0,3017.73,200
b78de2f7-b83d-4fc0-8bed-acc300c4a91f,2026-06-07T14:13:34.988Z,instance-1,A,burst,heavy,heavy,k6,Exp_A_09,294,POST,/api/heavy,heavy,0.01,154.38,63.07,134,27.61,143.38,4692.29,4785.98,4785.98,8,0,3178.61,200
2d8c23ab-fa2e-4d0d-a243-bc0453950965,2026-06-07T14:13:34.988Z,instance-1,A,burst,heavy,heavy,k6,Exp_A_09,328,POST,/api/heavy,heavy,0.01,154.38,63.07,135,27.61,143.38,4692.29,4785.98,4785.98,8.2,0,3340.14,200
58fe8a2c-1657-482a-9394-fff77b39fc39,2026-06-07T14:13:34.988Z,instance-1,A,burst,heavy,heavy,k6,Exp_A_09,284,POST,/api/heavy,heavy,0.01,154.38,63.07,136,27.61,143.38,4692.29,4785.98,4785.98,8.4,0,3533.65,200
6907c2fa-f90c-4350-9602-739d351cb901,2026-06-07T14:13:34.988Z,instance-1,A,burst,heavy,heavy,k6,Exp_A_09,222,POST,/api/heavy,heavy,0.01,154.38,63.07,137,27.61,143.38,4692.29,4785.98,4785.98,8.6,0,3720.46,200
9e993521-7c88-4c82-b863-665c6022e2f8,2026-06-07T14:13:34.988Z,instance-1,A,burst,heavy,heavy,k6,Exp_A_09,209,POST,/api/heavy,heavy,0.01,154.38,63.07,138,27.61,143.38,4692.29,4785.98,4785.98,8.8,0,3881.38,200
f8fbdb6e-fb44-4cca-8e79-71566123d355,2026-06-07T14:13:34.988Z,instance-1,A,burst,heavy,heavy,k6,Exp_A_09,68,POST,/api/heavy,heavy,0.01,154.38,63.07,139,27.61,143.38,4692.29,4785.98,4785.98,9,0,4168.7,200
1cd8d15b-8bbb-4676-886a-7f41701c1656,2026-06-07T14:13:34.988Z,instance-1,A,burst,heavy,heavy,k6,Exp_A_09,57,POST,/api/heavy,heavy,0.01,154.38,63.07,140,27.61,143.38,4692.29,4785.98,4785.98,9.2,0,4417.75,200
5887c593-bc9b-4ac5-8ccb-814f047a6d27,2026-06-07T14:13:34.989Z,instance-1,A,burst,heavy,heavy,k6,Exp_A_09,300,POST,/api/heavy,heavy,0.01,154.38,63.07,141,27.61,143.38,4692.29,4785.98,4785.98,9.4,0,4627.99,200
f4cef1e0-f1d2-45a3-b24c-9b4d7a49abf7,2026-06-07T14:13:34.989Z,instance-1,A,burst,heavy,heavy,k6,Exp_A_09,327,POST,/api/heavy,heavy,0.01,154.38,63.07,142,27.61,143.38,4692.29,4785.98,4785.98,9.6,0,4803.77,200
2ac8f0a4-0d2b-4957-859a-9154bda962c7,2026-06-07T14:13:34.990Z,instance-1,A,burst,heavy,heavy,k6,Exp_A_09,344,POST,/api/heavy,heavy,0.01,154.38,63.07,143,27.61,143.38,4692.29,4785.98,4785.98,9.8,0,5024.04,200
ec81a298-c757-4cad-94a9-a581a39fc6c8,2026-06-07T14:13:34.990Z,instance-1,A,burst,heavy,heavy,k6,Exp_A_09,137,POST,/api/heavy,heavy,0.01,154.38,63.07,144,27.61,143.38,4692.29,4785.98,4785.98,10,0,5181.41,200
09429f3c-c44e-4613-9963-b6dd0a1e27d2,2026-06-07T14:13:34.991Z,instance-1,A,burst,heavy,heavy,k6,Exp_A_09,238,POST,/api/heavy,heavy,0.01,154.38,63.07,145,27.61,143.38,4692.29,4785.98,4785.98,10.2,0,5358.39,200
3b92d7d6-7c6e-491a-9cb4-1f52b5f54de9,2026-06-07T14:13:34.463Z,instance-3,A,burst,heavy,heavy,k6,Exp_A_09,56,POST,/api/heavy,heavy,0.01,156.58,63.64,119,25.91,156.58,5055.05,5147.78,5147.78,0.2,0,225.53,200
5611db5e-71b4-43f6-8876-56793a062641,2026-06-07T14:13:34.468Z,instance-3,A,burst,heavy,heavy,k6,Exp_A_09,24,POST,/api/heavy,heavy,0.01,156.58,63.64,120,25.91,156.58,5055.05,5147.78,5147.78,0.4,0,416.77,200
e7adf0b6-6d2d-4529-bc1d-12f3c4a8b56b,2026-06-07T14:13:34.469Z,instance-3,A,burst,heavy,heavy,k6,Exp_A_09,200,POST,/api/heavy,heavy,0.01,156.58,63.64,121,25.91,156.58,5055.05,5147.78,5147.78,0.6,0,610.98,200
8f056992-7f7a-4400-b66a-5f5ec50eb9ff,2026-06-07T14:13:34.469Z,instance-3,A,burst,heavy,heavy,k6,Exp_A_09,120,POST,/api/heavy,heavy,0.01,156.58,63.64,122,25.91,156.58,5055.05,5147.78,5147.78,0.8,0,789.76,200
db7a2e8c-563a-4e45-af7f-dbcef706cbf0,2026-06-07T14:13:34.469Z,instance-3,A,burst,heavy,heavy,k6,Exp_A_09,356,POST,/api/heavy,heavy,0.01,156.58,63.64,123,25.91,156.58,5055.05,5147.78,5147.78,1,0,976.06,200
ff2b005d-42eb-45bb-8d68-cef716667572,2026-06-07T14:13:34.469Z,instance-3,A,burst,heavy,heavy,k6,Exp_A_09,350,POST,/api/heavy,heavy,0.01,156.58,63.64,124,25.91,156.58,5055.05,5147.78,5147.78,1.2,0,1126.48,200
b03c6f16-ae77-44cb-9cd5-d15a3198011f,2026-06-07T14:13:34.469Z,instance-3,A,burst,heavy,heavy,k6,Exp_A_09,205,POST,/api/heavy,heavy,0.01,156.58,63.64,125,25.91,156.58,5055.05,5147.78,5147.78,1.4,0,1338.31,200
b3e5fd0b-7a8b-4ec6-93b1-9b9b8946a2c2,2026-06-07T14:13:34.470Z,instance-3,A,burst,heavy,heavy,k6,Exp_A_09,64,POST,/api/heavy,heavy,0.01,156.58,63.64,126,25.91,156.58,5055.05,5147.78,5147.78,1.6,0,1503.15,200
ce522668-76e4-44c9-9ff3-2069263a6b71,2026-06-07T14:13:34.470Z,instance-3,A,burst,heavy,heavy,k6,Exp_A_09,330,POST,/api/heavy,heavy,0.01,156.58,63.64,127,25.91,156.58,5055.05,5147.78,5147.78,1.8,0,1689.03,200
3ce571e8-4bf3-4215-aeaa-4e572db3cf28,2026-06-07T14:13:34.470Z,instance-3,A,burst,heavy,heavy,k6,Exp_A_09,44,POST,/api/heavy,heavy,0.01,156.58,63.64,128,25.91,156.58,5055.05,5147.78,5147.78,2,0,1892.62,200
1bfcce5b-8e47-4a31-a69e-6c122b390261,2026-06-07T14:13:34.470Z,instance-3,A,burst,heavy,heavy,k6,Exp_A_09,315,POST,/api/heavy,heavy,0.01,156.58,63.64,129,25.91,156.58,5055.05,5147.78,5147.78,2.2,0,2049.03,200
5951b937-3ce2-4db9-9d4f-f6b1616e8413,2026-06-07T14:13:34.470Z,instance-3,A,burst,heavy,heavy,k6,Exp_A_09,151,POST,/api/heavy,heavy,0.01,156.58,63.64,130,25.91,156.58,5055.05,5147.78,5147.78,2.4,0,2195.44,200
2a2f5a5e-3931-4863-8aeb-1548ddec8598,2026-06-07T14:13:34.471Z,instance-3,A,burst,heavy,heavy,k6,Exp_A_09,301,POST,/api/heavy,heavy,0.01,156.58,63.64,131,25.91,156.58,5055.05,5147.78,5147.78,2.6,0,2375.18,200
f817fe7c-feb8-42da-a025-a8577a302995,2026-06-07T14:13:34.471Z,instance-3,A,burst,heavy,heavy,k6,Exp_A_09,150,POST,/api/heavy,heavy,0.01,156.58,63.64,132,25.91,156.58,5055.05,5147.78,5147.78,2.8,0,2542.11,200
5db68c17-1f18-4d11-85c2-0519f885304c,2026-06-07T14:13:34.471Z,instance-3,A,burst,heavy,heavy,k6,Exp_A_09,160,POST,/api/heavy,heavy,0.01,156.58,63.64,133,25.91,156.58,5055.05,5147.78,5147.78,3,0,2689.61,200
dd2d650b-c1c0-4ead-ae6e-16c9311b0f0b,2026-06-07T14:13:34.472Z,instance-3,A,burst,heavy,heavy,k6,Exp_A_09,169,POST,/api/heavy,heavy,0.01,156.58,63.64,134,25.91,156.58,5055.05,5147.78,5147.78,3.2,0,2874.95,200
fc41b3fa-12ff-48ea-b14a-fc38219fb9c5,2026-06-07T14:13:34.472Z,instance-3,A,burst,heavy,heavy,k6,Exp_A_09,19,POST,/api/heavy,heavy,0.01,156.58,63.64,135,25.91,156.58,5055.05,5147.78,5147.78,3.4,0,3042.28,200
cdb2b8e4-0440-4449-b821-cbc31bb5abe3,2026-06-07T14:13:34.472Z,instance-3,A,burst,heavy,heavy,k6,Exp_A_09,23,POST,/api/heavy,heavy,0.01,156.58,63.64,136,25.91,156.58,5055.05,5147.78,5147.78,3.6,0,3217.8,200
0eb408dc-305e-438f-b837-19632e5a56ab,2026-06-07T14:13:34.473Z,instance-3,A,burst,heavy,heavy,k6,Exp_A_09,13,POST,/api/heavy,heavy,0.01,156.58,63.64,137,25.91,156.58,5055.05,5147.78,5147.78,3.8,0,3424.87,200
22f94d58-2a36-49f0-b028-56f7e242db05,2026-06-07T14:13:34.473Z,instance-3,A,burst,heavy,heavy,k6,Exp_A_09,194,POST,/api/heavy,heavy,0.01,156.58,63.64,138,25.91,156.58,5055.05,5147.78,5147.78,4,0,3598.22,200
b8c56ab3-6b69-46e8-a8e1-7e59de98b1d3,2026-06-07T14:13:34.473Z,instance-3,A,burst,heavy,heavy,k6,Exp_A_09,60,POST,/api/heavy,heavy,0.01,156.58,63.64,139,25.91,156.58,5055.05,5147.78,5147.78,4.2,0,3812.06,200
1f6e332d-e262-4947-9cd4-be91218dd97d,2026-06-07T14:13:34.473Z,instance-3,A,burst,heavy,heavy,k6,Exp_A_09,141,POST,/api/heavy,heavy,0.01,156.58,63.64,140,25.91,156.58,5055.05,5147.78,5147.78,4.4,0,3993.21,200
7aac8a9e-2a26-46d7-a7c8-ba596fb35796,2026-06-07T14:13:34.473Z,instance-3,A,burst,heavy,heavy,k6,Exp_A_09,244,POST,/api/heavy,heavy,0.01,156.58,63.64,141,25.91,156.58,5055.05,5147.78,5147.78,4.6,0,4205.81,200
a1831e68-9c7c-4441-8f68-6894e6f8e09f,2026-06-07T14:13:34.473Z,instance-3,A,burst,heavy,heavy,k6,Exp_A_09,215,POST,/api/heavy,heavy,0.01,156.58,63.64,142,25.91,156.58,5055.05,5147.78,5147.78,4.8,0,4398.76,200
c37644dd-257b-4467-b0d7-dcecacb10c60,2026-06-07T14:13:34.473Z,instance-3,A,burst,heavy,heavy,k6,Exp_A_09,298,POST,/api/heavy,heavy,0.01,156.58,63.64,143,25.91,156.58,5055.05,5147.78,5147.78,5,0,4665.23,200
4f1cc535-de4b-46ff-8006-e4360610a195,2026-06-07T14:13:34.474Z,instance-3,A,burst,heavy,heavy,k6,Exp_A_09,22,POST,/api/heavy,heavy,0.01,156.58,63.64,144,25.91,156.58,5055.05,5147.78,5147.78,5.2,0,4879.33,200
e02e4d3a-64f7-49c7-b437-15b656feba66,2026-06-07T14:13:34.474Z,instance-3,A,burst,heavy,heavy,k6,Exp_A_09,93,POST,/api/heavy,heavy,0.01,156.58,63.64,145,25.91,156.58,5055.05,5147.78,5147.78,5.4,0,5084.28,200
3b4b06cb-30e5-4b02-8955-dc789bcc4801,2026-06-07T14:13:34.474Z,instance-3,A,burst,heavy,heavy,k6,Exp_A_09,351,POST,/api/heavy,heavy,0.01,156.58,63.64,146,25.91,156.58,5055.05,5147.78,5147.78,5.6,0,5297.77,200
04bfd33e-65a4-4502-a30b-b356619de5e1,2026-06-07T14:13:34.474Z,instance-3,A,burst,heavy,heavy,k6,Exp_A_09,62,POST,/api/heavy,heavy,0.01,156.58,63.64,147,25.91,156.58,5055.05,5147.78,5147.78,5.8,0,5560.18,200
a690ab7a-0788-445b-b59a-c2954f73edc6,2026-06-07T14:13:34.474Z,instance-3,A,burst,heavy,heavy,k6,Exp_A_09,74,POST,/api/heavy,heavy,0.01,156.58,63.64,148,25.91,156.58,5055.05,5147.78,5147.78,6,0,5765.45,200
3583aca7-9a5d-47ea-b4f3-9f6cb2fbf594,2026-06-07T14:13:34.474Z,instance-3,A,burst,heavy,heavy,k6,Exp_A_09,275,POST,/api/heavy,heavy,0.01,156.58,63.64,149,25.91,156.58,5055.05,5147.78,5147.78,6.2,0,5987.57,200
8b659a38-d217-4b17-bee9-210de99ba0ff,2026-06-07T14:13:34.474Z,instance-3,A,burst,heavy,heavy,k6,Exp_A_09,143,POST,/api/heavy,heavy,0.01,156.58,63.64,150,25.91,156.58,5055.05,5147.78,5147.78,6.4,0,6161.55,200
e444db60-dfa6-46cd-9a26-d0c594616cd4,2026-06-07T14:13:34.475Z,instance-3,A,burst,heavy,heavy,k6,Exp_A_09,258,POST,/api/heavy,heavy,0.01,156.58,63.64,151,25.91,156.58,5055.05,5147.78,5147.78,6.6,0,6366.41,200
6b5cd9eb-cc15-4bd2-beb6-da96b27b9a4d,2026-06-07T14:13:34.475Z,instance-3,A,burst,heavy,heavy,k6,Exp_A_09,305,POST,/api/heavy,heavy,0.01,156.58,63.64,152,25.91,156.58,5055.05,5147.78,5147.78,6.8,0,6512.3,200
c9e8b8c3-4318-49a2-82ec-acc4e36389a1,2026-06-07T14:13:41.000Z,instance-3,A,burst,heavy,heavy,k6,Exp_A_09,268,POST,/api/heavy,heavy,0.01,90.84,63.65,119,20.51,90.84,4010.81,6366.41,6512.3,0.2,0,162.24,200
38ff334e-62bd-4182-bd74-0b3ed8c9f555,2026-06-07T14:13:41.001Z,instance-3,A,burst,heavy,heavy,k6,Exp_A_09,138,POST,/api/heavy,heavy,0.01,90.84,63.65,120,20.51,90.84,4010.81,6366.41,6512.3,0.4,0,371.35,200
0f8c40af-cdb2-4816-8090-bd86202d9b9d,2026-06-07T14:13:41.001Z,instance-3,A,burst,heavy,heavy,k6,Exp_A_09,211,POST,/api/heavy,heavy,0.01,90.84,63.65,121,20.51,90.84,4010.81,6366.41,6512.3,0.6,0,611.31,200
d9333a04-263c-48cb-9717-37c95f91f24c,2026-06-07T14:13:41.001Z,instance-3,A,burst,heavy,heavy,k6,Exp_A_09,200,POST,/api/heavy,heavy,0.01,90.84,63.65,122,20.51,90.84,4010.81,6366.41,6512.3,0.8,0,778.82,200
1f92354d-0bb6-48b2-a514-c39e9ab46637,2026-06-07T14:13:41.001Z,instance-3,A,burst,heavy,heavy,k6,Exp_A_09,356,POST,/api/heavy,heavy,0.01,90.84,63.65,123,20.51,90.84,4010.81,6366.41,6512.3,1,0,985.52,200
05e362cf-a54e-4c0e-b98b-3ec1733ec01e,2026-06-07T14:13:41.001Z,instance-3,A,burst,heavy,heavy,k6,Exp_A_09,205,POST,/api/heavy,heavy,0.01,90.84,63.65,124,20.51,90.84,4010.81,6366.41,6512.3,1.2,0,1151.08,200
3793827a-2fc3-447e-ba33-80ee3e7abce3,2026-06-07T14:13:41.001Z,instance-3,A,burst,heavy,heavy,k6,Exp_A_09,224,POST,/api/heavy,heavy,0.01,90.84,63.65,125,20.51,90.84,4010.81,6366.41,6512.3,1.4,0,1304.57,200
87042c3e-b069-4d95-aea8-9d169b58a318,2026-06-07T14:13:41.002Z,instance-3,A,burst,heavy,heavy,k6,Exp_A_09,229,POST,/api/heavy,heavy,0.01,90.84,63.65,126,20.51,90.84,4010.81,6366.41,6512.3,1.6,0,1491.09,200
dd45bf34-7f52-472c-892e-e2b77b847eb0,2026-06-07T14:13:41.002Z,instance-3,A,burst,heavy,heavy,k6,Exp_A_09,292,POST,/api/heavy,heavy,0.01,90.84,63.65,127,20.51,90.84,4010.81,6366.41,6512.3,1.8,0,1688.65,200
784289e2-ba96-4ae7-ac1a-614b8f9ba562,2026-06-07T14:13:41.002Z,instance-3,A,burst,heavy,heavy,k6,Exp_A_09,40,POST,/api/heavy,heavy,0.01,90.84,63.65,128,20.51,90.84,4010.81,6366.41,6512.3,2,0,1837.31,200
decd6e44-c1b1-41d0-881d-6b2f4b381fe0,2026-06-07T14:13:41.002Z,instance-3,A,burst,heavy,heavy,k6,Exp_A_09,63,POST,/api/heavy,heavy,0.01,90.84,63.65,129,20.51,90.84,4010.81,6366.41,6512.3,2.2,0,2023.27,200
42b63ac5-597f-4eb4-afe9-cb0bca2b055e,2026-06-07T14:13:41.002Z,instance-3,A,burst,heavy,heavy,k6,Exp_A_09,69,POST,/api/heavy,heavy,0.01,90.84,63.65,130,20.51,90.84,4010.81,6366.41,6512.3,2.4,0,2190.32,200
dda51786-c06a-4cc2-86d4-15dd1913eaaa,2026-06-07T14:13:41.002Z,instance-3,A,burst,heavy,heavy,k6,Exp_A_09,73,POST,/api/heavy,heavy,0.01,90.84,63.65,131,20.51,90.84,4010.81,6366.41,6512.3,2.6,0,2394.06,200
220db249-dc90-4ffb-8b08-3e5bcb644880,2026-06-07T14:13:41.003Z,instance-3,A,burst,heavy,heavy,k6,Exp_A_09,121,POST,/api/heavy,heavy,0.01,90.84,63.65,132,20.51,90.84,4010.81,6366.41,6512.3,2.8,0,2603.51,200
ef92c491-ad38-4d7f-9018-3e929f0fba6f,2026-06-07T14:13:41.003Z,instance-3,A,burst,heavy,heavy,k6,Exp_A_09,146,POST,/api/heavy,heavy,0.01,90.84,63.65,133,20.51,90.84,4010.81,6366.41,6512.3,3,0,2769.04,200
0b46e75b-0d31-48f1-a4d5-7caf35aca42b,2026-06-07T14:13:41.003Z,instance-3,A,burst,heavy,heavy,k6,Exp_A_09,165,POST,/api/heavy,heavy,0.01,90.84,63.65,134,20.51,90.84,4010.81,6366.41,6512.3,3.2,0,2929.65,200
fc62b111-aa15-484f-b4d9-e24bd9e9fa6f,2026-06-07T14:13:41.003Z,instance-3,A,burst,heavy,heavy,k6,Exp_A_09,184,POST,/api/heavy,heavy,0.01,90.84,63.65,135,20.51,90.84,4010.81,6366.41,6512.3,3.4,0,3108.92,200
469e465d-1d2b-4890-9559-ee79618bb2ef,2026-06-07T14:13:41.003Z,instance-3,A,burst,heavy,heavy,k6,Exp_A_09,164,POST,/api/heavy,heavy,0.01,90.84,63.65,136,20.51,90.84,4010.81,6366.41,6512.3,3.6,0,3278.54,200
f243032a-4dfd-4a58-9cd0-564573cb4c61,2026-06-07T14:13:41.003Z,instance-3,A,burst,heavy,heavy,k6,Exp_A_09,210,POST,/api/heavy,heavy,0.01,90.84,63.65,137,20.51,90.84,4010.81,6366.41,6512.3,3.8,0,3463.62,200
240933e4-d58f-4467-949a-fbeb433311fb,2026-06-07T14:13:41.003Z,instance-3,A,burst,heavy,heavy,k6,Exp_A_09,253,POST,/api/heavy,heavy,0.01,90.84,63.65,138,20.51,90.84,4010.81,6366.41,6512.3,4,0,3607.13,200
debc2c49-9d08-42f1-b107-11dab176bec1,2026-06-07T14:13:41.004Z,instance-3,A,burst,heavy,heavy,k6,Exp_A_09,208,POST,/api/heavy,heavy,0.01,90.84,63.65,139,20.51,90.84,4010.81,6366.41,6512.3,4.2,0,3814.01,200
2e7c7f1b-309b-4557-b3f6-0e55dc18bfc8,2026-06-07T14:13:41.005Z,instance-3,A,burst,heavy,heavy,k6,Exp_A_09,219,POST,/api/heavy,heavy,0.01,90.84,63.65,140,20.51,90.84,4010.81,6366.41,6512.3,4.4,0,3964.95,200
a4492f99-6de6-48fa-88ce-dee5c070b718,2026-06-07T14:13:41.005Z,instance-3,A,burst,heavy,heavy,k6,Exp_A_09,252,POST,/api/heavy,heavy,0.01,90.84,63.65,141,20.51,90.84,4010.81,6366.41,6512.3,4.6,0,4144.01,200
d1a686be-09cd-4f9b-a648-ca1908f2ab51,2026-06-07T14:13:41.006Z,instance-3,A,burst,heavy,heavy,k6,Exp_A_09,285,POST,/api/heavy,heavy,0.01,90.84,63.65,142,20.51,90.84,4010.81,6366.41,6512.3,4.8,0,4311.56,200
444e68c1-b6c3-469f-8586-8a02038ba7c2,2026-06-07T14:13:41.006Z,instance-3,A,burst,heavy,heavy,k6,Exp_A_09,239,POST,/api/heavy,heavy,0.01,90.84,63.65,143,20.51,90.84,4010.81,6366.41,6512.3,5,0,4502.05,200
f40e0e4f-a6da-4af2-8ea8-c90293c18d9f,2026-06-07T14:13:41.006Z,instance-3,A,burst,heavy,heavy,k6,Exp_A_09,265,POST,/api/heavy,heavy,0.01,90.84,63.65,144,20.51,90.84,4010.81,6366.41,6512.3,5.2,0,4690.3,200
6cab451f-952d-4596-a2f4-49bdec78e6a9,2026-06-07T14:13:41.007Z,instance-3,A,burst,heavy,heavy,k6,Exp_A_09,31,POST,/api/heavy,heavy,0.01,90.84,63.65,145,20.51,90.84,4010.81,6366.41,6512.3,5.4,0,4880.66,200
5c4edfeb-2c05-4b34-adcb-43b2b8839de1,2026-06-07T14:13:41.007Z,instance-3,A,burst,heavy,heavy,k6,Exp_A_09,173,POST,/api/heavy,heavy,0.01,90.84,63.65,146,20.51,90.84,4010.81,6366.41,6512.3,5.6,0,5076.38,200
610b2eeb-c0bd-43ea-83c5-9e6084a565ad,2026-06-07T14:13:41.008Z,instance-3,A,burst,heavy,heavy,k6,Exp_A_09,264,POST,/api/heavy,heavy,0.01,90.84,63.65,147,20.51,90.84,4010.81,6366.41,6512.3,5.8,0,5259.75,200
36d3c2b9-09bc-4dfa-a33e-a7d4d29c67ae,2026-06-07T14:13:41.008Z,instance-3,A,burst,heavy,heavy,k6,Exp_A_09,195,POST,/api/heavy,heavy,0.01,90.84,63.65,148,20.51,90.84,4010.81,6366.41,6512.3,6,0,5457.96,200
34964ccd-02ab-4308-bdde-3ec6fce6ca50,2026-06-07T14:13:41.008Z,instance-3,A,burst,heavy,heavy,k6,Exp_A_09,236,POST,/api/heavy,heavy,0.01,90.84,63.65,149,20.51,90.84,4010.81,6366.41,6512.3,6.2,0,5632.63,200
f0f0dfe6-0733-4b03-bdec-a4623d2b5450,2026-06-07T14:13:41.008Z,instance-3,A,burst,heavy,heavy,k6,Exp_A_09,271,POST,/api/heavy,heavy,0.01,90.84,63.65,150,20.51,90.84,4010.81,6366.41,6512.3,6.4,0,5835.82,200
b9015d87-8b73-479c-a4ee-e53759ee5e6c,2026-06-07T14:13:41.009Z,instance-3,A,burst,heavy,heavy,k6,Exp_A_09,80,POST,/api/heavy,heavy,0.01,90.84,63.65,151,20.51,90.84,4010.81,6366.41,6512.3,6.6,0,6017.64,200
9092e095-a45b-4659-b910-bc305e1b334d,2026-06-07T14:13:41.009Z,instance-3,A,burst,heavy,heavy,k6,Exp_A_09,348,POST,/api/heavy,heavy,0.01,90.84,63.65,152,20.51,90.84,4010.81,6366.41,6512.3,6.8,0,6220.7,200
25ecdeb2-8d24-424b-a279-e3709e91ec30,2026-06-07T14:13:41.009Z,instance-3,A,burst,heavy,heavy,k6,Exp_A_09,52,POST,/api/heavy,heavy,0.01,90.84,63.65,153,20.51,90.84,4010.81,6366.41,6512.3,7,0,6463.67,200
1387f051-b1ea-4b4b-bbcb-81330912a110,2026-06-07T14:13:41.009Z,instance-3,A,burst,heavy,heavy,k6,Exp_A_09,302,POST,/api/heavy,heavy,0.01,90.84,63.65,154,20.51,90.84,4010.81,6366.41,6512.3,7.2,0,6813.45,200
a4d1fc47-5120-4944-bc29-2d91e2acdc38,2026-06-07T14:13:41.009Z,instance-3,A,burst,heavy,heavy,k6,Exp_A_09,332,POST,/api/heavy,heavy,0.01,90.84,63.65,155,20.51,90.84,4010.81,6366.41,6512.3,7.4,0,7036.96,200
4b2392f9-0075-4491-9065-b4c9d4a3760b,2026-06-07T14:13:41.009Z,instance-3,A,burst,heavy,heavy,k6,Exp_A_09,111,POST,/api/heavy,heavy,0.01,90.84,63.65,156,20.51,90.84,4010.81,6366.41,6512.3,7.6,0,7241.88,200
7ef80700-7d3b-48f9-b1f3-a3d090093c5f,2026-06-07T14:13:41.010Z,instance-3,A,burst,heavy,heavy,k6,Exp_A_09,286,POST,/api/heavy,heavy,0.01,90.84,63.65,157,20.51,90.84,4010.81,6366.41,6512.3,7.8,0,7483.97,200
48e13296-0687-4317-8071-0b57326deb17,2026-06-07T14:13:40.375Z,instance-1,A,burst,heavy,heavy,k6,Exp_A_09,287,POST,/api/heavy,heavy,0.01,130.94,63.16,168,17.31,130.94,2834.71,5181.41,5358.39,10.2,0,0.72,503
2031aa0c-78b4-447a-bb86-22cb970a59a4,2026-06-07T14:13:40.377Z,instance-1,A,burst,heavy,heavy,k6,Exp_A_09,89,POST,/api/heavy,heavy,0.01,130.94,63.16,168,17.31,130.94,2820.71,5181.41,5358.39,10.4,1.92,0.78,503
b14772f7-b9ff-4616-88b6-5ed1dd52466f,2026-06-07T14:13:40.379Z,instance-1,A,burst,heavy,heavy,k6,Exp_A_09,102,POST,/api/heavy,heavy,0.01,130.94,63.16,168,17.31,130.94,2720,5181.41,5358.39,10.6,3.77,0.79,503
5f189877-4d16-43fb-bbee-e1636057da27,2026-06-07T14:13:40.381Z,instance-1,A,burst,heavy,heavy,k6,Exp_A_09,109,POST,/api/heavy,heavy,0.01,130.94,63.16,168,17.31,130.94,2626.24,5181.41,5358.39,10.8,5.56,0.56,503
1ec05261-fc3d-40f3-8117-4cb5a53fbedb,2026-06-07T14:13:40.382Z,instance-1,A,burst,heavy,heavy,k6,Exp_A_09,206,POST,/api/heavy,heavy,0.01,130.94,63.16,168,17.31,130.94,2538.71,5181.41,5358.39,11,7.27,0.52,503
e232f5b6-0dc7-4272-b096-4e50d6e18df4,2026-06-07T14:13:40.383Z,instance-1,A,burst,heavy,heavy,k6,Exp_A_09,176,POST,/api/heavy,heavy,0.01,130.94,63.16,168,17.31,130.94,2456.84,5181.41,5358.39,11.2,8.93,0.35,503
b2a3abc6-acc1-4cc8-86d6-549260c886fe,2026-06-07T14:13:40.385Z,instance-1,A,burst,heavy,heavy,k6,Exp_A_09,7,POST,/api/heavy,heavy,0.01,130.94,63.16,168,17.31,130.94,2380.07,5181.41,5358.39,11.4,10.53,0.65,503
c4b37680-07a7-4f38-a5bf-6b45cb0fd206,2026-06-07T14:13:40.386Z,instance-1,A,burst,heavy,heavy,k6,Exp_A_09,333,POST,/api/heavy,heavy,0.01,130.94,63.16,168,17.31,130.94,2307.97,5181.41,5358.39,11.6,12.07,0.43,503
5824ca45-8cae-47f3-9df3-7b076a25c1b2,2026-06-07T14:13:40.387Z,instance-1,A,burst,heavy,heavy,k6,Exp_A_09,366,POST,/api/heavy,heavy,0.01,130.94,63.16,168,17.31,130.94,2240.1,5181.41,5358.39,11.8,13.56,0.81,503
75347827-d38b-4298-9c1a-1948082b5404,2026-06-07T14:13:40.360Z,instance-1,A,burst,heavy,heavy,k6,Exp_A_09,223,POST,/api/heavy,heavy,0.01,130.94,63.16,118,17.31,130.94,2834.71,5181.41,5358.39,0.2,0,210.57,200
944e9968-7556-4f4d-aafa-ae89071d8cb5,2026-06-07T14:13:40.364Z,instance-1,A,burst,heavy,heavy,k6,Exp_A_09,72,POST,/api/heavy,heavy,0.01,130.94,63.16,119,17.31,130.94,2834.71,5181.41,5358.39,0.4,0,360.52,200
0eb162cc-3864-4dbf-b991-7aecef0337e1,2026-06-07T14:13:40.364Z,instance-1,A,burst,heavy,heavy,k6,Exp_A_09,56,POST,/api/heavy,heavy,0.01,130.94,63.16,120,17.31,130.94,2834.71,5181.41,5358.39,0.6,0,556.63,200
eb4956c3-9503-41f5-9166-14f427b95119,2026-06-07T14:13:40.365Z,instance-1,A,burst,heavy,heavy,k6,Exp_A_09,46,POST,/api/heavy,heavy,0.01,130.94,63.16,121,17.31,130.94,2834.71,5181.41,5358.39,0.8,0,777.05,200
dae3268e-508c-4d03-b17d-b3968b554b94,2026-06-07T14:13:40.365Z,instance-1,A,burst,heavy,heavy,k6,Exp_A_09,177,POST,/api/heavy,heavy,0.01,130.94,63.16,122,17.31,130.94,2834.71,5181.41,5358.39,1,0,1030.59,200
69a2630f-c725-43b5-aaa9-2abf8595351b,2026-06-07T14:13:40.365Z,instance-1,A,burst,heavy,heavy,k6,Exp_A_09,186,POST,/api/heavy,heavy,0.01,130.94,63.16,123,17.31,130.94,2834.71,5181.41,5358.39,1.2,0,1214.86,200
4845414d-45be-4a8f-b9b2-729d04922a89,2026-06-07T14:13:40.365Z,instance-1,A,burst,heavy,heavy,k6,Exp_A_09,76,POST,/api/heavy,heavy,0.01,130.94,63.16,124,17.31,130.94,2834.71,5181.41,5358.39,1.4,0,1428.89,200
38e1aef7-c191-4c5a-8006-8cd7ec4ed434,2026-06-07T14:13:40.365Z,instance-1,A,burst,heavy,heavy,k6,Exp_A_09,233,POST,/api/heavy,heavy,0.01,130.94,63.16,125,17.31,130.94,2834.71,5181.41,5358.39,1.6,0,1617.11,200
bfcf9d4c-56f7-4e25-9156-9e189bc43ba8,2026-06-07T14:13:40.365Z,instance-1,A,burst,heavy,heavy,k6,Exp_A_09,193,POST,/api/heavy,heavy,0.01,130.94,63.16,126,17.31,130.94,2834.71,5181.41,5358.39,1.8,0,1821.22,200
c6221682-9f31-4685-83b2-755391662e7c,2026-06-07T14:13:40.366Z,instance-1,A,burst,heavy,heavy,k6,Exp_A_09,330,POST,/api/heavy,heavy,0.01,130.94,63.16,127,17.31,130.94,2834.71,5181.41,5358.39,2,0,2009.67,200
b4405857-eb26-4c02-88b0-3ca5368a3866,2026-06-07T14:13:40.366Z,instance-1,A,burst,heavy,heavy,k6,Exp_A_09,198,POST,/api/heavy,heavy,0.01,130.94,63.16,128,17.31,130.94,2834.71,5181.41,5358.39,2.2,0,2216.47,200
85e17fd4-3c93-4520-bf44-335e29153037,2026-06-07T14:13:40.366Z,instance-1,A,burst,heavy,heavy,k6,Exp_A_09,87,POST,/api/heavy,heavy,0.01,130.94,63.16,129,17.31,130.94,2834.71,5181.41,5358.39,2.4,0,2422.09,200
7c13e493-9eba-4058-b7ad-221cab21216e,2026-06-07T14:13:40.366Z,instance-1,A,burst,heavy,heavy,k6,Exp_A_09,6,POST,/api/heavy,heavy,0.01,130.94,63.16,130,17.31,130.94,2834.71,5181.41,5358.39,2.6,0,2581.92,200
f8850529-4649-4209-bb26-0e29ac295cdb,2026-06-07T14:13:40.366Z,instance-1,A,burst,heavy,heavy,k6,Exp_A_09,91,POST,/api/heavy,heavy,0.01,130.94,63.16,131,17.31,130.94,2834.71,5181.41,5358.39,2.8,0,2793.59,200
e67fe0c2-1d48-4c54-acf2-b5d6f64fc78e,2026-06-07T14:13:40.366Z,instance-1,A,burst,heavy,heavy,k6,Exp_A_09,151,POST,/api/heavy,heavy,0.01,130.94,63.16,132,17.31,130.94,2834.71,5181.41,5358.39,3,0,2953.95,200
77f81c02-2914-4f44-b787-d80b23bbdf38,2026-06-07T14:13:40.366Z,instance-1,A,burst,heavy,heavy,k6,Exp_A_09,301,POST,/api/heavy,heavy,0.01,130.94,63.16,133,17.31,130.94,2834.71,5181.41,5358.39,3.2,0,3151.43,200
9f02603a-e6fc-4a83-a705-2f6ce7854260,2026-06-07T14:13:40.367Z,instance-1,A,burst,heavy,heavy,k6,Exp_A_09,160,POST,/api/heavy,heavy,0.01,130.94,63.16,134,17.31,130.94,2834.71,5181.41,5358.39,3.4,0,3338.66,200
02564994-6237-4173-8cfc-cbe1f407e61b,2026-06-07T14:13:40.368Z,instance-1,A,burst,heavy,heavy,k6,Exp_A_09,169,POST,/api/heavy,heavy,0.01,130.94,63.16,135,17.31,130.94,2834.71,5181.41,5358.39,3.6,0,3529.89,200
e6482759-a50a-4866-814f-6acfb7f187d6,2026-06-07T14:13:40.368Z,instance-1,A,burst,heavy,heavy,k6,Exp_A_09,3,POST,/api/heavy,heavy,0.01,130.94,63.16,136,17.31,130.94,2834.71,5181.41,5358.39,3.8,0,3708.96,200
22d8c987-4d0e-4de0-aefe-929283027041,2026-06-07T14:13:40.369Z,instance-1,A,burst,heavy,heavy,k6,Exp_A_09,207,POST,/api/heavy,heavy,0.01,130.94,63.16,137,17.31,130.94,2834.71,5181.41,5358.39,4,0,3888.36,200
aaa26e9a-55b8-4d62-a3e6-1983b11048c1,2026-06-07T14:13:40.369Z,instance-1,A,burst,heavy,heavy,k6,Exp_A_09,61,POST,/api/heavy,heavy,0.01,130.94,63.16,138,17.31,130.94,2834.71,5181.41,5358.39,4.2,0,4061.22,200
d5a00e4d-10ad-4cec-94af-43ec3ba1ab6d,2026-06-07T14:13:40.369Z,instance-1,A,burst,heavy,heavy,k6,Exp_A_09,13,POST,/api/heavy,heavy,0.01,130.94,63.16,139,17.31,130.94,2834.71,5181.41,5358.39,4.4,0,4270.97,200
99fa5cea-ee3f-4c2f-8151-a0a9f770bec0,2026-06-07T14:13:40.370Z,instance-1,A,burst,heavy,heavy,k6,Exp_A_09,60,POST,/api/heavy,heavy,0.01,130.94,63.16,140,17.31,130.94,2834.71,5181.41,5358.39,4.6,0,4492.31,200
5e1bea45-a9ed-4f40-a9a6-8edce62b21cc,2026-06-07T14:13:40.370Z,instance-1,A,burst,heavy,heavy,k6,Exp_A_09,141,POST,/api/heavy,heavy,0.01,130.94,63.16,141,17.31,130.94,2834.71,5181.41,5358.39,4.8,0,4654.77,200
6376a1e3-9683-4a9f-81c0-16903901c4ba,2026-06-07T14:13:40.371Z,instance-1,A,burst,heavy,heavy,k6,Exp_A_09,244,POST,/api/heavy,heavy,0.01,130.94,63.16,142,17.31,130.94,2834.71,5181.41,5358.39,5,0,4829.2,200
1f22faf7-955d-4cfc-8ae6-b46f55ffeb4f,2026-06-07T14:13:40.371Z,instance-1,A,burst,heavy,heavy,k6,Exp_A_09,215,POST,/api/heavy,heavy,0.01,130.94,63.16,143,17.31,130.94,2834.71,5181.41,5358.39,5.2,0,5006.35,200
421b1689-1b88-4c60-bc57-298eac64aba5,2026-06-07T14:13:40.371Z,instance-1,A,burst,heavy,heavy,k6,Exp_A_09,298,POST,/api/heavy,heavy,0.01,130.94,63.16,144,17.31,130.94,2834.71,5181.41,5358.39,5.4,0,5196.3,200
94d4661e-e105-4e17-beb3-0ba65ac92e4d,2026-06-07T14:13:40.371Z,instance-1,A,burst,heavy,heavy,k6,Exp_A_09,188,POST,/api/heavy,heavy,0.01,130.94,63.16,145,17.31,130.94,2834.71,5181.41,5358.39,5.6,0,5363.16,200
79d5c29b-c90a-4435-b378-cda81f2b8a27,2026-06-07T14:13:40.371Z,instance-1,A,burst,heavy,heavy,k6,Exp_A_09,110,POST,/api/heavy,heavy,0.01,130.94,63.16,146,17.31,130.94,2834.71,5181.41,5358.39,5.8,0,5607.56,200
84e9fb05-ca44-4115-be89-73ba8f25412a,2026-06-07T14:13:40.372Z,instance-1,A,burst,heavy,heavy,k6,Exp_A_09,140,POST,/api/heavy,heavy,0.01,130.94,63.16,147,17.31,130.94,2834.71,5181.41,5358.39,6,0,5798.67,200
0eab16b1-4123-49db-8368-f809cf027c76,2026-06-07T14:13:40.372Z,instance-1,A,burst,heavy,heavy,k6,Exp_A_09,155,POST,/api/heavy,heavy,0.01,130.94,63.16,148,17.31,130.94,2834.71,5181.41,5358.39,6.2,0,6032.74,200
613b606f-df5f-4f26-8f92-fbf9ee210179,2026-06-07T14:13:40.372Z,instance-1,A,burst,heavy,heavy,k6,Exp_A_09,54,POST,/api/heavy,heavy,0.01,130.94,63.16,149,17.31,130.94,2834.71,5181.41,5358.39,6.4,0,6191.11,200
f1a65eb0-6198-4755-9355-71181fabb071,2026-06-07T14:13:40.372Z,instance-1,A,burst,heavy,heavy,k6,Exp_A_09,329,POST,/api/heavy,heavy,0.01,130.94,63.16,150,17.31,130.94,2834.71,5181.41,5358.39,6.6,0,6395.78,200
da075b1c-b913-4013-a4ef-f38b740f6657,2026-06-07T14:13:40.372Z,instance-1,A,burst,heavy,heavy,k6,Exp_A_09,362,POST,/api/heavy,heavy,0.01,130.94,63.16,151,17.31,130.94,2834.71,5181.41,5358.39,6.8,0,6559.05,200
61ddbe5a-16b7-4541-a134-ea9755af90fd,2026-06-07T14:13:40.373Z,instance-1,A,burst,heavy,heavy,k6,Exp_A_09,314,POST,/api/heavy,heavy,0.01,130.94,63.16,152,17.31,130.94,2834.71,5181.41,5358.39,7,0,6717.4,200
11a73ca3-8e8c-4d00-a25b-10bc847aa1d7,2026-06-07T14:13:40.373Z,instance-1,A,burst,heavy,heavy,k6,Exp_A_09,310,POST,/api/heavy,heavy,0.01,130.94,63.16,153,17.31,130.94,2834.71,5181.41,5358.39,7.2,0,6979.28,200
c8abb6b1-4c84-4d91-ba9c-3038627d5a94,2026-06-07T14:13:40.373Z,instance-1,A,burst,heavy,heavy,k6,Exp_A_09,331,POST,/api/heavy,heavy,0.01,130.94,63.16,154,17.31,130.94,2834.71,5181.41,5358.39,7.4,0,7306.7,200
c13c5fb2-1e5f-4ca0-9ed9-49cf6a3801b1,2026-06-07T14:13:40.373Z,instance-1,A,burst,heavy,heavy,k6,Exp_A_09,100,POST,/api/heavy,heavy,0.01,130.94,63.16,155,17.31,130.94,2834.71,5181.41,5358.39,7.6,0,7595.86,200
9b1e0f84-fdc4-46f9-a367-44b5cf601c3e,2026-06-07T14:13:40.374Z,instance-1,A,burst,heavy,heavy,k6,Exp_A_09,129,POST,/api/heavy,heavy,0.01,130.94,63.16,156,17.31,130.94,2834.71,5181.41,5358.39,7.8,0,7822.66,200
ba700ebe-63d4-4c42-bac8-5fef9e1226c9,2026-06-07T14:13:40.374Z,instance-1,A,burst,heavy,heavy,k6,Exp_A_09,2,POST,/api/heavy,heavy,0.01,130.94,63.16,157,17.31,130.94,2834.71,5181.41,5358.39,8,0,8063.65,200
9047408f-7d4d-4b25-84fd-6d9ab0812c75,2026-06-07T14:13:40.374Z,instance-1,A,burst,heavy,heavy,k6,Exp_A_09,297,POST,/api/heavy,heavy,0.01,130.94,63.16,158,17.31,130.94,2834.71,5181.41,5358.39,8.2,0,8309.87,200
0ea3f67c-dc83-4d2c-9f91-bd9e6700423c,2026-06-07T14:13:40.374Z,instance-1,A,burst,heavy,heavy,k6,Exp_A_09,274,POST,/api/heavy,heavy,0.01,130.94,63.16,159,17.31,130.94,2834.71,5181.41,5358.39,8.4,0,8558.7,200
30a877a6-1630-4894-8453-2c9af700c9d7,2026-06-07T14:13:48.511Z,instance-3,A,burst,heavy,heavy,k6,Exp_A_09,167,POST,/api/heavy,heavy,0.01,71.43,63.71,119,24.32,71.43,4869.57,7241.88,7483.97,0.2,0,247.54,200
2c44a6ab-2276-444a-a770-4d142f94d530,2026-06-07T14:13:48.512Z,instance-3,A,burst,heavy,heavy,k6,Exp_A_09,118,POST,/api/heavy,heavy,0.01,71.43,63.71,120,24.32,71.43,4869.57,7241.88,7483.97,0.4,0,439.45,200
bc3da84f-edca-4581-ae2e-987c5886c7e7,2026-06-07T14:13:48.512Z,instance-3,A,burst,heavy,heavy,k6,Exp_A_09,25,POST,/api/heavy,heavy,0.01,71.43,63.71,121,24.32,71.43,4869.57,7241.88,7483.97,0.6,0,630.97,200
70a6b15e-f796-4a72-ae81-da259db30d80,2026-06-07T14:13:48.513Z,instance-3,A,burst,heavy,heavy,k6,Exp_A_09,99,POST,/api/heavy,heavy,0.01,71.43,63.71,122,24.32,71.43,4869.57,7241.88,7483.97,0.8,0,843.04,200
d6081e41-a462-42f7-b100-d1bb02b68f47,2026-06-07T14:13:48.513Z,instance-3,A,burst,heavy,heavy,k6,Exp_A_09,15,POST,/api/heavy,heavy,0.01,71.43,63.71,123,24.32,71.43,4869.57,7241.88,7483.97,1,0,1046.63,200
230ceb3e-cfc1-4ec8-8807-3979e3dc8d6d,2026-06-07T14:13:48.514Z,instance-3,A,burst,heavy,heavy,k6,Exp_A_09,95,POST,/api/heavy,heavy,0.01,71.43,63.71,124,24.32,71.43,4869.57,7241.88,7483.97,1.2,0,1216.34,200
777992cf-ec34-4a5c-8221-545333138e7d,2026-06-07T14:13:48.514Z,instance-3,A,burst,heavy,heavy,k6,Exp_A_09,106,POST,/api/heavy,heavy,0.01,71.43,63.71,125,24.32,71.43,4869.57,7241.88,7483.97,1.4,0,1446.9,200
397f67c6-61c3-4003-a2a2-d21809f894a2,2026-06-07T14:13:48.515Z,instance-3,A,burst,heavy,heavy,k6,Exp_A_09,142,POST,/api/heavy,heavy,0.01,71.43,63.71,126,24.32,71.43,4869.57,7241.88,7483.97,1.6,0,1641.26,200
54f0aa42-67c9-4c91-81f8-7915ad767f6a,2026-06-07T14:13:48.515Z,instance-3,A,burst,heavy,heavy,k6,Exp_A_09,170,POST,/api/heavy,heavy,0.01,71.43,63.71,127,24.32,71.43,4869.57,7241.88,7483.97,1.8,0,1838.34,200
8f6826be-b087-46e2-8396-4b9ce108a4b0,2026-06-07T14:13:48.516Z,instance-3,A,burst,heavy,heavy,k6,Exp_A_09,128,POST,/api/heavy,heavy,0.01,71.43,63.71,128,24.32,71.43,4869.57,7241.88,7483.97,2,0,2069.49,200
768ca5c3-9ff6-4cff-92ad-252ca2501fec,2026-06-07T14:13:48.516Z,instance-3,A,burst,heavy,heavy,k6,Exp_A_09,243,POST,/api/heavy,heavy,0.01,71.43,63.71,129,24.32,71.43,4869.57,7241.88,7483.97,2.2,0,2253.44,200
7687ec0a-804f-4c55-b519-ce2c0ce54977,2026-06-07T14:13:48.517Z,instance-3,A,burst,heavy,heavy,k6,Exp_A_09,225,POST,/api/heavy,heavy,0.01,71.43,63.71,130,24.32,71.43,4869.57,7241.88,7483.97,2.4,0,2442.38,200
7cf175df-6fc9-49c9-b641-1adc09b308ea,2026-06-07T14:13:48.517Z,instance-3,A,burst,heavy,heavy,k6,Exp_A_09,374,POST,/api/heavy,heavy,0.01,71.43,63.71,131,24.32,71.43,4869.57,7241.88,7483.97,2.6,0,2646.71,200
e04a2cc7-b7f4-47d6-a58c-607c554f6e5d,2026-06-07T14:13:48.517Z,instance-3,A,burst,heavy,heavy,k6,Exp_A_09,278,POST,/api/heavy,heavy,0.01,71.43,63.71,132,24.32,71.43,4869.57,7241.88,7483.97,2.8,0,2828.38,200
a26b1359-f442-4941-9aa7-41470cef3ce3,2026-06-07T14:13:48.519Z,instance-3,A,burst,heavy,heavy,k6,Exp_A_09,201,POST,/api/heavy,heavy,0.01,71.43,63.71,133,24.32,71.43,4869.57,7241.88,7483.97,3,0,3012.55,200
2ab779fe-3241-46c2-90ea-dff30ed4cf6a,2026-06-07T14:13:48.519Z,instance-3,A,burst,heavy,heavy,k6,Exp_A_09,5,POST,/api/heavy,heavy,0.01,71.43,63.71,134,24.32,71.43,4869.57,7241.88,7483.97,3.2,0,3226.04,200
23e79ab0-fab5-48e4-9df1-c1695408fc67,2026-06-07T14:13:48.520Z,instance-3,A,burst,heavy,heavy,k6,Exp_A_09,35,POST,/api/heavy,heavy,0.01,71.43,63.71,135,24.32,71.43,4869.57,7241.88,7483.97,3.4,0,3426.65,200
242e2a55-d3f8-423f-a93a-413488f0ed33,2026-06-07T14:13:48.520Z,instance-3,A,burst,heavy,heavy,k6,Exp_A_09,38,POST,/api/heavy,heavy,0.01,71.43,63.71,136,24.32,71.43,4869.57,7241.88,7483.97,3.6,0,3621.66,200
f61218a8-94d5-49ba-aa07-c4b252962c3e,2026-06-07T14:13:48.521Z,instance-3,A,burst,heavy,heavy,k6,Exp_A_09,125,POST,/api/heavy,heavy,0.01,71.43,63.71,137,24.32,71.43,4869.57,7241.88,7483.97,3.8,0,3815.84,200
4e61fae1-0c24-426e-8c26-f6fb23d6d159,2026-06-07T14:13:48.521Z,instance-3,A,burst,heavy,heavy,k6,Exp_A_09,42,POST,/api/heavy,heavy,0.01,71.43,63.71,138,24.32,71.43,4869.57,7241.88,7483.97,4,0,4034.02,200
276cec85-9db6-4c0e-b23a-cac821125258,2026-06-07T14:13:48.522Z,instance-3,A,burst,heavy,heavy,k6,Exp_A_09,259,POST,/api/heavy,heavy,0.01,71.43,63.71,139,24.32,71.43,4869.57,7241.88,7483.97,4.2,0,4216.4,200
a54b235e-29f0-40d9-ac6c-d7a0142854d7,2026-06-07T14:13:48.522Z,instance-3,A,burst,heavy,heavy,k6,Exp_A_09,214,POST,/api/heavy,heavy,0.01,71.43,63.71,140,24.32,71.43,4869.57,7241.88,7483.97,4.4,0,4422.33,200
c1020ff3-b5c0-4909-9f29-7091953e16d5,2026-06-07T14:13:48.523Z,instance-3,A,burst,heavy,heavy,k6,Exp_A_09,58,POST,/api/heavy,heavy,0.01,71.43,63.71,141,24.32,71.43,4869.57,7241.88,7483.97,4.6,0,4600.04,200
180ec65f-1721-4641-9cc4-63ee63f9130a,2026-06-07T14:13:48.523Z,instance-3,A,burst,heavy,heavy,k6,Exp_A_09,156,POST,/api/heavy,heavy,0.01,71.43,63.71,142,24.32,71.43,4869.57,7241.88,7483.97,4.8,0,4777.85,200
f057399a-fdbc-4c9b-82af-1c495db10e0b,2026-06-07T14:13:48.524Z,instance-3,A,burst,heavy,heavy,k6,Exp_A_09,334,POST,/api/heavy,heavy,0.01,71.43,63.71,143,24.32,71.43,4869.57,7241.88,7483.97,5,0,4955.09,200
da4fe100-be06-4529-9135-4cdaa95be4ea,2026-06-07T14:13:48.524Z,instance-3,A,burst,heavy,heavy,k6,Exp_A_09,320,POST,/api/heavy,heavy,0.01,71.43,63.71,144,24.32,71.43,4869.57,7241.88,7483.97,5.2,0,5156.21,200
112a15c7-cffa-4dba-a48a-76228b10d8a7,2026-06-07T14:13:48.525Z,instance-3,A,burst,heavy,heavy,k6,Exp_A_09,349,POST,/api/heavy,heavy,0.01,71.43,63.71,145,24.32,71.43,4869.57,7241.88,7483.97,5.4,0,5347,200
737f0147-d11a-422d-80b1-aa8a7985dba1,2026-06-07T14:13:48.525Z,instance-3,A,burst,heavy,heavy,k6,Exp_A_09,26,POST,/api/heavy,heavy,0.01,71.43,63.71,146,24.32,71.43,4869.57,7241.88,7483.97,5.6,0,5528.95,200
32ebbec1-44a1-408f-8601-a2904e96d2a5,2026-06-07T14:13:48.526Z,instance-3,A,burst,heavy,heavy,k6,Exp_A_09,290,POST,/api/heavy,heavy,0.01,71.43,63.71,147,24.32,71.43,4869.57,7241.88,7483.97,5.8,0,5703.3,200
c738a662-d74a-4404-8939-ba6ce04bae7c,2026-06-07T14:13:48.526Z,instance-3,A,burst,heavy,heavy,k6,Exp_A_09,234,POST,/api/heavy,heavy,0.01,71.43,63.71,148,24.32,71.43,4869.57,7241.88,7483.97,6,0,5910.45,200
1febe3ef-db2a-4827-8d00-6f93dcc48623,2026-06-07T14:13:48.527Z,instance-3,A,burst,heavy,heavy,k6,Exp_A_09,309,POST,/api/heavy,heavy,0.01,71.43,63.71,149,24.32,71.43,4869.57,7241.88,7483.97,6.2,0,6121,200
b51886d6-317f-46dc-a98f-d336b253e2fd,2026-06-07T14:13:48.527Z,instance-3,A,burst,heavy,heavy,k6,Exp_A_09,183,POST,/api/heavy,heavy,0.01,71.43,63.71,150,24.32,71.43,4869.57,7241.88,7483.97,6.4,0,6303.16,200
1c226339-d8df-4ae1-be91-b0678dc3a23e,2026-06-07T14:13:58.176Z,instance-2,A,burst,heavy,heavy,k6,Exp_A_09,92,POST,/api/heavy,heavy,0.01,97.13,62.83,199,28.84,97.13,11596.75,13909.03,13909.03,1.8,0,1481.53,200
24c36fae-89dc-4a59-aa31-9cf86de4d597,2026-06-07T14:13:40.374Z,instance-1,A,burst,heavy,heavy,k6,Exp_A_09,45,POST,/api/heavy,heavy,0.01,130.94,63.16,160,17.31,130.94,2834.71,5181.41,5358.39,8.6,0,8789.99,200
10b1f3d0-40e4-4c19-aa3e-f76e978c2451,2026-06-07T14:13:58.176Z,instance-2,A,burst,heavy,heavy,k6,Exp_A_09,194,POST,/api/heavy,heavy,0.01,97.13,62.83,200,28.84,97.13,11596.75,13909.03,13909.03,2,0,1630.3,200
c002c5e2-d559-459c-9138-3d43fb6032f8,2026-06-07T14:13:58.176Z,instance-2,A,burst,heavy,heavy,k6,Exp_A_09,151,POST,/api/heavy,heavy,0.01,97.13,62.83,201,28.84,97.13,11596.75,13909.03,13909.03,2.2,0,1785.08,200
6a7f53dc-7541-4325-81eb-e8e42a8ea9aa,2026-06-07T14:13:58.177Z,instance-2,A,burst,heavy,heavy,k6,Exp_A_09,61,POST,/api/heavy,heavy,0.01,97.13,62.83,202,28.84,97.13,11596.75,13909.03,13909.03,2.4,0,1978.88,200
010767f0-ef47-4573-8eb4-9e280971588c,2026-06-07T14:13:58.177Z,instance-2,A,burst,heavy,heavy,k6,Exp_A_09,26,POST,/api/heavy,heavy,0.01,97.13,62.83,203,28.84,97.13,11596.75,13909.03,13909.03,2.6,0,2186.47,200
2ce58aee-ed00-4d71-874d-0b2dd1d65498,2026-06-07T14:14:00.374Z,instance-2,A,burst,heavy,heavy,k6,Exp_A_09,5,POST,/api/heavy,heavy,0.01,314.8,62.94,199,17.02,205.97,1812.45,2186.47,2186.47,2.8,0,192.6,200
767b1b5f-27b3-43d2-b3fe-854510880d0e,2026-06-07T14:14:00.375Z,instance-2,A,burst,heavy,heavy,k6,Exp_A_09,48,POST,/api/heavy,heavy,0.01,314.8,62.94,200,17.02,205.97,1812.45,2186.47,2186.47,3,0,412,200
c1b8f4f4-fb5f-4b53-8963-77d5e22beb46,2026-06-07T14:14:00.375Z,instance-2,A,burst,heavy,heavy,k6,Exp_A_09,35,POST,/api/heavy,heavy,0.01,314.8,62.94,201,17.02,205.97,1812.45,2186.47,2186.47,3.2,0,633.27,200
d7c3f74c-de9d-4981-b702-1d573a549e2d,2026-06-07T14:14:00.376Z,instance-2,A,burst,heavy,heavy,k6,Exp_A_09,244,POST,/api/heavy,heavy,0.01,314.8,62.94,202,17.02,205.97,1812.45,2186.47,2186.47,3.4,0,801.35,200
dda7190d-d0ae-4991-b538-8e23d043ba0a,2026-06-07T14:14:01.179Z,instance-2,A,burst,heavy,heavy,k6,Exp_A_09,42,POST,/api/heavy,heavy,0.01,609.4,62.94,199,12.29,340.44,1233.5,2186.47,2186.47,3.6,0,197.07,200
1fb0991a-bf4c-4c27-b9b7-63c158515734,2026-06-07T14:14:01.180Z,instance-2,A,burst,heavy,heavy,k6,Exp_A_09,181,POST,/api/heavy,heavy,0.01,609.4,62.94,200,12.29,340.44,1233.5,2186.47,2186.47,3.8,0,361.11,200
a679455c-1b0c-4de0-af3d-1051952509d5,2026-06-07T14:14:01.180Z,instance-2,A,burst,heavy,heavy,k6,Exp_A_09,194,POST,/api/heavy,heavy,0.01,609.4,62.94,201,12.29,340.44,1233.5,2186.47,2186.47,4,0,552.79,200
0765494c-40d3-4bf7-92b7-691d1b4274c9,2026-06-07T14:14:01.181Z,instance-2,A,burst,heavy,heavy,k6,Exp_A_09,28,POST,/api/heavy,heavy,0.01,609.4,62.94,202,12.29,340.44,1233.5,2186.47,2186.47,4.2,0,739.33,200
44a965e3-5150-4857-aa3b-d87a7c4c0ac5,2026-06-07T14:14:01.182Z,instance-2,A,burst,heavy,heavy,k6,Exp_A_09,151,POST,/api/heavy,heavy,0.01,609.4,62.94,203,12.29,340.44,1233.5,2186.47,2186.47,4.4,0,929.05,200
b31881d6-7b03-4d47-8751-967cbde27040,2026-06-07T14:14:02.121Z,instance-2,A,burst,heavy,heavy,k6,Exp_A_09,110,POST,/api/heavy,heavy,0.01,215.7,62.95,199,4.08,309.26,991.49,2186.47,2186.47,4.6,0,307.09,200
33409215-227e-4346-9f41-29646d101fff,2026-06-07T14:14:02.121Z,instance-2,A,burst,heavy,heavy,k6,Exp_A_09,55,POST,/api/heavy,heavy,0.01,215.7,62.95,200,4.08,309.26,991.49,2186.47,2186.47,4.8,0,553.4,200
e04f0b65-f4ea-483f-91d3-e3c4a2aa54ca,2026-06-07T14:14:02.122Z,instance-2,A,burst,heavy,heavy,k6,Exp_A_09,5,POST,/api/heavy,heavy,0.01,215.7,62.95,201,4.08,309.26,991.49,2186.47,2186.47,5,0,760.52,200
b912b6e3-08fc-442f-a98d-3c36726ce428,2026-06-07T14:14:02.122Z,instance-2,A,burst,heavy,heavy,k6,Exp_A_09,48,POST,/api/heavy,heavy,0.01,215.7,62.95,202,4.08,309.26,991.49,2186.47,2186.47,5.2,0,990.83,200
757378e5-2fc4-486b-aadb-c7054e00fbbd,2026-06-07T14:14:02.123Z,instance-2,A,burst,heavy,heavy,k6,Exp_A_09,144,POST,/api/heavy,heavy,0.01,215.7,62.95,203,4.08,309.26,991.49,2186.47,2186.47,5.4,0,1193.66,200
b0c5e2d1-5752-4ad3-922b-504d6d02c61d,2026-06-07T14:14:02.123Z,instance-2,A,burst,heavy,heavy,k6,Exp_A_09,35,POST,/api/heavy,heavy,0.01,215.7,62.95,204,4.08,309.26,991.49,2186.47,2186.47,5.6,0,1352.72,200
b2cc1671-10cd-44a4-87f6-a1da8ed03192,2026-06-07T14:14:02.124Z,instance-2,A,burst,heavy,heavy,k6,Exp_A_09,152,POST,/api/heavy,heavy,0.01,215.7,62.95,205,4.08,309.26,991.49,2186.47,2186.47,5.8,0,1546.91,200
c95216d3-077b-42c5-b57a-ab4cf51c0098,2026-06-07T14:14:02.124Z,instance-2,A,burst,heavy,heavy,k6,Exp_A_09,147,POST,/api/heavy,heavy,0.01,215.7,62.95,206,4.08,309.26,991.49,2186.47,2186.47,6,0,1737.29,200
48a085a4-8c78-4847-ba2b-3a264bc10497,2026-06-07T14:13:54.857Z,instance-3,A,burst,heavy,heavy,k6,Exp_A_09,213,POST,/api/heavy,heavy,0.01,104.95,63.73,169,33.44,104.95,3897.9,6121,6303.16,10.2,0,1.02,503
f7a76928-43c7-4230-a136-d010b96caf5b,2026-06-07T14:13:54.859Z,instance-3,A,burst,heavy,heavy,k6,Exp_A_09,81,POST,/api/heavy,heavy,0.01,104.95,63.73,169,33.44,104.95,3753.57,6121,6303.16,10.4,1.92,0.45,503
c62e3d7f-321d-4546-a61b-149066877fe2,2026-06-07T14:13:54.860Z,instance-3,A,burst,heavy,heavy,k6,Exp_A_09,245,POST,/api/heavy,heavy,0.01,104.95,63.73,169,33.44,104.95,3619.53,6121,6303.16,10.6,3.77,0.36,503
d82b0ded-9171-4726-9792-ecc70997f27e,2026-06-07T14:13:54.861Z,instance-3,A,burst,heavy,heavy,k6,Exp_A_09,51,POST,/api/heavy,heavy,0.01,104.95,63.73,169,33.44,104.95,3494.73,6121,6303.16,10.8,5.56,0.49,503
d2e2768f-507f-4adf-94f5-c0c1fb16c5c0,2026-06-07T14:13:54.862Z,instance-3,A,burst,heavy,heavy,k6,Exp_A_09,337,POST,/api/heavy,heavy,0.01,104.95,63.73,169,33.44,104.95,3378.26,6121,6303.16,11,7.27,1.09,503
ae1045f6-8031-4719-a433-2e364644f0a0,2026-06-07T14:13:54.864Z,instance-3,A,burst,heavy,heavy,k6,Exp_A_09,34,POST,/api/heavy,heavy,0.01,104.95,63.73,169,33.44,104.95,3269.32,6121,6303.16,11.2,8.93,0.49,503
795bedb4-79fc-4a8e-9f07-a2d64a41b7a7,2026-06-07T14:13:54.865Z,instance-3,A,burst,heavy,heavy,k6,Exp_A_09,30,POST,/api/heavy,heavy,0.01,104.95,63.73,169,33.44,104.95,3167.17,6121,6303.16,11.4,10.53,0.53,503
07ddb0f4-003d-4153-8da6-780386b0f669,2026-06-07T14:13:54.867Z,instance-3,A,burst,heavy,heavy,k6,Exp_A_09,368,POST,/api/heavy,heavy,0.01,104.95,63.73,169,33.44,104.95,3071.21,6121,6303.16,11.6,12.07,0.41,503
d88928f4-2c51-4cd4-a951-1b09cf4cdb18,2026-06-07T14:13:54.868Z,instance-3,A,burst,heavy,heavy,k6,Exp_A_09,108,POST,/api/heavy,heavy,0.01,104.95,63.73,169,33.44,104.95,2980.89,6121,6303.16,11.8,13.56,0.46,503
9ac8a371-7d0f-4dc5-87cf-25389b5ebbcc,2026-06-07T14:13:54.869Z,instance-3,A,burst,heavy,heavy,k6,Exp_A_09,262,POST,/api/heavy,heavy,0.01,104.95,63.73,169,33.44,104.95,2895.74,6121,6303.16,12,15,0.36,503
616b5026-e6e3-4a83-b410-42f7833d67f1,2026-06-07T14:13:54.845Z,instance-3,A,burst,heavy,heavy,k6,Exp_A_09,142,POST,/api/heavy,heavy,0.01,104.95,63.73,119,33.44,104.95,3897.9,6121,6303.16,0.2,0,222.4,200
fd0fc3da-7619-459b-b159-fae52cea0041,2026-06-07T14:13:54.846Z,instance-3,A,burst,heavy,heavy,k6,Exp_A_09,170,POST,/api/heavy,heavy,0.01,104.95,63.73,120,33.44,104.95,3897.9,6121,6303.16,0.4,0,427.61,200
b043ad47-938d-440d-813b-73256a77cd62,2026-06-07T14:13:54.846Z,instance-3,A,burst,heavy,heavy,k6,Exp_A_09,299,POST,/api/heavy,heavy,0.01,104.95,63.73,121,33.44,104.95,3897.9,6121,6303.16,0.6,0,683.52,200
c7890974-0668-4658-b0f1-12c9bf310df7,2026-06-07T14:13:54.846Z,instance-3,A,burst,heavy,heavy,k6,Exp_A_09,128,POST,/api/heavy,heavy,0.01,104.95,63.73,122,33.44,104.95,3897.9,6121,6303.16,0.8,0,862.53,200
ad3b6af8-58d3-4e10-994b-723bd52a8e4a,2026-06-07T14:13:54.846Z,instance-3,A,burst,heavy,heavy,k6,Exp_A_09,101,POST,/api/heavy,heavy,0.01,104.95,63.73,123,33.44,104.95,3897.9,6121,6303.16,1,0,1057.97,200
149cc5f3-8a6a-440b-a228-677d77a160bb,2026-06-07T14:13:54.846Z,instance-3,A,burst,heavy,heavy,k6,Exp_A_09,46,POST,/api/heavy,heavy,0.01,104.95,63.73,124,33.44,104.95,3897.9,6121,6303.16,1.2,0,1244.06,200
6ea31fcc-809c-464c-b9b5-98c02285a25a,2026-06-07T14:13:54.846Z,instance-3,A,burst,heavy,heavy,k6,Exp_A_09,287,POST,/api/heavy,heavy,0.01,104.95,63.73,125,33.44,104.95,3897.9,6121,6303.16,1.4,0,1478.63,200
132971e7-9b92-4f49-abbb-1fb286f0e07d,2026-06-07T14:13:54.847Z,instance-3,A,burst,heavy,heavy,k6,Exp_A_09,200,POST,/api/heavy,heavy,0.01,104.95,63.73,126,33.44,104.95,3897.9,6121,6303.16,1.6,0,1775.73,200
27db0c19-e714-4b4e-9be6-3dbe48d25abe,2026-06-07T14:13:54.847Z,instance-3,A,burst,heavy,heavy,k6,Exp_A_09,223,POST,/api/heavy,heavy,0.01,104.95,63.73,127,33.44,104.95,3897.9,6121,6303.16,1.8,0,1994.18,200
a60a112a-206d-4289-b6f4-48c0bed23c3f,2026-06-07T14:13:54.847Z,instance-3,A,burst,heavy,heavy,k6,Exp_A_09,176,POST,/api/heavy,heavy,0.01,104.95,63.73,128,33.44,104.95,3897.9,6121,6303.16,2,0,2178.7,200
5461dedd-cd50-459f-96a1-5c2025bdd067,2026-06-07T14:13:54.847Z,instance-3,A,burst,heavy,heavy,k6,Exp_A_09,143,POST,/api/heavy,heavy,0.01,104.95,63.73,129,33.44,104.95,3897.9,6121,6303.16,2.2,0,2350.89,200
1d3cbb5c-d20e-4241-a25e-51797c9fc7bf,2026-06-07T14:13:54.847Z,instance-3,A,burst,heavy,heavy,k6,Exp_A_09,22,POST,/api/heavy,heavy,0.01,104.95,63.73,130,33.44,104.95,3897.9,6121,6303.16,2.4,0,2556.45,200
6cef00ce-a0c3-491b-835b-590f9a352fea,2026-06-07T14:13:54.847Z,instance-3,A,burst,heavy,heavy,k6,Exp_A_09,275,POST,/api/heavy,heavy,0.01,104.95,63.73,131,33.44,104.95,3897.9,6121,6303.16,2.6,0,2716.14,200
578376ac-aa2c-483d-9a0e-ea31b8c8a2bc,2026-06-07T14:13:54.847Z,instance-3,A,burst,heavy,heavy,k6,Exp_A_09,137,POST,/api/heavy,heavy,0.01,104.95,63.73,132,33.44,104.95,3897.9,6121,6303.16,2.8,0,2911.96,200
0ab98c60-99b5-482f-8f8e-e9f9afb558bd,2026-06-07T14:13:54.848Z,instance-3,A,burst,heavy,heavy,k6,Exp_A_09,243,POST,/api/heavy,heavy,0.01,104.95,63.73,133,33.44,104.95,3897.9,6121,6303.16,3,0,3090.84,200
7f37a7a8-b033-401c-ab47-fbcc6cf97617,2026-06-07T14:13:54.848Z,instance-3,A,burst,heavy,heavy,k6,Exp_A_09,225,POST,/api/heavy,heavy,0.01,104.95,63.73,134,33.44,104.95,3897.9,6121,6303.16,3.2,0,3231.33,200
acae5d02-af6c-48e4-8853-2b8c826b5ec9,2026-06-07T14:13:54.848Z,instance-3,A,burst,heavy,heavy,k6,Exp_A_09,278,POST,/api/heavy,heavy,0.01,104.95,63.73,135,33.44,104.95,3897.9,6121,6303.16,3.4,0,3420.61,200
f2f78e20-fec9-41fd-b1fe-bbb99692be33,2026-06-07T14:13:54.848Z,instance-3,A,burst,heavy,heavy,k6,Exp_A_09,201,POST,/api/heavy,heavy,0.01,104.95,63.73,136,33.44,104.95,3897.9,6121,6303.16,3.6,0,3605.8,200
e6571859-f5ec-4b69-80dd-d95dadc0697f,2026-06-07T14:13:54.848Z,instance-3,A,burst,heavy,heavy,k6,Exp_A_09,253,POST,/api/heavy,heavy,0.01,104.95,63.73,137,33.44,104.95,3897.9,6121,6303.16,3.8,0,3821.18,200
fbee182c-b5f6-46af-8ad4-80a3d58c77cd,2026-06-07T14:13:54.849Z,instance-3,A,burst,heavy,heavy,k6,Exp_A_09,5,POST,/api/heavy,heavy,0.01,104.95,63.73,138,33.44,104.95,3897.9,6121,6303.16,4,0,4019.52,200
0304406a-bc30-414d-bed0-c5e3e5d04cfd,2026-06-07T14:13:54.849Z,instance-3,A,burst,heavy,heavy,k6,Exp_A_09,35,POST,/api/heavy,heavy,0.01,104.95,63.73,139,33.44,104.95,3897.9,6121,6303.16,4.2,0,4210.6,200
8e7745cd-f105-4189-8752-65fbd6ebf573,2026-06-07T14:13:54.850Z,instance-3,A,burst,heavy,heavy,k6,Exp_A_09,244,POST,/api/heavy,heavy,0.01,104.95,63.73,140,33.44,104.95,3897.9,6121,6303.16,4.4,0,4406.62,200
430862bc-70f5-4956-9c1a-6b4c91f427e1,2026-06-07T14:13:54.850Z,instance-3,A,burst,heavy,heavy,k6,Exp_A_09,42,POST,/api/heavy,heavy,0.01,104.95,63.73,141,33.44,104.95,3897.9,6121,6303.16,4.6,0,4628.24,200
91ccbefd-3a39-4981-bbc5-249da0d747e7,2026-06-07T14:13:54.850Z,instance-3,A,burst,heavy,heavy,k6,Exp_A_09,298,POST,/api/heavy,heavy,0.01,104.95,63.73,142,33.44,104.95,3897.9,6121,6303.16,4.8,0,4797.27,200
bbf7a333-9c72-4aa2-92ef-d19fdc349fb3,2026-06-07T14:13:54.850Z,instance-3,A,burst,heavy,heavy,k6,Exp_A_09,259,POST,/api/heavy,heavy,0.01,104.95,63.73,143,33.44,104.95,3897.9,6121,6303.16,5,0,4992.66,200
19e3f15a-2340-40c8-86a9-652f3f21eac2,2026-06-07T14:13:54.850Z,instance-3,A,burst,heavy,heavy,k6,Exp_A_09,31,POST,/api/heavy,heavy,0.01,104.95,63.73,144,33.44,104.95,3897.9,6121,6303.16,5.2,0,5196.88,200
07692b18-2547-417f-9f3e-40cb881315fb,2026-06-07T14:13:54.851Z,instance-3,A,burst,heavy,heavy,k6,Exp_A_09,110,POST,/api/heavy,heavy,0.01,104.95,63.73,145,33.44,104.95,3897.9,6121,6303.16,5.4,0,5389.63,200
9a651e47-12be-44ae-98fd-5ddb22535976,2026-06-07T14:13:54.851Z,instance-3,A,burst,heavy,heavy,k6,Exp_A_09,80,POST,/api/heavy,heavy,0.01,104.95,63.73,146,33.44,104.95,3897.9,6121,6303.16,5.6,0,5617.1,200
8ffe56ce-36e6-4c12-a41e-ad4bad94777b,2026-06-07T14:13:54.851Z,instance-3,A,burst,heavy,heavy,k6,Exp_A_09,260,POST,/api/heavy,heavy,0.01,104.95,63.73,147,33.44,104.95,3897.9,6121,6303.16,5.8,0,5824.56,200
9d838b5b-07bf-467d-95b9-54f7547c6bc3,2026-06-07T14:13:54.851Z,instance-3,A,burst,heavy,heavy,k6,Exp_A_09,144,POST,/api/heavy,heavy,0.01,104.95,63.73,148,33.44,104.95,3897.9,6121,6303.16,6,0,5996.9,200
8ce5cb85-4c80-4c3a-b5b0-8d512e3c4e14,2026-06-07T14:13:54.851Z,instance-3,A,burst,heavy,heavy,k6,Exp_A_09,82,POST,/api/heavy,heavy,0.01,104.95,63.73,149,33.44,104.95,3897.9,6121,6303.16,6.2,0,6154.19,200
4842cecb-5c22-463a-929b-7a7a3df08062,2026-06-07T14:13:54.851Z,instance-3,A,burst,heavy,heavy,k6,Exp_A_09,10,POST,/api/heavy,heavy,0.01,104.95,63.73,150,33.44,104.95,3897.9,6121,6303.16,6.4,0,6352.13,200
6b9f33a2-9ccf-49c9-9e53-4229648cfc97,2026-06-07T14:13:54.851Z,instance-3,A,burst,heavy,heavy,k6,Exp_A_09,182,POST,/api/heavy,heavy,0.01,104.95,63.73,151,33.44,104.95,3897.9,6121,6303.16,6.6,0,6536.84,200
3ae58d23-aa71-4902-9190-626933c6cab6,2026-06-07T14:13:54.852Z,instance-3,A,burst,heavy,heavy,k6,Exp_A_09,242,POST,/api/heavy,heavy,0.01,104.95,63.73,152,33.44,104.95,3897.9,6121,6303.16,6.8,0,6734.52,200
41ef8cf6-c5e5-414e-bd13-c7f40b023509,2026-06-07T14:13:54.852Z,instance-3,A,burst,heavy,heavy,k6,Exp_A_09,204,POST,/api/heavy,heavy,0.01,104.95,63.73,153,33.44,104.95,3897.9,6121,6303.16,7,0,6928.32,200
a4b459c6-17e2-43cb-81c9-7dbc9fb0c463,2026-06-07T14:13:54.852Z,instance-3,A,burst,heavy,heavy,k6,Exp_A_09,157,POST,/api/heavy,heavy,0.01,104.95,63.73,154,33.44,104.95,3897.9,6121,6303.16,7.2,0,7120,200
ff20eec5-c066-4393-84fc-ac06f12aa05c,2026-06-07T14:13:54.852Z,instance-3,A,burst,heavy,heavy,k6,Exp_A_09,203,POST,/api/heavy,heavy,0.01,104.95,63.73,155,33.44,104.95,3897.9,6121,6303.16,7.4,0,7313.11,200
c7cc293f-e61a-488c-8e9b-6b8a695ea10e,2026-06-07T14:13:54.852Z,instance-3,A,burst,heavy,heavy,k6,Exp_A_09,367,POST,/api/heavy,heavy,0.01,104.95,63.73,156,33.44,104.95,3897.9,6121,6303.16,7.6,0,7627.33,200
d4d5741c-db40-4def-b0bf-d2d7d835f216,2026-06-07T14:14:03.871Z,instance-2,A,burst,heavy,heavy,k6,Exp_A_09,182,POST,/api/heavy,heavy,0.01,215.7,62.95,199,13.07,309.26,1014.69,1978.88,2186.47,3.6,0,199.43,200
994507c8-50fb-420d-8236-48e755888749,2026-06-07T14:14:03.872Z,instance-2,A,burst,heavy,heavy,k6,Exp_A_09,194,POST,/api/heavy,heavy,0.01,215.7,62.95,200,13.07,309.26,1014.69,1978.88,2186.47,3.8,0,397.33,200
ec866ee5-dc3a-4e2f-9ebe-6c71e2fb7401,2026-06-07T14:14:03.873Z,instance-2,A,burst,heavy,heavy,k6,Exp_A_09,255,POST,/api/heavy,heavy,0.01,215.7,62.95,201,13.07,309.26,1014.69,1978.88,2186.47,4,0,591.32,200
d609591f-7202-4b52-8790-6ebecbdca701,2026-06-07T14:14:03.873Z,instance-2,A,burst,heavy,heavy,k6,Exp_A_09,43,POST,/api/heavy,heavy,0.01,215.7,62.95,202,13.07,309.26,1014.69,1978.88,2186.47,4.2,0,754.08,200
bfb082a3-186c-4cf2-bc53-a8f45885987c,2026-06-07T14:14:03.874Z,instance-2,A,burst,heavy,heavy,k6,Exp_A_09,110,POST,/api/heavy,heavy,0.01,215.7,62.95,203,13.07,309.26,1014.69,1978.88,2186.47,4.4,0,941.34,200
3c7d0224-7dc0-4e25-93a9-cfcdf6fc7325,2026-06-07T14:14:03.874Z,instance-2,A,burst,heavy,heavy,k6,Exp_A_09,235,POST,/api/heavy,heavy,0.01,215.7,62.95,204,13.07,309.26,1014.69,1978.88,2186.47,4.6,0,1154.28,200
84e3ab58-c9ea-4a71-a18f-cfa0954850da,2026-06-07T14:14:03.875Z,instance-2,A,burst,heavy,heavy,k6,Exp_A_09,42,POST,/api/heavy,heavy,0.01,215.7,62.95,205,13.07,309.26,1014.69,1978.88,2186.47,4.8,0,1347.75,200
c1f26c0e-3149-4941-9040-6998d3f5870e,2026-06-07T14:14:03.875Z,instance-2,A,burst,heavy,heavy,k6,Exp_A_09,157,POST,/api/heavy,heavy,0.01,215.7,62.95,206,13.07,309.26,1014.69,1978.88,2186.47,5,0,1519.07,200
9b5183e9-2ac2-403f-b2f0-5a578c1ddc10,2026-06-07T14:13:40.374Z,instance-1,A,burst,heavy,heavy,k6,Exp_A_09,270,POST,/api/heavy,heavy,0.01,130.94,63.16,161,17.31,130.94,2834.71,5181.41,5358.39,8.8,0,8994.52,200
43929998-80cf-4285-8d51-0f2bf8c115b8,2026-06-07T14:13:40.374Z,instance-1,A,burst,heavy,heavy,k6,Exp_A_09,261,POST,/api/heavy,heavy,0.01,130.94,63.16,162,17.31,130.94,2834.71,5181.41,5358.39,9,0,9210.39,200
00d53a81-54bf-4dd3-8a17-5d43e0630d61,2026-06-07T14:13:40.375Z,instance-1,A,burst,heavy,heavy,k6,Exp_A_09,361,POST,/api/heavy,heavy,0.01,130.94,63.16,163,17.31,130.94,2834.71,5181.41,5358.39,9.2,0,9412.16,200
dbda5112-4fbe-475c-ba5f-0657e0673b0c,2026-06-07T14:13:40.375Z,instance-1,A,burst,heavy,heavy,k6,Exp_A_09,196,POST,/api/heavy,heavy,0.01,130.94,63.16,164,17.31,130.94,2834.71,5181.41,5358.39,9.4,0,9623.92,200
09f7f4aa-94ba-4eb5-9a24-4a8c0c26f637,2026-06-07T14:13:40.375Z,instance-1,A,burst,heavy,heavy,k6,Exp_A_09,41,POST,/api/heavy,heavy,0.01,130.94,63.16,165,17.31,130.94,2834.71,5181.41,5358.39,9.6,0,9840.9,200
59a44053-37d6-45b1-9fc5-d5c3f75a5a66,2026-06-07T14:13:40.375Z,instance-1,A,burst,heavy,heavy,k6,Exp_A_09,299,POST,/api/heavy,heavy,0.01,130.94,63.16,166,17.31,130.94,2834.71,5181.41,5358.39,9.8,0,10077.04,200
8d9534e5-6fca-4559-816e-36242ea730d4,2026-06-07T14:13:40.375Z,instance-1,A,burst,heavy,heavy,k6,Exp_A_09,101,POST,/api/heavy,heavy,0.01,130.94,63.16,167,17.31,130.94,2834.71,5181.41,5358.39,10,0,10263.96,200
0671b67d-da91-440a-9457-5ab56f56aa2d,2026-06-07T14:13:50.674Z,instance-1,A,burst,heavy,heavy,k6,Exp_A_09,240,POST,/api/heavy,heavy,0.01,47.34,63.16,168,38.99,47.34,7805,10077.04,10263.96,10.2,17.65,0.36,503
fc95d2a5-acf9-468e-bd77-7ef81287b4b5,2026-06-07T14:13:50.675Z,instance-1,A,burst,heavy,heavy,k6,Exp_A_09,324,POST,/api/heavy,heavy,0.01,47.34,63.16,168,38.99,47.34,7479.81,10077.04,10263.96,10.4,1.92,0.47,503
d7a6dda2-b58a-4ef2-9c51-b5c045f38af0,2026-06-07T14:13:50.676Z,instance-1,A,burst,heavy,heavy,k6,Exp_A_09,119,POST,/api/heavy,heavy,0.01,47.34,63.16,168,38.99,47.34,7180.64,10077.04,10263.96,10.6,3.77,0.33,503
2dca20f6-0a31-430a-9f18-d6efd169e1e0,2026-06-07T14:13:50.677Z,instance-1,A,burst,heavy,heavy,k6,Exp_A_09,363,POST,/api/heavy,heavy,0.01,47.34,63.16,168,38.99,47.34,6904.47,10077.04,10263.96,10.8,5.56,0.36,503
b532606d-f52a-4a9d-acdc-b8cc238cfd59,2026-06-07T14:13:50.677Z,instance-1,A,burst,heavy,heavy,k6,Exp_A_09,346,POST,/api/heavy,heavy,0.01,47.34,63.16,168,38.99,47.34,6648.76,10077.04,10263.96,11,7.27,0.36,503
d5dc221f-9f2c-4ac2-9849-94a3fffb2176,2026-06-07T14:13:50.678Z,instance-1,A,burst,heavy,heavy,k6,Exp_A_09,75,POST,/api/heavy,heavy,0.01,47.34,63.16,168,38.99,47.34,6411.32,10077.04,10263.96,11.2,8.93,0.33,503
844d4042-9226-4366-be4d-68223c034090,2026-06-07T14:13:50.680Z,instance-1,A,burst,heavy,heavy,k6,Exp_A_09,17,POST,/api/heavy,heavy,0.01,47.34,63.16,168,38.99,47.34,6190.25,10077.04,10263.96,11.4,10.53,0.47,503
144f309c-5d9c-4422-955d-abef08fc806c,2026-06-07T14:13:50.682Z,instance-1,A,burst,heavy,heavy,k6,Exp_A_09,319,POST,/api/heavy,heavy,0.01,47.34,63.16,168,38.99,47.34,5983.93,10077.04,10263.96,11.6,12.07,0.64,503
a2e4dea5-11e0-47fa-a24e-82fbcd07d48a,2026-06-07T14:13:50.683Z,instance-1,A,burst,heavy,heavy,k6,Exp_A_09,276,POST,/api/heavy,heavy,0.01,47.34,63.16,168,38.99,47.34,5790.92,10077.04,10263.96,11.8,13.56,0.36,503
2c17c261-1ce2-43bc-b51c-6cbd6bcc944a,2026-06-07T14:13:50.662Z,instance-1,A,burst,heavy,heavy,k6,Exp_A_09,169,POST,/api/heavy,heavy,0.01,47.34,63.16,118,38.99,47.34,7805,10077.04,10263.96,0.2,900,201.53,200
73158761-432c-4a3b-8ef6-1522675b64bb,2026-06-07T14:13:50.662Z,instance-1,A,burst,heavy,heavy,k6,Exp_A_09,3,POST,/api/heavy,heavy,0.01,47.34,63.16,119,38.99,47.34,7805,10077.04,10263.96,0.4,450,411.26,200
59641260-0afe-4606-b859-9c00d882ae16,2026-06-07T14:13:50.663Z,instance-1,A,burst,heavy,heavy,k6,Exp_A_09,207,POST,/api/heavy,heavy,0.01,47.34,63.16,120,38.99,47.34,7805,10077.04,10263.96,0.6,300,604.57,200
1389ec45-0a32-41da-8cb9-a1fa8b27df30,2026-06-07T14:13:50.663Z,instance-1,A,burst,heavy,heavy,k6,Exp_A_09,61,POST,/api/heavy,heavy,0.01,47.34,63.16,121,38.99,47.34,7805,10077.04,10263.96,0.8,225,774.68,200
f777a561-4e4d-43af-a0ea-72d09b54abcb,2026-06-07T14:13:50.664Z,instance-1,A,burst,heavy,heavy,k6,Exp_A_09,253,POST,/api/heavy,heavy,0.01,47.34,63.16,122,38.99,47.34,7805,10077.04,10263.96,1,180,954.21,200
910f592c-90f7-4033-adfd-eba9222222a3,2026-06-07T14:13:50.664Z,instance-1,A,burst,heavy,heavy,k6,Exp_A_09,208,POST,/api/heavy,heavy,0.01,47.34,63.16,123,38.99,47.34,7805,10077.04,10263.96,1.2,150,1189.5,200
ace4406e-8641-4930-b5ea-38d9096013c3,2026-06-07T14:13:50.665Z,instance-1,A,burst,heavy,heavy,k6,Exp_A_09,252,POST,/api/heavy,heavy,0.01,47.34,63.16,124,38.99,47.34,7805,10077.04,10263.96,1.4,128.57,1383.15,200
f9d1fe5e-db89-4136-95b8-fd036292cbe0,2026-06-07T14:13:50.665Z,instance-1,A,burst,heavy,heavy,k6,Exp_A_09,244,POST,/api/heavy,heavy,0.01,47.34,63.16,125,38.99,47.34,7805,10077.04,10263.96,1.6,112.5,1618.63,200
806dc643-fb8a-4efa-ba38-b8bb2eb3877b,2026-06-07T14:13:50.666Z,instance-1,A,burst,heavy,heavy,k6,Exp_A_09,239,POST,/api/heavy,heavy,0.01,47.34,63.16,126,38.99,47.34,7805,10077.04,10263.96,1.8,100,1810.17,200
9c6995f9-10a8-4497-99a4-05c9ad9e0418,2026-06-07T14:13:50.666Z,instance-1,A,burst,heavy,heavy,k6,Exp_A_09,298,POST,/api/heavy,heavy,0.01,47.34,63.16,127,38.99,47.34,7805,10077.04,10263.96,2,90,2009.21,200
28c6ae7e-4765-4bb3-baff-de89a91cb4bf,2026-06-07T14:13:50.666Z,instance-1,A,burst,heavy,heavy,k6,Exp_A_09,31,POST,/api/heavy,heavy,0.01,47.34,63.16,128,38.99,47.34,7805,10077.04,10263.96,2.2,81.82,2229.69,200
c152060f-9190-46f1-8135-97e01a97f899,2026-06-07T14:13:50.666Z,instance-1,A,burst,heavy,heavy,k6,Exp_A_09,110,POST,/api/heavy,heavy,0.01,47.34,63.16,129,38.99,47.34,7805,10077.04,10263.96,2.4,75,2416.55,200
e646e93b-b535-45b9-90e1-7bccd2be35e1,2026-06-07T14:13:50.666Z,instance-1,A,burst,heavy,heavy,k6,Exp_A_09,264,POST,/api/heavy,heavy,0.01,47.34,63.16,130,38.99,47.34,7805,10077.04,10263.96,2.6,69.23,2595.07,200
b3266308-5fd8-40d4-aa5a-519f18e53f09,2026-06-07T14:13:50.666Z,instance-1,A,burst,heavy,heavy,k6,Exp_A_09,155,POST,/api/heavy,heavy,0.01,47.34,63.16,131,38.99,47.34,7805,10077.04,10263.96,2.8,64.29,2819.4,200
650f82be-81bd-4443-acdc-f0ba45e107e7,2026-06-07T14:13:50.667Z,instance-1,A,burst,heavy,heavy,k6,Exp_A_09,271,POST,/api/heavy,heavy,0.01,47.34,63.16,132,38.99,47.34,7805,10077.04,10263.96,3,60,2990.64,200
db926060-c6a5-444a-af9b-89df4f269321,2026-06-07T14:13:50.667Z,instance-1,A,burst,heavy,heavy,k6,Exp_A_09,80,POST,/api/heavy,heavy,0.01,47.34,63.16,133,38.99,47.34,7805,10077.04,10263.96,3.2,56.25,3139.89,200
9ea36dd3-d000-4798-bd6f-2b027743cf56,2026-06-07T14:13:50.667Z,instance-1,A,burst,heavy,heavy,k6,Exp_A_09,52,POST,/api/heavy,heavy,0.01,47.34,63.16,134,38.99,47.34,7805,10077.04,10263.96,3.4,52.94,3300.46,200
d307e47f-43a2-4d81-8a78-e175571a1ac8,2026-06-07T14:13:50.667Z,instance-1,A,burst,heavy,heavy,k6,Exp_A_09,331,POST,/api/heavy,heavy,0.01,47.34,63.16,135,38.99,47.34,7805,10077.04,10263.96,3.6,50,3503.07,200
b7c37566-c565-4a1b-b320-3549141b204c,2026-06-07T14:13:50.667Z,instance-1,A,burst,heavy,heavy,k6,Exp_A_09,302,POST,/api/heavy,heavy,0.01,47.34,63.16,136,38.99,47.34,7805,10077.04,10263.96,3.8,47.37,3695.35,200
f5325a5e-ce82-478c-b05a-82dabfac1185,2026-06-07T14:13:50.667Z,instance-1,A,burst,heavy,heavy,k6,Exp_A_09,100,POST,/api/heavy,heavy,0.01,47.34,63.16,137,38.99,47.34,7805,10077.04,10263.96,4,45,3864.79,200
d090169a-554a-4876-a874-82cca881c86e,2026-06-07T14:13:50.668Z,instance-1,A,burst,heavy,heavy,k6,Exp_A_09,129,POST,/api/heavy,heavy,0.01,47.34,63.16,138,38.99,47.34,7805,10077.04,10263.96,4.2,42.86,4073.12,200
2ab61ddd-d293-4f5c-b792-9d6d1247ca62,2026-06-07T14:13:50.668Z,instance-1,A,burst,heavy,heavy,k6,Exp_A_09,286,POST,/api/heavy,heavy,0.01,47.34,63.16,139,38.99,47.34,7805,10077.04,10263.96,4.4,40.91,4251.1,200
d3d84a17-82d9-4015-81b6-8b6b38876fb2,2026-06-07T14:13:50.669Z,instance-1,A,burst,heavy,heavy,k6,Exp_A_09,297,POST,/api/heavy,heavy,0.01,47.34,63.16,140,38.99,47.34,7805,10077.04,10263.96,4.6,39.13,4459.47,200
2ba52c8f-00b4-405b-bccb-c6d6d26be53e,2026-06-07T14:13:50.669Z,instance-1,A,burst,heavy,heavy,k6,Exp_A_09,118,POST,/api/heavy,heavy,0.01,47.34,63.16,141,38.99,47.34,7805,10077.04,10263.96,4.8,37.5,4643.66,200
2089139b-c73f-4b6b-8fa0-578fe49139ec,2026-06-07T14:13:50.669Z,instance-1,A,burst,heavy,heavy,k6,Exp_A_09,25,POST,/api/heavy,heavy,0.01,47.34,63.16,142,38.99,47.34,7805,10077.04,10263.96,5,36,4865.36,200
0de156de-7e6b-4b38-b941-771fae1a8b2b,2026-06-07T14:13:50.669Z,instance-1,A,burst,heavy,heavy,k6,Exp_A_09,270,POST,/api/heavy,heavy,0.01,47.34,63.16,143,38.99,47.34,7805,10077.04,10263.96,5.2,34.62,5105.79,200
002b0616-3e86-446f-8e79-a9d96a6c7910,2026-06-07T14:13:50.669Z,instance-1,A,burst,heavy,heavy,k6,Exp_A_09,15,POST,/api/heavy,heavy,0.01,47.34,63.16,144,38.99,47.34,7805,10077.04,10263.96,5.4,33.33,5308.62,200
2644f713-6990-45fe-8693-6e0ea00b5061,2026-06-07T14:13:50.669Z,instance-1,A,burst,heavy,heavy,k6,Exp_A_09,303,POST,/api/heavy,heavy,0.01,47.34,63.16,145,38.99,47.34,7805,10077.04,10263.96,5.6,32.14,5471.46,200
2d014c7d-49db-4266-83b5-6eba6e68af39,2026-06-07T14:13:50.670Z,instance-1,A,burst,heavy,heavy,k6,Exp_A_09,39,POST,/api/heavy,heavy,0.01,47.34,63.16,146,38.99,47.34,7805,10077.04,10263.96,5.8,31.03,5726.4,200
656a1940-e90a-43df-87ef-6d47f2128f3c,2026-06-07T14:13:50.670Z,instance-1,A,burst,heavy,heavy,k6,Exp_A_09,241,POST,/api/heavy,heavy,0.01,47.34,63.16,147,38.99,47.34,7805,10077.04,10263.96,6,30,5989.43,200
8ed72f88-4bf1-48d7-a1c1-d91ef985c419,2026-06-07T14:13:50.670Z,instance-1,A,burst,heavy,heavy,k6,Exp_A_09,103,POST,/api/heavy,heavy,0.01,47.34,63.16,148,38.99,47.34,7805,10077.04,10263.96,6.2,29.03,6168.97,200
cb77c5fa-6f65-46c1-9c95-021ebe17bea5,2026-06-07T14:13:50.670Z,instance-1,A,burst,heavy,heavy,k6,Exp_A_09,342,POST,/api/heavy,heavy,0.01,47.34,63.16,149,38.99,47.34,7805,10077.04,10263.96,6.4,28.13,6341.52,200
1a22c778-55e8-4c26-937a-08ffbe836639,2026-06-07T14:13:50.670Z,instance-1,A,burst,heavy,heavy,k6,Exp_A_09,27,POST,/api/heavy,heavy,0.01,47.34,63.16,150,38.99,47.34,7805,10077.04,10263.96,6.6,27.27,6542.36,200
0cfbdeaf-47a3-4367-ac8b-5e401813159f,2026-06-07T14:13:50.670Z,instance-1,A,burst,heavy,heavy,k6,Exp_A_09,36,POST,/api/heavy,heavy,0.01,47.34,63.16,151,38.99,47.34,7805,10077.04,10263.96,6.8,26.47,6710.11,200
b0e11bcb-e4db-4df7-85ac-a49970e877f4,2026-06-07T14:13:50.670Z,instance-1,A,burst,heavy,heavy,k6,Exp_A_09,115,POST,/api/heavy,heavy,0.01,47.34,63.16,152,38.99,47.34,7805,10077.04,10263.96,7,25.71,6913.01,200
f431e010-b0b8-4fa8-a159-fd3ce223636b,2026-06-07T14:13:50.671Z,instance-1,A,burst,heavy,heavy,k6,Exp_A_09,154,POST,/api/heavy,heavy,0.01,47.34,63.16,153,38.99,47.34,7805,10077.04,10263.96,7.2,25,7109.9,200
efbe5cce-8cc3-4647-8f6c-24076dd276fc,2026-06-07T14:13:50.671Z,instance-1,A,burst,heavy,heavy,k6,Exp_A_09,120,POST,/api/heavy,heavy,0.01,47.34,63.16,154,38.99,47.34,7805,10077.04,10263.96,7.4,24.32,7277,200
7be9a113-d0b8-4132-b34a-580528e16c28,2026-06-07T14:13:50.671Z,instance-1,A,burst,heavy,heavy,k6,Exp_A_09,350,POST,/api/heavy,heavy,0.01,47.34,63.16,155,38.99,47.34,7805,10077.04,10263.96,7.6,23.68,7471.24,200
aa6c4b7c-f314-498c-a3d2-a73061cc5865,2026-06-07T14:13:50.671Z,instance-1,A,burst,heavy,heavy,k6,Exp_A_09,64,POST,/api/heavy,heavy,0.01,47.34,63.16,156,38.99,47.34,7805,10077.04,10263.96,7.8,23.08,7672.65,200
6cf992a1-43fd-4a66-8c58-d6f196618ea4,2026-06-07T14:13:50.671Z,instance-1,A,burst,heavy,heavy,k6,Exp_A_09,185,POST,/api/heavy,heavy,0.01,47.34,63.16,157,38.99,47.34,7805,10077.04,10263.96,8,22.5,7872.01,200
689b33e9-341e-41d4-ae03-341a816516f9,2026-06-07T14:13:50.671Z,instance-1,A,burst,heavy,heavy,k6,Exp_A_09,71,POST,/api/heavy,heavy,0.01,47.34,63.16,158,38.99,47.34,7805,10077.04,10263.96,8.2,21.95,8011.99,200
71d2e791-5912-42ba-b882-41b6946b1278,2026-06-07T14:13:50.672Z,instance-1,A,burst,heavy,heavy,k6,Exp_A_09,96,POST,/api/heavy,heavy,0.01,47.34,63.16,159,38.99,47.34,7805,10077.04,10263.96,8.4,21.43,8199.48,200
4870d449-29b3-4ae2-b99c-e07b3b6481ee,2026-06-07T14:13:50.672Z,instance-1,A,burst,heavy,heavy,k6,Exp_A_09,48,POST,/api/heavy,heavy,0.01,47.34,63.16,160,38.99,47.34,7805,10077.04,10263.96,8.6,20.93,8360.29,200
6e0c84df-5d1d-4ead-a37e-ce051ca9ab9e,2026-06-07T14:13:50.673Z,instance-1,A,burst,heavy,heavy,k6,Exp_A_09,221,POST,/api/heavy,heavy,0.01,47.34,63.16,161,38.99,47.34,7805,10077.04,10263.96,8.8,20.45,8523.85,200
6f0fdf54-e4e2-43d5-ab0f-8bb47284e689,2026-06-07T14:13:50.673Z,instance-1,A,burst,heavy,heavy,k6,Exp_A_09,364,POST,/api/heavy,heavy,0.01,47.34,63.16,162,38.99,47.34,7805,10077.04,10263.96,9,20,8693.59,200
08fcd463-44b1-49e5-b9f0-c9c3b8705ff1,2026-06-07T14:13:50.673Z,instance-1,A,burst,heavy,heavy,k6,Exp_A_09,312,POST,/api/heavy,heavy,0.01,47.34,63.16,163,38.99,47.34,7805,10077.04,10263.96,9.2,19.57,8882.37,200
65d6cc0d-3be7-4a67-bb04-a967da5aedc5,2026-06-07T14:13:50.673Z,instance-1,A,burst,heavy,heavy,k6,Exp_A_09,181,POST,/api/heavy,heavy,0.01,47.34,63.16,164,38.99,47.34,7805,10077.04,10263.96,9.4,19.15,9076.5,200
8929c916-a72c-4e7a-8a6b-b5e64b861a73,2026-06-07T14:13:50.673Z,instance-1,A,burst,heavy,heavy,k6,Exp_A_09,28,POST,/api/heavy,heavy,0.01,47.34,63.16,165,38.99,47.34,7805,10077.04,10263.96,9.6,18.75,9257.54,200
ff73db62-8b6d-4f63-89fa-a95f1b94f157,2026-06-07T14:13:50.673Z,instance-1,A,burst,heavy,heavy,k6,Exp_A_09,256,POST,/api/heavy,heavy,0.01,47.34,63.16,166,38.99,47.34,7805,10077.04,10263.96,9.8,18.37,9419.97,200
57a78afc-ae27-4a68-9fc2-98e3e4ba87c0,2026-06-07T14:13:50.674Z,instance-1,A,burst,heavy,heavy,k6,Exp_A_09,55,POST,/api/heavy,heavy,0.01,47.34,63.16,167,38.99,47.34,7805,10077.04,10263.96,10,18,9598.26,200
8da6d1b7-f7d1-4abf-9ca3-91cd34f79149,2026-06-07T14:14:00.287Z,instance-1,A,burst,heavy,heavy,k6,Exp_A_09,152,POST,/api/heavy,heavy,0.01,52.5,63.22,118,39.16,52.5,7230.12,9419.97,9598.26,0.2,900,209.59,200
a785aa2b-dba3-4f0c-8daa-fa409968ea9c,2026-06-07T14:14:00.288Z,instance-1,A,burst,heavy,heavy,k6,Exp_A_09,149,POST,/api/heavy,heavy,0.01,52.5,63.22,119,39.16,52.5,7230.12,9419.97,9598.26,0.4,450,403.39,200
9cc5bf5e-48dc-4039-9624-13a0ac97dac9,2026-06-07T14:14:00.288Z,instance-1,A,burst,heavy,heavy,k6,Exp_A_09,166,POST,/api/heavy,heavy,0.01,52.5,63.22,120,39.16,52.5,7230.12,9419.97,9598.26,0.6,300,601.58,200
f4d7c07d-8642-46dd-884d-f6b27bfa0b9f,2026-06-07T14:14:00.288Z,instance-1,A,burst,heavy,heavy,k6,Exp_A_09,147,POST,/api/heavy,heavy,0.01,52.5,63.22,121,39.16,52.5,7230.12,9419.97,9598.26,0.8,225,752,200
5b420830-24d4-4f61-bc1d-e8c9d5c36b1d,2026-06-07T14:14:00.288Z,instance-1,A,burst,heavy,heavy,k6,Exp_A_09,44,POST,/api/heavy,heavy,0.01,52.5,63.22,122,39.16,52.5,7230.12,9419.97,9598.26,1,180,917.82,200
510713d0-b88d-4dea-bb58-c94a4dbdaafa,2026-06-07T14:14:00.288Z,instance-1,A,burst,heavy,heavy,k6,Exp_A_09,315,POST,/api/heavy,heavy,0.01,52.5,63.22,123,39.16,52.5,7230.12,9419.97,9598.26,1.2,150,1094.58,200
40c63201-4c33-4e62-b005-bc0b9ffb5388,2026-06-07T14:14:00.289Z,instance-1,A,burst,heavy,heavy,k6,Exp_A_09,104,POST,/api/heavy,heavy,0.01,52.5,63.22,124,39.16,52.5,7230.12,9419.97,9598.26,1.4,128.57,1275.45,200
428bc128-45c9-4ac8-b17a-d13e23f7a357,2026-06-07T14:14:00.289Z,instance-1,A,burst,heavy,heavy,k6,Exp_A_09,255,POST,/api/heavy,heavy,0.01,52.5,63.22,125,39.16,52.5,7230.12,9419.97,9598.26,1.6,112.5,1450.36,200
60aa9bb7-8f43-40b0-be48-e1d762a10ab7,2026-06-07T14:14:00.289Z,instance-1,A,burst,heavy,heavy,k6,Exp_A_09,24,POST,/api/heavy,heavy,0.01,52.5,63.22,126,39.16,52.5,7230.12,9419.97,9598.26,1.8,100,1615.42,200
29f6b122-71d4-41e2-b73f-c6dd20e0d89f,2026-06-07T14:14:00.289Z,instance-1,A,burst,heavy,heavy,k6,Exp_A_09,43,POST,/api/heavy,heavy,0.01,52.5,63.22,127,39.16,52.5,7230.12,9419.97,9598.26,2,90,1789.45,200
2ffc6c66-7bf4-44a5-b5f4-a42cf9d35430,2026-06-07T14:14:00.289Z,instance-1,A,burst,heavy,heavy,k6,Exp_A_09,83,POST,/api/heavy,heavy,0.01,52.5,63.22,128,39.16,52.5,7230.12,9419.97,9598.26,2.2,81.82,2093.45,200
deffa2d4-7686-46ff-af29-3702e9e68d3a,2026-06-07T14:14:00.289Z,instance-1,A,burst,heavy,heavy,k6,Exp_A_09,235,POST,/api/heavy,heavy,0.01,52.5,63.22,129,39.16,52.5,7230.12,9419.97,9598.26,2.4,75,2298.05,200
9b5dfd0d-8fef-4a8b-bb5c-a510b29c88fd,2026-06-07T14:14:05.403Z,instance-2,A,burst,heavy,heavy,k6,Exp_A_09,5,POST,/api/heavy,heavy,0.01,58.87,62.95,199,13.07,294.66,806.62,1546.91,1737.29,4.4,0,209.17,200
35fd82bd-a6b1-4152-9901-1540558125ad,2026-06-07T14:14:05.403Z,instance-2,A,burst,heavy,heavy,k6,Exp_A_09,23,POST,/api/heavy,heavy,0.01,58.87,62.95,200,13.07,294.66,806.62,1546.91,1737.29,4.6,0,404.66,200
7d323040-8231-4891-85e0-647cd7a39e90,2026-06-07T14:14:05.404Z,instance-2,A,burst,heavy,heavy,k6,Exp_A_09,35,POST,/api/heavy,heavy,0.01,58.87,62.95,201,13.07,294.66,806.62,1546.91,1737.29,4.8,0,602.35,200
08990adb-5860-466a-adf2-b8b39f5c910d,2026-06-07T14:14:05.405Z,instance-2,A,burst,heavy,heavy,k6,Exp_A_09,98,POST,/api/heavy,heavy,0.01,58.87,62.95,202,13.07,294.66,806.62,1546.91,1737.29,5,0,782.62,200
58caade2-68b4-4c9f-af59-ad781b5575fe,2026-06-07T14:14:05.405Z,instance-2,A,burst,heavy,heavy,k6,Exp_A_09,217,POST,/api/heavy,heavy,0.01,58.87,62.95,203,13.07,294.66,806.62,1546.91,1737.29,5.2,0,957.35,200
8b7e824c-f8d0-4917-be73-7f56efa35d35,2026-06-07T14:14:05.406Z,instance-2,A,burst,heavy,heavy,k6,Exp_A_09,187,POST,/api/heavy,heavy,0.01,58.87,62.95,204,13.07,294.66,806.62,1546.91,1737.29,5.4,0,1157.26,200
0cde2cfc-3837-4f38-9850-dadb1f895069,2026-06-07T14:14:05.406Z,instance-2,A,burst,heavy,heavy,k6,Exp_A_09,284,POST,/api/heavy,heavy,0.01,58.87,62.95,205,13.07,294.66,806.62,1546.91,1737.29,5.6,0,1337.04,200
0836e67f-83cc-4400-95a7-59ec37ae23b6,2026-06-07T14:14:05.407Z,instance-2,A,burst,heavy,heavy,k6,Exp_A_09,194,POST,/api/heavy,heavy,0.01,58.87,62.95,206,13.07,294.66,806.62,1546.91,1737.29,5.8,0,1524.37,200
f036ef85-b48e-4e53-812d-f1b6fb76d388,2026-06-07T14:13:54.852Z,instance-3,A,burst,heavy,heavy,k6,Exp_A_09,90,POST,/api/heavy,heavy,0.01,104.95,63.73,157,33.44,104.95,3897.9,6121,6303.16,7.8,0,7869.95,200
613f05ca-2e75-49d7-b897-ea2eb8a5d518,2026-06-07T14:14:06.940Z,instance-2,A,burst,heavy,heavy,k6,Exp_A_09,255,POST,/api/heavy,heavy,0.01,79.65,62.95,199,12.95,118.07,930.04,1546.91,1737.29,5,0,199.3,200
768d9ebc-f32b-435d-889f-3553a9b7ce2a,2026-06-07T14:14:06.941Z,instance-2,A,burst,heavy,heavy,k6,Exp_A_09,112,POST,/api/heavy,heavy,0.01,79.65,62.95,200,12.95,118.07,930.04,1546.91,1737.29,5.2,0,379.11,200
26428ad8-b5be-4a8f-9180-26d5b1580814,2026-06-07T14:14:06.941Z,instance-2,A,burst,heavy,heavy,k6,Exp_A_09,247,POST,/api/heavy,heavy,0.01,79.65,62.95,201,12.95,118.07,930.04,1546.91,1737.29,5.4,0,584.35,200
10097ab5-4567-41d1-bf2f-1ea3f7d9765c,2026-06-07T14:14:06.942Z,instance-2,A,burst,heavy,heavy,k6,Exp_A_09,43,POST,/api/heavy,heavy,0.01,79.65,62.95,202,12.95,118.07,930.04,1546.91,1737.29,5.6,0,783.01,200
83e2a016-1e88-4f03-96e6-830fcd74a12f,2026-06-07T14:14:06.943Z,instance-2,A,burst,heavy,heavy,k6,Exp_A_09,32,POST,/api/heavy,heavy,0.01,79.65,62.95,203,12.95,118.07,930.04,1546.91,1737.29,5.8,0,948.43,200
d419c5f8-c13b-4a50-a42e-94728b149ac0,2026-06-07T14:14:06.943Z,instance-2,A,burst,heavy,heavy,k6,Exp_A_09,254,POST,/api/heavy,heavy,0.01,79.65,62.95,204,12.95,118.07,930.04,1546.91,1737.29,6,0,1185.64,200
fa160f16-98cf-421a-a089-4b602a705f66,2026-06-07T14:14:06.943Z,instance-2,A,burst,heavy,heavy,k6,Exp_A_09,157,POST,/api/heavy,heavy,0.01,79.65,62.95,205,12.95,118.07,930.04,1546.91,1737.29,6.2,0,1392.3,200
f55d1ada-2eb4-4917-b6ee-aa603cc387dd,2026-06-07T14:14:06.944Z,instance-2,A,burst,heavy,heavy,k6,Exp_A_09,244,POST,/api/heavy,heavy,0.01,79.65,62.95,206,12.95,118.07,930.04,1546.91,1737.29,6.4,0,1597.5,200
350bdfe4-70ce-41cd-86be-29494b37323b,2026-06-07T14:14:06.944Z,instance-2,A,burst,heavy,heavy,k6,Exp_A_09,5,POST,/api/heavy,heavy,0.01,79.65,62.95,207,12.95,118.07,930.04,1546.91,1737.29,6.6,0,1744.43,200
26a0a6c0-cc92-4157-9075-874aa5785012,2026-06-07T14:14:06.944Z,instance-2,A,burst,heavy,heavy,k6,Exp_A_09,181,POST,/api/heavy,heavy,0.01,79.65,62.95,208,12.95,118.07,930.04,1546.91,1737.29,6.8,0,1892.51,200
d547c847-c7c9-4503-a763-ff53a9fd621c,2026-06-07T14:14:06.944Z,instance-2,A,burst,heavy,heavy,k6,Exp_A_09,16,POST,/api/heavy,heavy,0.01,79.65,62.95,209,12.95,118.07,930.04,1546.91,1737.29,7,0,2076.84,200
1b4a465c-ddc4-4123-a427-34023ffa8d6b,2026-06-07T14:14:06.945Z,instance-2,A,burst,heavy,heavy,k6,Exp_A_09,249,POST,/api/heavy,heavy,0.01,79.65,62.95,210,12.95,118.07,930.04,1546.91,1737.29,7.2,0,2271.67,200
af2cec2b-079d-49a0-bb1f-fbe783adb111,2026-06-07T14:14:06.946Z,instance-2,A,burst,heavy,heavy,k6,Exp_A_09,145,POST,/api/heavy,heavy,0.01,79.65,62.95,211,12.95,118.07,930.04,1546.91,1737.29,7.4,0,2455.2,200
74f36c43-b1b7-4d60-a470-53add80d7128,2026-06-07T14:14:06.946Z,instance-2,A,burst,heavy,heavy,k6,Exp_A_09,202,POST,/api/heavy,heavy,0.01,79.65,62.95,212,12.95,118.07,930.04,1546.91,1737.29,7.6,0,2672.11,200
d8821238-f9bd-40c7-9af6-268f1c939659,2026-06-07T14:14:06.947Z,instance-2,A,burst,heavy,heavy,k6,Exp_A_09,1,POST,/api/heavy,heavy,0.01,79.65,62.95,213,12.95,118.07,930.04,1546.91,1737.29,7.8,0,2837.87,200
0822d20e-c834-4d8f-bff5-c76092c7d7fd,2026-06-07T14:14:06.947Z,instance-2,A,burst,heavy,heavy,k6,Exp_A_09,78,POST,/api/heavy,heavy,0.01,79.65,62.95,214,12.95,118.07,930.04,1546.91,1737.29,8,0,2999.26,200
20f111b1-863f-44f6-a34f-005d01cd225f,2026-06-07T14:14:06.947Z,instance-2,A,burst,heavy,heavy,k6,Exp_A_09,66,POST,/api/heavy,heavy,0.01,79.65,62.95,215,12.95,118.07,930.04,1546.91,1737.29,8.2,0,3224.6,200
d40239cb-99e4-4e40-942e-168b6af4f9a7,2026-06-07T14:14:06.947Z,instance-2,A,burst,heavy,heavy,k6,Exp_A_09,67,POST,/api/heavy,heavy,0.01,79.65,62.95,216,12.95,118.07,930.04,1546.91,1737.29,8.4,0,3420.01,200
af86490a-a0f5-4d60-bd8d-58f743e41948,2026-06-07T14:14:06.947Z,instance-2,A,burst,heavy,heavy,k6,Exp_A_09,84,POST,/api/heavy,heavy,0.01,79.65,62.95,217,12.95,118.07,930.04,1546.91,1737.29,8.6,0,3592.65,200
5b92e897-f72a-484e-9fe5-3679c04d74b5,2026-06-07T14:14:06.948Z,instance-2,A,burst,heavy,heavy,k6,Exp_A_09,136,POST,/api/heavy,heavy,0.01,79.65,62.95,218,12.95,118.07,930.04,1546.91,1737.29,8.8,0,3830.63,200
3141a97d-c9a4-4988-9375-cd91371f3f85,2026-06-07T14:14:06.948Z,instance-2,A,burst,heavy,heavy,k6,Exp_A_09,220,POST,/api/heavy,heavy,0.01,79.65,62.95,219,12.95,118.07,930.04,1546.91,1737.29,9,0,4019.78,200
0c061a75-e097-4eef-b1d9-8283fc9cd9ec,2026-06-07T14:14:06.948Z,instance-2,A,burst,heavy,heavy,k6,Exp_A_09,250,POST,/api/heavy,heavy,0.01,79.65,62.95,220,12.95,118.07,930.04,1546.91,1737.29,9.2,0,4217.9,200
f7613b3d-2bde-4e58-a00c-0682d1d804c6,2026-06-07T14:14:06.948Z,instance-2,A,burst,heavy,heavy,k6,Exp_A_09,226,POST,/api/heavy,heavy,0.01,79.65,62.95,221,12.95,118.07,930.04,1546.91,1737.29,9.4,0,4419.37,200
d7a7a3f9-609a-4f04-935d-046989c04801,2026-06-07T14:14:06.948Z,instance-2,A,burst,heavy,heavy,k6,Exp_A_09,127,POST,/api/heavy,heavy,0.01,79.65,62.95,222,12.95,118.07,930.04,1546.91,1737.29,9.6,0,4631.7,200
50fe01de-a955-423c-8328-6dda9a6f6003,2026-06-07T14:14:06.948Z,instance-2,A,burst,heavy,heavy,k6,Exp_A_09,79,POST,/api/heavy,heavy,0.01,79.65,62.95,223,12.95,118.07,930.04,1546.91,1737.29,9.8,0,4823.78,200
ae8b9bd8-e239-422e-9f74-518a83d04f14,2026-06-07T14:14:06.948Z,instance-2,A,burst,heavy,heavy,k6,Exp_A_09,212,POST,/api/heavy,heavy,0.01,79.65,62.95,224,12.95,118.07,930.04,1546.91,1737.29,10,0,4998.4,200
2ad46f7f-8e1c-492d-829f-bc961a99b20e,2026-06-07T14:14:06.949Z,instance-2,A,burst,heavy,heavy,k6,Exp_A_09,77,POST,/api/heavy,heavy,0.01,79.65,62.95,225,12.95,118.07,930.04,1546.91,1737.29,10.2,0,5160.33,200
5f5b29e7-4039-4ebe-b246-ed5dc55902e8,2026-06-07T14:14:06.949Z,instance-2,A,burst,heavy,heavy,k6,Exp_A_09,248,POST,/api/heavy,heavy,0.01,79.65,62.95,226,12.95,118.07,930.04,1546.91,1737.29,10.4,0,5307.83,200
7d625222-653f-449e-aed3-a09a5c5f9454,2026-06-07T14:14:06.949Z,instance-2,A,burst,heavy,heavy,k6,Exp_A_09,133,POST,/api/heavy,heavy,0.01,79.65,62.95,227,12.95,118.07,930.04,1546.91,1737.29,10.6,0,5534.33,200
d135746c-d715-4913-bb1b-50cafbfc2266,2026-06-07T14:14:06.949Z,instance-2,A,burst,heavy,heavy,k6,Exp_A_09,178,POST,/api/heavy,heavy,0.01,79.65,62.95,228,12.95,118.07,930.04,1546.91,1737.29,10.8,0,5724.72,200
6f0b0071-d8dc-4bec-9a8c-e9fc69eb7f72,2026-06-07T14:14:06.949Z,instance-2,A,burst,heavy,heavy,k6,Exp_A_09,124,POST,/api/heavy,heavy,0.01,79.65,62.95,229,12.95,118.07,930.04,1546.91,1737.29,11,0,5935.84,200
8e79934b-4c74-47b5-9cf4-ff37b9394925,2026-06-07T14:14:06.950Z,instance-2,A,burst,heavy,heavy,k6,Exp_A_09,266,POST,/api/heavy,heavy,0.01,79.65,62.95,230,12.95,118.07,930.04,1546.91,1737.29,11.2,0,6106.55,200
f4b92e4f-420a-45d8-ba2c-4ae86a7896ce,2026-06-07T14:14:06.950Z,instance-2,A,burst,heavy,heavy,k6,Exp_A_09,122,POST,/api/heavy,heavy,0.01,79.65,62.95,231,12.95,118.07,930.04,1546.91,1737.29,11.4,0,6289.55,200
a4bdcffb-25da-4c7e-aa31-aa96ca2ba765,2026-06-07T14:14:06.950Z,instance-2,A,burst,heavy,heavy,k6,Exp_A_09,125,POST,/api/heavy,heavy,0.01,79.65,62.95,232,12.95,118.07,930.04,1546.91,1737.29,11.6,0,6479.24,200
07571c1e-4f2f-470f-8088-36ca1559e628,2026-06-07T14:14:06.950Z,instance-2,A,burst,heavy,heavy,k6,Exp_A_09,38,POST,/api/heavy,heavy,0.01,79.65,62.95,233,12.95,118.07,930.04,1546.91,1737.29,11.8,0,6697.18,200
f46c639c-870f-4be1-aeaa-6660175034d9,2026-06-07T14:14:06.951Z,instance-2,A,burst,heavy,heavy,k6,Exp_A_09,134,POST,/api/heavy,heavy,0.01,79.65,62.95,234,12.95,118.07,930.04,1546.91,1737.29,12,0,6867.55,200
d0b18600-59c3-4691-9998-ef8aef1db072,2026-06-07T14:14:06.951Z,instance-2,A,burst,heavy,heavy,k6,Exp_A_09,8,POST,/api/heavy,heavy,0.01,79.65,62.95,235,12.95,118.07,930.04,1546.91,1737.29,12.2,0,7060.31,200
6548c5c5-105c-4fa0-8e3b-05581980e6e4,2026-06-07T14:14:06.951Z,instance-2,A,burst,heavy,heavy,k6,Exp_A_09,175,POST,/api/heavy,heavy,0.01,79.65,62.95,236,12.95,118.07,930.04,1546.91,1737.29,12.4,0,7238.54,200
cf5b3d27-6847-4020-9ce4-4dadee62183b,2026-06-07T14:14:06.951Z,instance-2,A,burst,heavy,heavy,k6,Exp_A_09,86,POST,/api/heavy,heavy,0.01,79.65,62.95,237,12.95,118.07,930.04,1546.91,1737.29,12.6,0,7419.11,200
cdbcfba4-21de-493b-afb6-cef1fd2b1828,2026-06-07T14:14:06.951Z,instance-2,A,burst,heavy,heavy,k6,Exp_A_09,199,POST,/api/heavy,heavy,0.01,79.65,62.95,238,12.95,118.07,930.04,1546.91,1737.29,12.8,0,7618.41,200
36f0b163-6873-419e-82d5-93466e4d486d,2026-06-07T14:14:06.951Z,instance-2,A,burst,heavy,heavy,k6,Exp_A_09,53,POST,/api/heavy,heavy,0.01,79.65,62.95,239,12.95,118.07,930.04,1546.91,1737.29,13,0,7789.48,200
61253ae3-d144-46a3-a30a-bc750caf185f,2026-06-07T14:14:06.951Z,instance-2,A,burst,heavy,heavy,k6,Exp_A_09,97,POST,/api/heavy,heavy,0.01,79.65,62.95,240,12.95,118.07,930.04,1546.91,1737.29,13.2,0,7960.61,200
6b9cbf85-b3a5-43e8-9e21-0b9069396e81,2026-06-07T14:14:00.289Z,instance-1,A,burst,heavy,heavy,k6,Exp_A_09,19,POST,/api/heavy,heavy,0.01,52.5,63.22,130,39.16,52.5,7230.12,9419.97,9598.26,2.6,69.23,2492.05,200
bd30e164-241f-4f61-b517-87625e91875f,2026-06-07T14:13:54.852Z,instance-3,A,burst,heavy,heavy,k6,Exp_A_09,353,POST,/api/heavy,heavy,0.01,104.95,63.73,158,33.44,104.95,3897.9,6121,6303.16,8,0,8079.09,200
df3d81a7-4498-4529-9d83-7ff17627f4b9,2026-06-07T14:13:54.853Z,instance-3,A,burst,heavy,heavy,k6,Exp_A_09,338,POST,/api/heavy,heavy,0.01,104.95,63.73,159,33.44,104.95,3897.9,6121,6303.16,8.2,0,8333.98,200
e07dc19e-abe9-4b81-a7e2-ecffada6abd3,2026-06-07T14:13:54.854Z,instance-3,A,burst,heavy,heavy,k6,Exp_A_09,189,POST,/api/heavy,heavy,0.01,104.95,63.73,160,33.44,104.95,3897.9,6121,6303.16,8.4,0,8502.86,200
4b7b9ed9-1bba-46dc-a474-09433fc00f04,2026-06-07T14:13:54.854Z,instance-3,A,burst,heavy,heavy,k6,Exp_A_09,322,POST,/api/heavy,heavy,0.01,104.95,63.73,161,33.44,104.95,3897.9,6121,6303.16,8.6,0,8677.1,200
ac7ce5e5-0c5f-46e2-93c6-0621f9f8046b,2026-06-07T14:13:54.855Z,instance-3,A,burst,heavy,heavy,k6,Exp_A_09,289,POST,/api/heavy,heavy,0.01,104.95,63.73,162,33.44,104.95,3897.9,6121,6303.16,8.8,0,8841.89,200
8fbc1a4a-d48f-445b-9dc1-c44b2b0fe5b7,2026-06-07T14:13:54.855Z,instance-3,A,burst,heavy,heavy,k6,Exp_A_09,217,POST,/api/heavy,heavy,0.01,104.95,63.73,163,33.44,104.95,3897.9,6121,6303.16,9,0,9003.66,200
dd24f8c9-6ae8-4f14-858d-d1c7843587cf,2026-06-07T14:13:54.855Z,instance-3,A,burst,heavy,heavy,k6,Exp_A_09,187,POST,/api/heavy,heavy,0.01,104.95,63.73,164,33.44,104.95,3897.9,6121,6303.16,9.2,0,9167.82,200
6713c0ea-1de7-4825-991c-1f264080454a,2026-06-07T14:13:54.856Z,instance-3,A,burst,heavy,heavy,k6,Exp_A_09,257,POST,/api/heavy,heavy,0.01,104.95,63.73,165,33.44,104.95,3897.9,6121,6303.16,9.4,0,9324.29,200
754fa490-09de-42d8-a4af-8faf2bdfe325,2026-06-07T14:13:54.856Z,instance-3,A,burst,heavy,heavy,k6,Exp_A_09,172,POST,/api/heavy,heavy,0.01,104.95,63.73,166,33.44,104.95,3897.9,6121,6303.16,9.6,0,9517.9,200
785e70b3-1673-49b2-8c13-e9c27aaaffc8,2026-06-07T14:13:54.857Z,instance-3,A,burst,heavy,heavy,k6,Exp_A_09,14,POST,/api/heavy,heavy,0.01,104.95,63.73,167,33.44,104.95,3897.9,6121,6303.16,9.8,0,9721.87,200
2ac4c236-598d-4b2e-a9f5-6402eafb3abb,2026-06-07T14:13:54.857Z,instance-3,A,burst,heavy,heavy,k6,Exp_A_09,112,POST,/api/heavy,heavy,0.01,104.95,63.73,168,33.44,104.95,3897.9,6121,6303.16,10,0,9918.35,200
631e7dd6-e778-42d2-a67f-ec6ac8c3dece,2026-06-07T14:14:04.792Z,instance-3,A,burst,heavy,heavy,k6,Exp_A_09,61,POST,/api/heavy,heavy,0.01,73.43,64.09,119,41.05,73.43,7490.11,9721.87,9918.35,0.2,1000,171.95,200
42c2de57-166d-4a48-97bc-65d8e00a0274,2026-06-07T14:14:04.792Z,instance-3,A,burst,heavy,heavy,k6,Exp_A_09,26,POST,/api/heavy,heavy,0.01,73.43,64.09,120,41.05,73.43,7490.11,9721.87,9918.35,0.4,500,347.04,200
214b38d4-c812-489e-b0e1-15e7f3989e63,2026-06-07T14:14:04.793Z,instance-3,A,burst,heavy,heavy,k6,Exp_A_09,260,POST,/api/heavy,heavy,0.01,73.43,64.09,121,41.05,73.43,7490.11,9721.87,9918.35,0.6,333.33,552.43,200
68926f3c-f36a-4a71-bdae-fea5262ca1cc,2026-06-07T14:14:04.793Z,instance-3,A,burst,heavy,heavy,k6,Exp_A_09,244,POST,/api/heavy,heavy,0.01,73.43,64.09,122,41.05,73.43,7490.11,9721.87,9918.35,0.8,250,752.02,200
da783184-c7b4-4af2-abda-850bcf925ced,2026-06-07T14:14:04.794Z,instance-3,A,burst,heavy,heavy,k6,Exp_A_09,181,POST,/api/heavy,heavy,0.01,73.43,64.09,123,41.05,73.43,7490.11,9721.87,9918.35,1,200,954.65,200
9dc1cebf-d096-45b8-833f-73239c7c09e7,2026-06-07T14:14:04.794Z,instance-3,A,burst,heavy,heavy,k6,Exp_A_09,151,POST,/api/heavy,heavy,0.01,73.43,64.09,124,41.05,73.43,7490.11,9721.87,9918.35,1.2,166.67,1172.22,200
5035d92c-64cd-4a35-b702-dd3d95efbb05,2026-06-07T14:14:04.794Z,instance-3,A,burst,heavy,heavy,k6,Exp_A_09,55,POST,/api/heavy,heavy,0.01,73.43,64.09,125,41.05,73.43,7490.11,9721.87,9918.35,1.4,142.86,1343.29,200
3427929a-e6e1-404c-ba23-a4f2e23559ac,2026-06-07T14:14:04.795Z,instance-3,A,burst,heavy,heavy,k6,Exp_A_09,48,POST,/api/heavy,heavy,0.01,73.43,64.09,126,41.05,73.43,7490.11,9721.87,9918.35,1.6,125,1498.81,200
aba6d8a9-f464-4307-baa6-16da38a58d59,2026-06-07T14:14:00.290Z,instance-1,A,burst,heavy,heavy,k6,Exp_A_09,23,POST,/api/heavy,heavy,0.01,52.5,63.22,131,39.16,52.5,7230.12,9419.97,9598.26,2.8,64.29,2725.01,200
1f9dc446-233a-4590-973b-329bed05501b,2026-06-07T14:14:00.290Z,instance-1,A,burst,heavy,heavy,k6,Exp_A_09,107,POST,/api/heavy,heavy,0.01,52.5,63.22,132,39.16,52.5,7230.12,9419.97,9598.26,3,60,2918.9,200
ce6a2cbd-33a1-4f26-874f-d66e206b4e78,2026-06-07T14:14:00.290Z,instance-1,A,burst,heavy,heavy,k6,Exp_A_09,308,POST,/api/heavy,heavy,0.01,52.5,63.22,133,39.16,52.5,7230.12,9419.97,9598.26,3.2,56.25,3140.54,200
1d147ed3-422f-45e7-b6be-9a2c9b6b4636,2026-06-07T14:14:00.290Z,instance-1,A,burst,heavy,heavy,k6,Exp_A_09,98,POST,/api/heavy,heavy,0.01,52.5,63.22,134,39.16,52.5,7230.12,9419.97,9598.26,3.4,52.94,3320.34,200
9182256b-a492-4bb3-8181-1353b5cd4393,2026-06-07T14:14:00.291Z,instance-1,A,burst,heavy,heavy,k6,Exp_A_09,294,POST,/api/heavy,heavy,0.01,52.5,63.22,135,39.16,52.5,7230.12,9419.97,9598.26,3.6,50,3475.82,200
ccc6cab9-92d6-4271-868b-685f8a4ba93f,2026-06-07T14:14:00.292Z,instance-1,A,burst,heavy,heavy,k6,Exp_A_09,328,POST,/api/heavy,heavy,0.01,52.5,63.22,136,39.16,52.5,7230.12,9419.97,9598.26,3.8,47.37,3679.81,200
bbb4bdd8-4cbc-40e5-89cd-e66b1583f073,2026-06-07T14:14:00.292Z,instance-1,A,burst,heavy,heavy,k6,Exp_A_09,284,POST,/api/heavy,heavy,0.01,52.5,63.22,137,39.16,52.5,7230.12,9419.97,9598.26,4,45,3886.95,200
9b5e5442-0d88-4c98-aaf4-0f41fd732533,2026-06-07T14:14:00.292Z,instance-1,A,burst,heavy,heavy,k6,Exp_A_09,222,POST,/api/heavy,heavy,0.01,52.5,63.22,138,39.16,52.5,7230.12,9419.97,9598.26,4.2,42.86,4104,200
6f5797c9-820b-4aad-bb41-0b75e21d83cb,2026-06-07T14:14:00.292Z,instance-1,A,burst,heavy,heavy,k6,Exp_A_09,209,POST,/api/heavy,heavy,0.01,52.5,63.22,139,39.16,52.5,7230.12,9419.97,9598.26,4.4,40.91,4289.13,200
445bdf37-76f3-4aaa-a5e1-d373a0dafbb3,2026-06-07T14:14:00.294Z,instance-1,A,burst,heavy,heavy,k6,Exp_A_09,68,POST,/api/heavy,heavy,0.01,52.5,63.22,140,39.16,52.5,7230.12,9419.97,9598.26,4.6,39.13,4486.14,200
19b6ef67-779f-4501-8da6-55396cb37824,2026-06-07T14:14:00.294Z,instance-1,A,burst,heavy,heavy,k6,Exp_A_09,72,POST,/api/heavy,heavy,0.01,52.5,63.22,141,39.16,52.5,7230.12,9419.97,9598.26,4.8,37.5,4697.09,200
10f83ff3-e6d9-4df0-8fa0-3cc259a83e5d,2026-06-07T14:14:00.294Z,instance-1,A,burst,heavy,heavy,k6,Exp_A_09,56,POST,/api/heavy,heavy,0.01,52.5,63.22,142,39.16,52.5,7230.12,9419.97,9598.26,5,36,4874.78,200
9c030d04-be01-4583-9afd-9527b4cbe9aa,2026-06-07T14:14:00.295Z,instance-1,A,burst,heavy,heavy,k6,Exp_A_09,59,POST,/api/heavy,heavy,0.01,52.5,63.22,143,39.16,52.5,7230.12,9419.97,9598.26,5.2,34.62,5032.5,200
15a8b6c4-7463-4198-a21c-924da042cf92,2026-06-07T14:14:00.295Z,instance-1,A,burst,heavy,heavy,k6,Exp_A_09,150,POST,/api/heavy,heavy,0.01,52.5,63.22,144,39.16,52.5,7230.12,9419.97,9598.26,5.4,33.33,5207.93,200
cfb77beb-bfd2-4a6a-8d1a-f7ac24a5af7f,2026-06-07T14:14:00.295Z,instance-1,A,burst,heavy,heavy,k6,Exp_A_09,268,POST,/api/heavy,heavy,0.01,52.5,63.22,145,39.16,52.5,7230.12,9419.97,9598.26,5.6,32.14,5381.56,200
c4e8d328-147d-4a0a-88ca-e8096bf4997c,2026-06-07T14:14:00.295Z,instance-1,A,burst,heavy,heavy,k6,Exp_A_09,57,POST,/api/heavy,heavy,0.01,52.5,63.22,146,39.16,52.5,7230.12,9419.97,9598.26,5.8,31.03,5569.08,200
5c862ed8-db50-45fd-a6cc-9f434ffe7f54,2026-06-07T14:14:00.295Z,instance-1,A,burst,heavy,heavy,k6,Exp_A_09,93,POST,/api/heavy,heavy,0.01,52.5,63.22,147,39.16,52.5,7230.12,9419.97,9598.26,6,30,5730.8,200
c885f39f-720b-498e-bfa2-b65c3231bcb7,2026-06-07T14:14:00.295Z,instance-1,A,burst,heavy,heavy,k6,Exp_A_09,300,POST,/api/heavy,heavy,0.01,52.5,63.22,148,39.16,52.5,7230.12,9419.97,9598.26,6.2,29.03,5954,200
e07ef596-6101-496e-891c-9e889d6fffb9,2026-06-07T14:14:00.296Z,instance-1,A,burst,heavy,heavy,k6,Exp_A_09,76,POST,/api/heavy,heavy,0.01,52.5,63.22,149,39.16,52.5,7230.12,9419.97,9598.26,6.4,28.13,6181.98,200
f12ed96e-787d-4876-a4aa-94bc7a8b9413,2026-06-07T14:14:06.504Z,instance-1,A,burst,heavy,heavy,k6,Exp_A_09,60,POST,/api/heavy,heavy,0.01,168.48,63.3,168,24.55,168.48,3756.56,5954,6181.98,10.2,17.65,0.37,503
760aa243-abe3-4c5e-b5f0-db8aef326568,2026-06-07T14:14:06.505Z,instance-1,A,burst,heavy,heavy,k6,Exp_A_09,219,POST,/api/heavy,heavy,0.01,168.48,63.3,168,24.55,168.48,3617.44,5954,6181.98,10.4,1.92,0.33,503
84e710ab-1e0f-4718-b167-b3a06b34bce4,2026-06-07T14:14:06.506Z,instance-1,A,burst,heavy,heavy,k6,Exp_A_09,141,POST,/api/heavy,heavy,0.01,168.48,63.3,168,24.55,168.48,3488.26,5954,6181.98,10.6,3.77,0.53,503
61e85dcc-5593-4a9b-8025-d8a0880bd85a,2026-06-07T14:14:06.507Z,instance-1,A,burst,heavy,heavy,k6,Exp_A_09,285,POST,/api/heavy,heavy,0.01,168.48,63.3,168,24.55,168.48,3367.99,5954,6181.98,10.8,5.56,0.39,503
8fdcb03f-e6c8-4f19-b405-e8f4daf61560,2026-06-07T14:14:06.508Z,instance-1,A,burst,heavy,heavy,k6,Exp_A_09,215,POST,/api/heavy,heavy,0.01,168.48,63.3,168,24.55,168.48,3255.74,5954,6181.98,11,7.27,0.32,503
62848546-d797-419a-9864-844c71d0e3e3,2026-06-07T14:14:06.509Z,instance-1,A,burst,heavy,heavy,k6,Exp_A_09,265,POST,/api/heavy,heavy,0.01,168.48,63.3,168,24.55,168.48,3150.73,5954,6181.98,11.2,8.93,0.32,503
eaa1cd39-8290-4ac4-834b-ec75183a2cdf,2026-06-07T14:14:06.510Z,instance-1,A,burst,heavy,heavy,k6,Exp_A_09,188,POST,/api/heavy,heavy,0.01,168.48,63.3,168,24.55,168.48,3052.28,5954,6181.98,11.4,10.53,0.58,503
1cbbc3b9-435c-4d06-81c6-4689b540b601,2026-06-07T14:14:06.511Z,instance-1,A,burst,heavy,heavy,k6,Exp_A_09,173,POST,/api/heavy,heavy,0.01,168.48,63.3,168,24.55,168.48,2959.8,5954,6181.98,11.6,12.07,0.35,503
cc815f7c-021c-4e47-9245-c9be72ec0790,2026-06-07T14:14:06.513Z,instance-1,A,burst,heavy,heavy,k6,Exp_A_09,140,POST,/api/heavy,heavy,0.01,168.48,63.3,168,24.55,168.48,2872.76,5954,6181.98,11.8,13.56,0.42,503
54db466a-239d-4888-9364-272f31b27e39,2026-06-07T14:14:06.514Z,instance-1,A,burst,heavy,heavy,k6,Exp_A_09,195,POST,/api/heavy,heavy,0.01,168.48,63.3,168,24.55,168.48,2790.69,5954,6181.98,12,15,0.4,503
2d83870f-2073-4faf-a000-d9de66e0ab8f,2026-06-07T14:14:06.515Z,instance-1,A,burst,heavy,heavy,k6,Exp_A_09,54,POST,/api/heavy,heavy,0.01,168.48,63.3,168,24.55,168.48,2713.18,5954,6181.98,12.2,16.39,0.46,503
94221f8f-b47a-4f4c-83f0-26d5b46b2dbd,2026-06-07T14:14:06.516Z,instance-1,A,burst,heavy,heavy,k6,Exp_A_09,236,POST,/api/heavy,heavy,0.01,168.48,63.3,168,24.55,168.48,2639.87,5954,6181.98,12.4,17.74,0.32,503
3bdbb880-a47e-4248-bc10-cf37b2c4e4b9,2026-06-07T14:14:06.517Z,instance-1,A,burst,heavy,heavy,k6,Exp_A_09,329,POST,/api/heavy,heavy,0.01,168.48,63.3,168,24.55,168.48,2570.4,5954,6181.98,12.6,19.05,0.7,503
93684ad3-f7c1-4218-af13-78756b1979a4,2026-06-07T14:14:06.492Z,instance-1,A,burst,heavy,heavy,k6,Exp_A_09,31,POST,/api/heavy,heavy,0.01,168.48,63.3,118,24.55,168.48,3756.56,5954,6181.98,0.2,900,211.52,200
c59f7893-57d1-4b23-a367-d42b681a86e3,2026-06-07T14:14:06.492Z,instance-1,A,burst,heavy,heavy,k6,Exp_A_09,256,POST,/api/heavy,heavy,0.01,168.48,63.3,119,24.55,168.48,3756.56,5954,6181.98,0.4,450,412.19,200
0cb33df2-2daf-4e5b-b83d-3459e7f36e39,2026-06-07T14:14:06.493Z,instance-1,A,burst,heavy,heavy,k6,Exp_A_09,80,POST,/api/heavy,heavy,0.01,168.48,63.3,120,24.55,168.48,3756.56,5954,6181.98,0.6,300,594.1,200
10c6b998-1bda-4813-803b-9d43b10bcc76,2026-06-07T14:14:06.493Z,instance-1,A,burst,heavy,heavy,k6,Exp_A_09,149,POST,/api/heavy,heavy,0.01,168.48,63.3,121,24.55,168.48,3756.56,5954,6181.98,0.8,225,781.99,200
e2735834-530c-4768-b785-501c31e244b0,2026-06-07T14:14:06.493Z,instance-1,A,burst,heavy,heavy,k6,Exp_A_09,82,POST,/api/heavy,heavy,0.01,168.48,63.3,122,24.55,168.48,3756.56,5954,6181.98,1,180,975.79,200
71278012-ff6b-4184-a997-c7f8aae76bc0,2026-06-07T14:14:06.493Z,instance-1,A,burst,heavy,heavy,k6,Exp_A_09,44,POST,/api/heavy,heavy,0.01,168.48,63.3,123,24.55,168.48,3756.56,5954,6181.98,1.2,150,1160.07,200
e29f86bb-4d61-47a5-8c77-c59e90b14fc7,2026-06-07T14:14:06.493Z,instance-1,A,burst,heavy,heavy,k6,Exp_A_09,10,POST,/api/heavy,heavy,0.01,168.48,63.3,124,24.55,168.48,3756.56,5954,6181.98,1.4,128.57,1344.11,200
a2f26502-05a0-412d-8ea5-313ec9cb5212,2026-06-07T14:14:06.493Z,instance-1,A,burst,heavy,heavy,k6,Exp_A_09,104,POST,/api/heavy,heavy,0.01,168.48,63.3,125,24.55,168.48,3756.56,5954,6181.98,1.6,112.5,1511.03,200
5e4b67f4-2674-4c60-8623-489eced6a9ca,2026-06-07T14:14:06.493Z,instance-1,A,burst,heavy,heavy,k6,Exp_A_09,242,POST,/api/heavy,heavy,0.01,168.48,63.3,126,24.55,168.48,3756.56,5954,6181.98,1.8,100,1668.42,200
488444a6-3910-4b9b-983c-bbe992d55283,2026-06-07T14:14:06.493Z,instance-1,A,burst,heavy,heavy,k6,Exp_A_09,28,POST,/api/heavy,heavy,0.01,168.48,63.3,127,24.55,168.48,3756.56,5954,6181.98,2,90,1829.46,200
07b78485-4d7a-49b9-874c-b5249f808386,2026-06-07T14:14:06.494Z,instance-1,A,burst,heavy,heavy,k6,Exp_A_09,83,POST,/api/heavy,heavy,0.01,168.48,63.3,128,24.55,168.48,3756.56,5954,6181.98,2.2,81.82,2007.61,200
ce49cf61-9f47-49c1-b8fd-da80104f3c80,2026-06-07T14:14:06.494Z,instance-1,A,burst,heavy,heavy,k6,Exp_A_09,90,POST,/api/heavy,heavy,0.01,168.48,63.3,129,24.55,168.48,3756.56,5954,6181.98,2.4,75,2188.5,200
9811c9aa-3357-4e15-a833-dade98f5956d,2026-06-07T14:14:06.494Z,instance-1,A,burst,heavy,heavy,k6,Exp_A_09,19,POST,/api/heavy,heavy,0.01,168.48,63.3,130,24.55,168.48,3756.56,5954,6181.98,2.6,69.23,2375.84,200
2f660e11-53cb-4e6d-88fb-f85e41a53a91,2026-06-07T14:14:06.494Z,instance-1,A,burst,heavy,heavy,k6,Exp_A_09,144,POST,/api/heavy,heavy,0.01,168.48,63.3,131,24.55,168.48,3756.56,5954,6181.98,2.8,64.29,2589.26,200
81c9d0e6-04d5-47a7-bbb5-a4d73e79decc,2026-06-07T14:14:06.495Z,instance-1,A,burst,heavy,heavy,k6,Exp_A_09,147,POST,/api/heavy,heavy,0.01,168.48,63.3,132,24.55,168.48,3756.56,5954,6181.98,3,60,2770.79,200
fe5ea796-681e-4ece-9ea5-2a291e8873b5,2026-06-07T14:14:06.495Z,instance-1,A,burst,heavy,heavy,k6,Exp_A_09,257,POST,/api/heavy,heavy,0.01,168.48,63.3,133,24.55,168.48,3756.56,5954,6181.98,3.2,56.25,2952.8,200
12a422d7-6164-46f6-997c-52435de0631b,2026-06-07T14:14:06.495Z,instance-1,A,burst,heavy,heavy,k6,Exp_A_09,14,POST,/api/heavy,heavy,0.01,168.48,63.3,134,24.55,168.48,3756.56,5954,6181.98,3.4,52.94,3124.01,200
5fe3ea05-686b-44c4-9e53-a659671faaee,2026-06-07T14:14:06.496Z,instance-1,A,burst,heavy,heavy,k6,Exp_A_09,227,POST,/api/heavy,heavy,0.01,168.48,63.3,135,24.55,168.48,3756.56,5954,6181.98,3.6,50,3316.63,200
d7d88f71-510a-40d6-8a65-b6b8985826e6,2026-06-07T14:14:06.496Z,instance-1,A,burst,heavy,heavy,k6,Exp_A_09,49,POST,/api/heavy,heavy,0.01,168.48,63.3,136,24.55,168.48,3756.56,5954,6181.98,3.8,47.37,3480.65,200
fbe54299-3250-404f-9555-c0b4da68aea4,2026-06-07T14:14:06.496Z,instance-1,A,burst,heavy,heavy,k6,Exp_A_09,190,POST,/api/heavy,heavy,0.01,168.48,63.3,137,24.55,168.48,3756.56,5954,6181.98,4,45,3682.98,200
76a870fd-9821-4aaf-a7f4-75c71bc03814,2026-06-07T14:14:06.496Z,instance-1,A,burst,heavy,heavy,k6,Exp_A_09,279,POST,/api/heavy,heavy,0.01,168.48,63.3,138,24.55,168.48,3756.56,5954,6181.98,4.2,42.86,3889.92,200
7dbfd307-36d9-4105-bbd9-860241ea77d5,2026-06-07T14:14:06.497Z,instance-1,A,burst,heavy,heavy,k6,Exp_A_09,191,POST,/api/heavy,heavy,0.01,168.48,63.3,139,24.55,168.48,3756.56,5954,6181.98,4.4,40.91,4062.72,200
4ec8c861-4f04-41b2-813d-50b9bbd3589f,2026-06-07T14:14:06.498Z,instance-1,A,burst,heavy,heavy,k6,Exp_A_09,197,POST,/api/heavy,heavy,0.01,168.48,63.3,140,24.55,168.48,3756.56,5954,6181.98,4.6,39.13,4251.4,200
09994570-7d03-4695-8e24-0d0c0ec72870,2026-06-07T14:14:06.499Z,instance-1,A,burst,heavy,heavy,k6,Exp_A_09,230,POST,/api/heavy,heavy,0.01,168.48,63.3,141,24.55,168.48,3756.56,5954,6181.98,4.8,37.5,4453.45,200
ca619b36-c4ad-4b45-a22d-07f55052e372,2026-06-07T14:14:06.499Z,instance-1,A,burst,heavy,heavy,k6,Exp_A_09,158,POST,/api/heavy,heavy,0.01,168.48,63.3,142,24.55,168.48,3756.56,5954,6181.98,5,36,4679.26,200
ee1ab29b-eda8-4332-984e-4b6e39a36b53,2026-06-07T14:14:06.499Z,instance-1,A,burst,heavy,heavy,k6,Exp_A_09,231,POST,/api/heavy,heavy,0.01,168.48,63.3,143,24.55,168.48,3756.56,5954,6181.98,5.2,34.62,4845.1,200
dd2b11a1-ed25-4f7f-b7c3-5f5d7b7c507d,2026-06-07T14:14:06.499Z,instance-1,A,burst,heavy,heavy,k6,Exp_A_09,94,POST,/api/heavy,heavy,0.01,168.48,63.3,144,24.55,168.48,3756.56,5954,6181.98,5.4,33.33,5045.35,200
2bfb6fa9-e666-4342-9c38-0182818d2031,2026-06-07T14:14:06.499Z,instance-1,A,burst,heavy,heavy,k6,Exp_A_09,171,POST,/api/heavy,heavy,0.01,168.48,63.3,145,24.55,168.48,3756.56,5954,6181.98,5.6,32.14,5251.05,200
924e3d9b-6306-4f46-af98-1053a9c86f08,2026-06-07T14:14:06.499Z,instance-1,A,burst,heavy,heavy,k6,Exp_A_09,148,POST,/api/heavy,heavy,0.01,168.48,63.3,146,24.55,168.48,3756.56,5954,6181.98,5.8,31.03,5442.43,200
d25ae708-2ae2-44a8-82a6-cfe7848ac9dd,2026-06-07T14:14:06.500Z,instance-1,A,burst,heavy,heavy,k6,Exp_A_09,168,POST,/api/heavy,heavy,0.01,168.48,63.3,147,24.55,168.48,3756.56,5954,6181.98,6,30,5632.65,200
b9f952be-d572-4fa0-adb6-8af4ac4e3f1e,2026-06-07T14:14:06.500Z,instance-1,A,burst,heavy,heavy,k6,Exp_A_09,59,POST,/api/heavy,heavy,0.01,168.48,63.3,148,24.55,168.48,3756.56,5954,6181.98,6.2,29.03,5811.14,200
03752fff-2f88-4ee5-b4af-77c0d9e287e2,2026-06-07T14:14:06.500Z,instance-1,A,burst,heavy,heavy,k6,Exp_A_09,205,POST,/api/heavy,heavy,0.01,168.48,63.3,149,24.55,168.48,3756.56,5954,6181.98,6.4,28.13,6003.61,200
ed621f15-0884-487e-8420-0de9881d8702,2026-06-07T14:14:06.500Z,instance-1,A,burst,heavy,heavy,k6,Exp_A_09,74,POST,/api/heavy,heavy,0.01,168.48,63.3,150,24.55,168.48,3756.56,5954,6181.98,6.6,27.27,6208.08,200
ee922241-6119-4406-a034-281ee047cdc9,2026-06-07T14:14:06.500Z,instance-1,A,burst,heavy,heavy,k6,Exp_A_09,238,POST,/api/heavy,heavy,0.01,168.48,63.3,151,24.55,168.48,3756.56,5954,6181.98,6.8,26.47,6409.41,200
72628f67-707a-4a39-b9be-ef91eaa56e12,2026-06-07T14:14:06.500Z,instance-1,A,burst,heavy,heavy,k6,Exp_A_09,102,POST,/api/heavy,heavy,0.01,168.48,63.3,152,24.55,168.48,3756.56,5954,6181.98,7,25.71,6603.91,200
aeaea7ae-d9e6-42b8-830f-a240358506b9,2026-06-07T14:14:06.500Z,instance-1,A,burst,heavy,heavy,k6,Exp_A_09,89,POST,/api/heavy,heavy,0.01,168.48,63.3,153,24.55,168.48,3756.56,5954,6181.98,7.2,25,6778.62,200
e514e94a-c79f-4ac7-9564-30aac785eeb6,2026-06-07T14:14:06.500Z,instance-1,A,burst,heavy,heavy,k6,Exp_A_09,229,POST,/api/heavy,heavy,0.01,168.48,63.3,154,24.55,168.48,3756.56,5954,6181.98,7.4,24.32,6970.8,200
f5acd6dc-aba8-4ece-989e-72b615ebaa8f,2026-06-07T14:14:06.501Z,instance-1,A,burst,heavy,heavy,k6,Exp_A_09,198,POST,/api/heavy,heavy,0.01,168.48,63.3,155,24.55,168.48,3756.56,5954,6181.98,7.6,23.68,7138.87,200
6a3b5920-cd55-4dd1-b77a-64d32134ef0b,2026-06-07T14:14:06.501Z,instance-1,A,burst,heavy,heavy,k6,Exp_A_09,87,POST,/api/heavy,heavy,0.01,168.48,63.3,156,24.55,168.48,3756.56,5954,6181.98,7.8,23.08,7318.24,200
7af584cf-24df-4c54-8d4f-8eb9459245aa,2026-06-07T14:14:06.501Z,instance-1,A,burst,heavy,heavy,k6,Exp_A_09,6,POST,/api/heavy,heavy,0.01,168.48,63.3,157,24.55,168.48,3756.56,5954,6181.98,8,22.5,7472.12,200
6682cdcc-4165-4510-9fb4-1ce21802507d,2026-06-07T14:14:06.501Z,instance-1,A,burst,heavy,heavy,k6,Exp_A_09,91,POST,/api/heavy,heavy,0.01,168.48,63.3,158,24.55,168.48,3756.56,5954,6181.98,8.2,21.95,7641.01,200
89549c75-0a55-4074-8da7-6528aa1d2769,2026-06-07T14:14:06.501Z,instance-1,A,burst,heavy,heavy,k6,Exp_A_09,138,POST,/api/heavy,heavy,0.01,168.48,63.3,159,24.55,168.48,3756.56,5954,6181.98,8.4,21.43,7834.39,200
0f45a1d2-3be0-4edc-aef1-6f7227afde70,2026-06-07T14:14:06.502Z,instance-1,A,burst,heavy,heavy,k6,Exp_A_09,177,POST,/api/heavy,heavy,0.01,168.48,63.3,160,24.55,168.48,3756.56,5954,6181.98,8.6,20.93,8016.33,200
d5cddd74-bdf8-4253-94d2-b17daa922d96,2026-06-07T14:14:06.503Z,instance-1,A,burst,heavy,heavy,k6,Exp_A_09,121,POST,/api/heavy,heavy,0.01,168.48,63.3,161,24.55,168.48,3756.56,5954,6181.98,8.8,20.45,8171.37,200
3c2e8375-1be5-4e46-9a99-b12ca7ca76cc,2026-06-07T14:14:06.503Z,instance-1,A,burst,heavy,heavy,k6,Exp_A_09,146,POST,/api/heavy,heavy,0.01,168.48,63.3,162,24.55,168.48,3756.56,5954,6181.98,9,20,8357.44,200
d25c63f5-0d6f-4086-a40f-d95834bb2069,2026-06-07T14:14:06.503Z,instance-1,A,burst,heavy,heavy,k6,Exp_A_09,165,POST,/api/heavy,heavy,0.01,168.48,63.3,163,24.55,168.48,3756.56,5954,6181.98,9.2,19.57,8560.58,200
5dcf5246-3ea9-416e-9b24-dcc170a663a8,2026-06-07T14:14:06.503Z,instance-1,A,burst,heavy,heavy,k6,Exp_A_09,184,POST,/api/heavy,heavy,0.01,168.48,63.3,164,24.55,168.48,3756.56,5954,6181.98,9.4,19.15,8752.23,200
ac1e2cf7-2acf-406b-a446-d4264ff27cc7,2026-06-07T14:14:14.939Z,instance-2,A,burst,heavy,heavy,k6,Exp_A_09,57,POST,/api/heavy,heavy,0.01,21.64,62.86,249,20.52,21.64,5532.14,7789.48,7960.61,10.2,0,0.54,503
445fdb02-a7e8-4219-a534-a7147d3d7317,2026-06-07T14:14:14.941Z,instance-2,A,burst,heavy,heavy,k6,Exp_A_09,35,POST,/api/heavy,heavy,0.01,21.64,62.86,249,20.52,21.64,5334.58,7789.48,7960.61,10.4,1.92,0.7,503
1c622aa7-c8c2-426f-a956-8e72dcce9aa5,2026-06-07T14:14:14.942Z,instance-2,A,burst,heavy,heavy,k6,Exp_A_09,93,POST,/api/heavy,heavy,0.01,21.64,62.86,249,20.52,21.64,5150.65,7789.48,7960.61,10.6,3.77,0.41,503
95e43320-3ab8-4919-8ab9-467ab8074f48,2026-06-07T14:14:14.943Z,instance-2,A,burst,heavy,heavy,k6,Exp_A_09,24,POST,/api/heavy,heavy,0.01,21.64,62.86,249,20.52,21.64,4978.98,7789.48,7960.61,10.8,5.56,0.43,503
4837e0f9-2a56-425c-9be8-79cde4993a2e,2026-06-07T14:14:14.944Z,instance-2,A,burst,heavy,heavy,k6,Exp_A_09,107,POST,/api/heavy,heavy,0.01,21.64,62.86,249,20.52,21.64,4818.38,7789.48,7960.61,11,7.27,0.58,503
d53ee356-24e4-40f8-9afa-a013130cea50,2026-06-07T14:14:14.946Z,instance-2,A,burst,heavy,heavy,k6,Exp_A_09,132,POST,/api/heavy,heavy,0.01,21.64,62.86,249,20.52,21.64,4667.82,7789.48,7960.61,11.2,8.93,0.73,503
0d5c3c16-5b25-4e27-be28-42cacea3bc88,2026-06-07T14:14:14.948Z,instance-2,A,burst,heavy,heavy,k6,Exp_A_09,60,POST,/api/heavy,heavy,0.01,21.64,62.86,249,20.52,21.64,4574.12,7789.48,7960.61,11.4,10.53,0.45,503
c4e290d5-9ef4-4181-baf9-74fc6d5369da,2026-06-07T14:14:14.949Z,instance-2,A,burst,heavy,heavy,k6,Exp_A_09,141,POST,/api/heavy,heavy,0.01,21.64,62.86,249,20.52,21.64,4435.52,7789.48,7960.61,11.6,12.07,0.35,503
869a8ad6-b65d-4c50-af29-c9d4b074f790,2026-06-07T14:14:14.950Z,instance-2,A,burst,heavy,heavy,k6,Exp_A_09,219,POST,/api/heavy,heavy,0.01,21.64,62.86,249,20.52,21.64,4305.08,7789.48,7960.61,11.8,13.56,0.49,503
2c294287-589f-4dbd-b40b-ad6a479a7e2a,2026-06-07T14:14:14.951Z,instance-2,A,burst,heavy,heavy,k6,Exp_A_09,215,POST,/api/heavy,heavy,0.01,21.64,62.86,249,20.52,21.64,4182.09,7789.48,7960.61,12,15,0.33,503
4042d37a-9f50-45dc-83fc-ac68cfd24ba0,2026-06-07T14:14:14.951Z,instance-2,A,burst,heavy,heavy,k6,Exp_A_09,265,POST,/api/heavy,heavy,0.01,21.64,62.86,249,20.52,21.64,4065.93,7789.48,7960.61,12.2,16.39,0.31,503
addcb467-bcde-4708-a4a2-096a00b2a611,2026-06-07T14:14:14.952Z,instance-2,A,burst,heavy,heavy,k6,Exp_A_09,188,POST,/api/heavy,heavy,0.01,21.64,62.86,249,20.52,21.64,3956.05,7789.48,7960.61,12.4,17.74,0.64,503
7155355a-8c79-42a7-a681-6ea924859bac,2026-06-07T14:14:14.954Z,instance-2,A,burst,heavy,heavy,k6,Exp_A_09,173,POST,/api/heavy,heavy,0.01,21.64,62.86,249,20.52,21.64,3851.96,7789.48,7960.61,12.6,19.05,0.55,503
e5757e6f-6886-4666-bebf-c56cabe9a947,2026-06-07T14:14:14.925Z,instance-2,A,burst,heavy,heavy,k6,Exp_A_09,254,POST,/api/heavy,heavy,0.01,21.64,62.86,199,20.52,21.64,5532.14,7789.48,7960.61,0.2,0,205.52,200
6bafeb4a-d7e8-42e0-a298-ad7384d7fb07,2026-06-07T14:14:14.925Z,instance-2,A,burst,heavy,heavy,k6,Exp_A_09,157,POST,/api/heavy,heavy,0.01,21.64,62.86,200,20.52,21.64,5532.14,7789.48,7960.61,0.4,0,382.55,200
8c333761-7049-42c6-aeb2-7445f1fbdc64,2026-06-07T14:14:14.926Z,instance-2,A,burst,heavy,heavy,k6,Exp_A_09,222,POST,/api/heavy,heavy,0.01,21.64,62.86,201,20.52,21.64,5532.14,7789.48,7960.61,0.6,0,562.82,200
666867ea-cfaf-44b4-a1fd-c81d3c78a69d,2026-06-07T14:14:14.926Z,instance-2,A,burst,heavy,heavy,k6,Exp_A_09,5,POST,/api/heavy,heavy,0.01,21.64,62.86,202,20.52,21.64,5532.14,7789.48,7960.61,0.8,0,720.94,200
93aa9d22-10f4-4c35-9e75-639151c943d4,2026-06-07T14:14:14.926Z,instance-2,A,burst,heavy,heavy,k6,Exp_A_09,19,POST,/api/heavy,heavy,0.01,21.64,62.86,203,20.52,21.64,5532.14,7789.48,7960.61,1,0,932.74,200
51f10fae-60fd-4088-9429-4b588d00b512,2026-06-07T14:14:14.926Z,instance-2,A,burst,heavy,heavy,k6,Exp_A_09,16,POST,/api/heavy,heavy,0.01,21.64,62.86,204,20.52,21.64,5532.14,7789.48,7960.61,1.2,0,1124.23,200
1d963952-e110-4f43-8915-fccccdbc448c,2026-06-07T14:14:14.926Z,instance-2,A,burst,heavy,heavy,k6,Exp_A_09,56,POST,/api/heavy,heavy,0.01,21.64,62.86,205,20.52,21.64,5532.14,7789.48,7960.61,1.4,0,1354.82,200
165a43c0-0982-4623-b4dc-e54ceefda0eb,2026-06-07T14:14:14.927Z,instance-2,A,burst,heavy,heavy,k6,Exp_A_09,145,POST,/api/heavy,heavy,0.01,21.64,62.86,206,20.52,21.64,5532.14,7789.48,7960.61,1.6,0,1523.26,200
1ec88715-2949-4de1-bf8b-52dfbedad234,2026-06-07T14:14:14.927Z,instance-2,A,burst,heavy,heavy,k6,Exp_A_09,14,POST,/api/heavy,heavy,0.01,21.64,62.86,207,20.52,21.64,5532.14,7789.48,7960.61,1.8,0,1679.07,200
b97e9d89-5bb3-4540-ab46-e5264195d5f1,2026-06-07T14:14:14.927Z,instance-2,A,burst,heavy,heavy,k6,Exp_A_09,1,POST,/api/heavy,heavy,0.01,21.64,62.86,208,20.52,21.64,5532.14,7789.48,7960.61,2,0,1840.45,200
5d9c136a-f43b-4c1f-9822-cd4f70033e54,2026-06-07T14:14:14.927Z,instance-2,A,burst,heavy,heavy,k6,Exp_A_09,49,POST,/api/heavy,heavy,0.01,21.64,62.86,209,20.52,21.64,5532.14,7789.48,7960.61,2.2,0,1990.59,200
536034b3-d3e0-42a1-82b6-aa26d60f5024,2026-06-07T14:14:14.927Z,instance-2,A,burst,heavy,heavy,k6,Exp_A_09,66,POST,/api/heavy,heavy,0.01,21.64,62.86,210,20.52,21.64,5532.14,7789.48,7960.61,2.4,0,2191.1,200
41fec2e7-2d21-416f-8281-9b4e1e891131,2026-06-07T14:14:14.927Z,instance-2,A,burst,heavy,heavy,k6,Exp_A_09,84,POST,/api/heavy,heavy,0.01,21.64,62.86,211,20.52,21.64,5532.14,7789.48,7960.61,2.6,0,2362.23,200
5208c016-7f4d-46d6-ae2f-9358b11ed01a,2026-06-07T14:14:14.927Z,instance-2,A,burst,heavy,heavy,k6,Exp_A_09,136,POST,/api/heavy,heavy,0.01,21.64,62.86,212,20.52,21.64,5532.14,7789.48,7960.61,2.8,0,2511.16,200
d8f72d3a-26d6-4ef3-99aa-60555232672e,2026-06-07T14:14:14.927Z,instance-2,A,burst,heavy,heavy,k6,Exp_A_09,230,POST,/api/heavy,heavy,0.01,21.64,62.86,213,20.52,21.64,5532.14,7789.48,7960.61,3,0,2654.39,200
600614f9-a780-4973-8170-026397afb5ec,2026-06-07T14:14:14.928Z,instance-2,A,burst,heavy,heavy,k6,Exp_A_09,220,POST,/api/heavy,heavy,0.01,21.64,62.86,214,20.52,21.64,5532.14,7789.48,7960.61,3.2,0,2839.97,200
c2c26849-d588-4ad8-8778-06cf85cc0319,2026-06-07T14:14:14.928Z,instance-2,A,burst,heavy,heavy,k6,Exp_A_09,250,POST,/api/heavy,heavy,0.01,21.64,62.86,215,20.52,21.64,5532.14,7789.48,7960.61,3.4,0,2987.59,200
83a647e8-63ca-4b59-aa29-1f32f1ea6055,2026-06-07T14:14:14.928Z,instance-2,A,burst,heavy,heavy,k6,Exp_A_09,226,POST,/api/heavy,heavy,0.01,21.64,62.86,216,20.52,21.64,5532.14,7789.48,7960.61,3.6,0,3166.58,200
cb335db2-92eb-43dc-9ed2-8af57c409a76,2026-06-07T14:14:14.928Z,instance-2,A,burst,heavy,heavy,k6,Exp_A_09,94,POST,/api/heavy,heavy,0.01,21.64,62.86,217,20.52,21.64,5532.14,7789.48,7960.61,3.8,0,3357.48,200
c0208647-96db-4adc-8522-f414b59da32c,2026-06-07T14:14:14.929Z,instance-2,A,burst,heavy,heavy,k6,Exp_A_09,79,POST,/api/heavy,heavy,0.01,21.64,62.86,218,20.52,21.64,5532.14,7789.48,7960.61,4,0,3535.07,200
33c7de36-74c9-4057-8d21-c6971f38284c,2026-06-07T14:14:14.929Z,instance-2,A,burst,heavy,heavy,k6,Exp_A_09,148,POST,/api/heavy,heavy,0.01,21.64,62.86,219,20.52,21.64,5532.14,7789.48,7960.61,4.2,0,3715.88,200
ac30c783-9968-4098-9a07-e24e7154e290,2026-06-07T14:14:14.930Z,instance-2,A,burst,heavy,heavy,k6,Exp_A_09,168,POST,/api/heavy,heavy,0.01,21.64,62.86,220,20.52,21.64,5532.14,7789.48,7960.61,4.4,0,3915.84,200
9276e5e0-0624-484a-8983-0f141652036b,2026-06-07T14:14:14.931Z,instance-2,A,burst,heavy,heavy,k6,Exp_A_09,248,POST,/api/heavy,heavy,0.01,21.64,62.86,221,20.52,21.64,5532.14,7789.48,7960.61,4.6,0,4092.71,200
8ebd24b6-11c3-4931-9963-ceecf4bff474,2026-06-07T14:14:14.931Z,instance-2,A,burst,heavy,heavy,k6,Exp_A_09,205,POST,/api/heavy,heavy,0.01,21.64,62.86,222,20.52,21.64,5532.14,7789.48,7960.61,4.8,0,4290.53,200
148297c0-d1bf-4842-940c-2de82fa0e2f8,2026-06-07T14:14:14.932Z,instance-2,A,burst,heavy,heavy,k6,Exp_A_09,178,POST,/api/heavy,heavy,0.01,21.64,62.86,223,20.52,21.64,5532.14,7789.48,7960.61,5,0,4433.42,200
8f392609-26a2-4a58-aed4-adc9dc947b27,2026-06-07T14:14:14.932Z,instance-2,A,burst,heavy,heavy,k6,Exp_A_09,238,POST,/api/heavy,heavy,0.01,21.64,62.86,224,20.52,21.64,5532.14,7789.48,7960.61,5.2,0,4625.96,200
b901e1ac-3e74-408d-bbaf-170caad84628,2026-06-07T14:14:06.503Z,instance-1,A,burst,heavy,heavy,k6,Exp_A_09,164,POST,/api/heavy,heavy,0.01,168.48,63.3,165,24.55,168.48,3756.56,5954,6181.98,9.6,18.75,8901.56,200
6cc0e42e-c2e4-4989-80d6-6f845a4ace99,2026-06-07T14:14:14.933Z,instance-2,A,burst,heavy,heavy,k6,Exp_A_09,102,POST,/api/heavy,heavy,0.01,21.64,62.86,225,20.52,21.64,5532.14,7789.48,7960.61,5.4,0,4785.72,200
ea1b3af6-a44b-400c-aaa3-33ebe53f6dbc,2026-06-07T14:14:14.933Z,instance-2,A,burst,heavy,heavy,k6,Exp_A_09,122,POST,/api/heavy,heavy,0.01,21.64,62.86,226,20.52,21.64,5532.14,7789.48,7960.61,5.6,0,4954.01,200
977a2b34-c17e-4597-af8f-0b3f239bd6f4,2026-06-07T14:14:14.934Z,instance-2,A,burst,heavy,heavy,k6,Exp_A_09,125,POST,/api/heavy,heavy,0.01,21.64,62.86,227,20.52,21.64,5532.14,7789.48,7960.61,5.8,0,5116.26,200
8023a2fe-9512-4a0f-a71a-deca66c94970,2026-06-07T14:14:14.934Z,instance-2,A,burst,heavy,heavy,k6,Exp_A_09,38,POST,/api/heavy,heavy,0.01,21.64,62.86,228,20.52,21.64,5532.14,7789.48,7960.61,6,0,5291.93,200
538f3741-09bd-48d6-9300-530c7c75a6c0,2026-06-07T14:14:14.934Z,instance-2,A,burst,heavy,heavy,k6,Exp_A_09,87,POST,/api/heavy,heavy,0.01,21.64,62.86,229,20.52,21.64,5532.14,7789.48,7960.61,6.2,0,5434.45,200
e2e53345-4921-4bcf-b5b7-190418c78db9,2026-06-07T14:14:14.935Z,instance-2,A,burst,heavy,heavy,k6,Exp_A_09,131,POST,/api/heavy,heavy,0.01,21.64,62.86,230,20.52,21.64,5532.14,7789.48,7960.61,6.4,0,5588.93,200
d40036d8-9d49-4edb-87af-4ab03392cde8,2026-06-07T14:14:14.935Z,instance-2,A,burst,heavy,heavy,k6,Exp_A_09,139,POST,/api/heavy,heavy,0.01,21.64,62.86,231,20.52,21.64,5532.14,7789.48,7960.61,6.6,0,5784.92,200
0118a5c4-0314-4e29-869f-3ce5c2c04bde,2026-06-07T14:14:14.935Z,instance-2,A,burst,heavy,heavy,k6,Exp_A_09,50,POST,/api/heavy,heavy,0.01,21.64,62.86,232,20.52,21.64,5532.14,7789.48,7960.61,6.8,0,5981.71,200
ad18952d-43f6-4fe2-b122-445e2dd27140,2026-06-07T14:14:14.935Z,instance-2,A,burst,heavy,heavy,k6,Exp_A_09,130,POST,/api/heavy,heavy,0.01,21.64,62.86,233,20.52,21.64,5532.14,7789.48,7960.61,7,0,6178.04,200
83de852e-90de-4dcc-972c-73d7afd54686,2026-06-07T14:14:14.936Z,instance-2,A,burst,heavy,heavy,k6,Exp_A_09,18,POST,/api/heavy,heavy,0.01,21.64,62.86,234,20.52,21.64,5532.14,7789.48,7960.61,7.2,0,6355.68,200
29d389ac-0478-4da5-b312-4fd3ae9188ab,2026-06-07T14:14:14.936Z,instance-2,A,burst,heavy,heavy,k6,Exp_A_09,251,POST,/api/heavy,heavy,0.01,21.64,62.86,235,20.52,21.64,5532.14,7789.48,7960.61,7.4,0,6537.64,200
766e966c-92b0-4225-8c63-63416b3b4373,2026-06-07T14:14:14.936Z,instance-2,A,burst,heavy,heavy,k6,Exp_A_09,88,POST,/api/heavy,heavy,0.01,21.64,62.86,236,20.52,21.64,5532.14,7789.48,7960.61,7.6,0,6686.3,200
1198fa07-46d5-4793-8fdc-9b6252f30bc8,2026-06-07T14:14:14.936Z,instance-2,A,burst,heavy,heavy,k6,Exp_A_09,180,POST,/api/heavy,heavy,0.01,21.64,62.86,237,20.52,21.64,5532.14,7789.48,7960.61,7.8,0,6867.12,200
32b29cce-b348-4b9b-924c-c9cb7777aa91,2026-06-07T14:14:14.936Z,instance-2,A,burst,heavy,heavy,k6,Exp_A_09,20,POST,/api/heavy,heavy,0.01,21.64,62.86,238,20.52,21.64,5532.14,7789.48,7960.61,8,0,7055.32,200
bc9005fc-20d6-4531-8e97-4c832bca5446,2026-06-07T14:14:14.937Z,instance-2,A,burst,heavy,heavy,k6,Exp_A_09,113,POST,/api/heavy,heavy,0.01,21.64,62.86,239,20.52,21.64,5532.14,7789.48,7960.61,8.2,0,7245.05,200
067dc19b-e675-4fe2-bed8-6fa891734943,2026-06-07T14:14:14.938Z,instance-2,A,burst,heavy,heavy,k6,Exp_A_09,161,POST,/api/heavy,heavy,0.01,21.64,62.86,240,20.52,21.64,5532.14,7789.48,7960.61,8.4,0,7437.29,200
3c4a921c-992f-405c-ada6-97d8331e34e8,2026-06-07T14:14:14.938Z,instance-2,A,burst,heavy,heavy,k6,Exp_A_09,61,POST,/api/heavy,heavy,0.01,21.64,62.86,241,20.52,21.64,5532.14,7789.48,7960.61,8.6,0,7613.67,200
df418905-6a05-4ef4-b852-98ea59ef559a,2026-06-07T14:14:14.938Z,instance-2,A,burst,heavy,heavy,k6,Exp_A_09,192,POST,/api/heavy,heavy,0.01,21.64,62.86,242,20.52,21.64,5532.14,7789.48,7960.61,8.8,0,7802.52,200
a69afb10-1087-4692-afe2-e1cf2a0e9f77,2026-06-07T14:14:14.939Z,instance-2,A,burst,heavy,heavy,k6,Exp_A_09,246,POST,/api/heavy,heavy,0.01,21.64,62.86,243,20.52,21.64,5532.14,7789.48,7960.61,9,0,7993.29,200
ed13e805-74a0-4ab0-af4c-28672ae2f678,2026-06-07T14:14:14.939Z,instance-2,A,burst,heavy,heavy,k6,Exp_A_09,232,POST,/api/heavy,heavy,0.01,21.64,62.86,244,20.52,21.64,5532.14,7789.48,7960.61,9.2,0,8157.2,200
1c1cd255-e892-47de-9402-0bead94b1b82,2026-06-07T14:14:14.939Z,instance-2,A,burst,heavy,heavy,k6,Exp_A_09,235,POST,/api/heavy,heavy,0.01,21.64,62.86,245,20.52,21.64,5532.14,7789.48,7960.61,9.4,0,8349.37,200
fd01be11-c0c6-40ef-b362-d96c32c3b0a2,2026-06-07T14:14:14.939Z,instance-2,A,burst,heavy,heavy,k6,Exp_A_09,260,POST,/api/heavy,heavy,0.01,21.64,62.86,246,20.52,21.64,5532.14,7789.48,7960.61,9.6,0,8527.6,200
9fc24cce-9ad2-4d38-a567-e93d54757182,2026-06-07T14:14:14.939Z,instance-2,A,burst,heavy,heavy,k6,Exp_A_09,150,POST,/api/heavy,heavy,0.01,21.64,62.86,247,20.52,21.64,5532.14,7789.48,7960.61,9.8,0,8702.93,200
14d4bda7-b0c2-4a8d-b6fa-c8edc6fdddbf,2026-06-07T14:14:14.939Z,instance-2,A,burst,heavy,heavy,k6,Exp_A_09,23,POST,/api/heavy,heavy,0.01,21.64,62.86,248,20.52,21.64,5532.14,7789.48,7960.61,10,0,8890.59,200
bf282de7-cc9a-4c8e-aa48-f03736951600,2026-06-07T14:14:23.849Z,instance-2,A,burst,heavy,heavy,k6,Exp_A_09,140,POST,/api/heavy,heavy,0.01,17.2,63.02,199,42.35,17.2,6368.83,8702.93,8890.59,0.2,1300,215.61,200
c4131e96-9c53-4d81-9b72-e52dfa3bfdc1,2026-06-07T14:14:23.849Z,instance-2,A,burst,heavy,heavy,k6,Exp_A_09,195,POST,/api/heavy,heavy,0.01,17.2,63.02,200,42.35,17.2,6368.83,8702.93,8890.59,0.4,650,376.29,200
6fd01230-4af8-4e73-95f9-801d3d0d04f7,2026-06-07T14:14:23.850Z,instance-2,A,burst,heavy,heavy,k6,Exp_A_09,54,POST,/api/heavy,heavy,0.01,17.2,63.02,201,42.35,17.2,6368.83,8702.93,8890.59,0.6,433.33,539.71,200
2ccfaaaf-c57d-43d8-a9db-118b30cbb203,2026-06-07T14:14:23.850Z,instance-2,A,burst,heavy,heavy,k6,Exp_A_09,236,POST,/api/heavy,heavy,0.01,17.2,63.02,202,42.35,17.2,6368.83,8702.93,8890.59,0.8,325,702.28,200
289dd850-fd16-4d4b-89c5-54d64416e6a6,2026-06-07T14:14:23.851Z,instance-2,A,burst,heavy,heavy,k6,Exp_A_09,187,POST,/api/heavy,heavy,0.01,17.2,63.02,203,42.35,17.2,6368.83,8702.93,8890.59,1,260,860.48,200
994ed61e-fbbc-4128-b86d-0ae79c2092a3,2026-06-07T14:14:23.851Z,instance-2,A,burst,heavy,heavy,k6,Exp_A_09,12,POST,/api/heavy,heavy,0.01,17.2,63.02,204,42.35,17.2,6368.83,8702.93,8890.59,1.2,216.67,1033.32,200
294fa1c9-a927-42c3-a85c-c6bcf6c7422a,2026-06-07T14:14:23.851Z,instance-2,A,burst,heavy,heavy,k6,Exp_A_09,80,POST,/api/heavy,heavy,0.01,17.2,63.02,205,42.35,17.2,6368.83,8702.93,8890.59,1.4,185.71,1197.59,200
9e53aa03-6bdd-487d-a861-7c2d20f391e9,2026-06-07T14:14:23.852Z,instance-2,A,burst,heavy,heavy,k6,Exp_A_09,255,POST,/api/heavy,heavy,0.01,17.2,63.02,206,42.35,17.2,6368.83,8702.93,8890.59,1.6,162.5,1365.53,200
b1c9b526-2da8-4cde-bf59-231356f33b6d,2026-06-07T14:14:23.852Z,instance-2,A,burst,heavy,heavy,k6,Exp_A_09,216,POST,/api/heavy,heavy,0.01,17.2,63.02,207,42.35,17.2,6368.83,8702.93,8890.59,1.8,144.44,1567.96,200
3c0645ec-f0a3-4426-a6a4-9daaee3a2f29,2026-06-07T14:14:23.853Z,instance-2,A,burst,heavy,heavy,k6,Exp_A_09,149,POST,/api/heavy,heavy,0.01,17.2,63.02,208,42.35,17.2,6368.83,8702.93,8890.59,2,130,1745.22,200
d9f38277-8a33-4935-b8b9-4ec373ad0097,2026-06-07T14:14:23.853Z,instance-2,A,burst,heavy,heavy,k6,Exp_A_09,112,POST,/api/heavy,heavy,0.01,17.2,63.02,209,42.35,17.2,6368.83,8702.93,8890.59,2.2,118.18,1902.75,200
bb5cc2d7-1d82-44f6-939c-02c5720db4f7,2026-06-07T14:14:23.854Z,instance-2,A,burst,heavy,heavy,k6,Exp_A_09,82,POST,/api/heavy,heavy,0.01,17.2,63.02,210,42.35,17.2,6368.83,8702.93,8890.59,2.4,108.33,2074.92,200
0fdf035b-b504-4c56-b1cb-45b3c469f971,2026-06-07T14:14:23.854Z,instance-2,A,burst,heavy,heavy,k6,Exp_A_09,44,POST,/api/heavy,heavy,0.01,17.2,63.02,211,42.35,17.2,6368.83,8702.93,8890.59,2.6,100,2235.35,200
0afc9594-f152-4178-bf63-c1df6702a898,2026-06-07T14:14:23.855Z,instance-2,A,burst,heavy,heavy,k6,Exp_A_09,104,POST,/api/heavy,heavy,0.01,17.2,63.02,212,42.35,17.2,6368.83,8702.93,8890.59,2.8,92.86,2426.54,200
f5d344ee-6244-42ef-85fe-06a7bc040239,2026-06-07T14:14:23.855Z,instance-2,A,burst,heavy,heavy,k6,Exp_A_09,242,POST,/api/heavy,heavy,0.01,17.2,63.02,213,42.35,17.2,6368.83,8702.93,8890.59,3,86.67,2625.2,200
8bea82f0-bd5b-4ae4-9b12-ff6d1b1413cb,2026-06-07T14:14:23.856Z,instance-2,A,burst,heavy,heavy,k6,Exp_A_09,98,POST,/api/heavy,heavy,0.01,17.2,63.02,214,42.35,17.2,6368.83,8702.93,8890.59,3.2,81.25,2800.74,200
3c6ad815-3668-4d4c-a2a0-aa67d733fe85,2026-06-07T14:14:23.856Z,instance-2,A,burst,heavy,heavy,k6,Exp_A_09,28,POST,/api/heavy,heavy,0.01,17.2,63.02,215,42.35,17.2,6368.83,8702.93,8890.59,3.4,76.47,2957.15,200
e122912a-d4e5-4c80-9df8-67376edebca4,2026-06-07T14:14:23.857Z,instance-2,A,burst,heavy,heavy,k6,Exp_A_09,48,POST,/api/heavy,heavy,0.01,17.2,63.02,216,42.35,17.2,6368.83,8702.93,8890.59,3.6,72.22,3154.24,200
65b46f8b-97b5-4496-a5ab-a6f64f5bc96e,2026-06-07T14:14:23.858Z,instance-2,A,burst,heavy,heavy,k6,Exp_A_09,217,POST,/api/heavy,heavy,0.01,17.2,63.02,217,42.35,17.2,6368.83,8702.93,8890.59,3.8,68.42,3336.13,200
c0d0c956-9ec1-441a-bf3f-2dcf84ef60d2,2026-06-07T14:14:23.859Z,instance-2,A,burst,heavy,heavy,k6,Exp_A_09,83,POST,/api/heavy,heavy,0.01,17.2,63.02,218,42.35,17.2,6368.83,8702.93,8890.59,4,65,3480.89,200
ef6d0132-a471-487e-b490-2aeabab9a5f8,2026-06-07T14:14:23.859Z,instance-2,A,burst,heavy,heavy,k6,Exp_A_09,76,POST,/api/heavy,heavy,0.01,17.2,63.02,219,42.35,17.2,6368.83,8702.93,8890.59,4.2,61.9,3657.64,200
402f6a31-0c70-41d8-be7c-cbf2b67ab305,2026-06-07T14:14:23.860Z,instance-2,A,burst,heavy,heavy,k6,Exp_A_09,244,POST,/api/heavy,heavy,0.01,17.2,63.02,220,42.35,17.2,6368.83,8702.93,8890.59,4.4,59.09,3826.41,200
5d598010-5ebd-46e4-9734-d60cd06ab04f,2026-06-07T14:14:23.860Z,instance-2,A,burst,heavy,heavy,k6,Exp_A_09,90,POST,/api/heavy,heavy,0.01,17.2,63.02,221,42.35,17.2,6368.83,8702.93,8890.59,4.6,56.52,3976.86,200
cb3b2760-64e1-4be1-8023-b4adf817eb40,2026-06-07T14:14:23.860Z,instance-2,A,burst,heavy,heavy,k6,Exp_A_09,181,POST,/api/heavy,heavy,0.01,17.2,63.02,222,42.35,17.2,6368.83,8702.93,8890.59,4.8,54.17,4149.53,200
9966c412-c3ef-4bb0-bf84-87f1f253d8ee,2026-06-07T14:14:23.861Z,instance-2,A,burst,heavy,heavy,k6,Exp_A_09,144,POST,/api/heavy,heavy,0.01,17.2,63.02,223,42.35,17.2,6368.83,8702.93,8890.59,5,52,4308.99,200
33fbe821-345a-4a4f-9d92-08f209a07855,2026-06-07T14:14:23.861Z,instance-2,A,burst,heavy,heavy,k6,Exp_A_09,237,POST,/api/heavy,heavy,0.01,17.2,63.02,224,42.35,17.2,6368.83,8702.93,8890.59,5.2,50,4457.87,200
2cc74d1c-4e32-40d9-90a2-d0628789890c,2026-06-07T14:14:23.862Z,instance-2,A,burst,heavy,heavy,k6,Exp_A_09,249,POST,/api/heavy,heavy,0.01,17.2,63.02,225,42.35,17.2,6368.83,8702.93,8890.59,5.4,48.15,4631.77,200
4cf36a19-a2cb-4f47-8cc7-7de47e416ece,2026-06-07T14:14:23.862Z,instance-2,A,burst,heavy,heavy,k6,Exp_A_09,147,POST,/api/heavy,heavy,0.01,17.2,63.02,226,42.35,17.2,6368.83,8702.93,8890.59,5.6,46.43,4790.05,200
5f8ccd9d-5a44-4276-a342-0c07503b0ace,2026-06-07T14:14:23.862Z,instance-2,A,burst,heavy,heavy,k6,Exp_A_09,257,POST,/api/heavy,heavy,0.01,17.2,63.02,227,42.35,17.2,6368.83,8702.93,8890.59,5.8,44.83,4950.08,200
c149079b-3b45-4203-aa8e-7b62f2c5fdb4,2026-06-07T14:14:23.863Z,instance-2,A,burst,heavy,heavy,k6,Exp_A_09,202,POST,/api/heavy,heavy,0.01,17.2,63.02,228,42.35,17.2,6368.83,8702.93,8890.59,6,43.33,5135.86,200
e3ed05a7-63a8-4f6c-8b1f-5354d95fde4a,2026-06-07T14:14:23.863Z,instance-2,A,burst,heavy,heavy,k6,Exp_A_09,227,POST,/api/heavy,heavy,0.01,17.2,63.02,229,42.35,17.2,6368.83,8702.93,8890.59,6.2,41.94,5307.66,200
74c0e7bc-06d0-4d5c-a149-1656516da9fa,2026-06-07T14:14:23.863Z,instance-2,A,burst,heavy,heavy,k6,Exp_A_09,78,POST,/api/heavy,heavy,0.01,17.2,63.02,230,42.35,17.2,6368.83,8702.93,8890.59,6.4,40.63,5451.93,200
0e797241-8aa2-4ba1-957e-f12f49c52b13,2026-06-07T14:14:29.339Z,instance-2,A,burst,heavy,heavy,k6,Exp_A_09,134,POST,/api/heavy,heavy,0.01,129.93,64.41,249,33.73,129.93,3021.69,5307.66,5451.93,10.2,25.49,0.35,503
658bcd0c-8589-4b95-8a47-2c56d83013c7,2026-06-07T14:14:29.329Z,instance-2,A,burst,heavy,heavy,k6,Exp_A_09,226,POST,/api/heavy,heavy,0.01,129.93,64.41,199,33.73,129.93,3021.69,5307.66,5451.93,0.2,1300,208.78,200
1a2de2dc-eaa7-426c-8d5b-090770fd115e,2026-06-07T14:14:29.329Z,instance-2,A,burst,heavy,heavy,k6,Exp_A_09,140,POST,/api/heavy,heavy,0.01,129.93,64.41,200,33.73,129.93,3021.69,5307.66,5451.93,0.4,650,398.86,200
59e0d2f5-205a-4866-a5df-39716df0cfad,2026-06-07T14:14:29.329Z,instance-2,A,burst,heavy,heavy,k6,Exp_A_09,195,POST,/api/heavy,heavy,0.01,129.93,64.41,201,33.73,129.93,3021.69,5307.66,5451.93,0.6,433.33,564.78,200
adbdaa5e-7d2e-4f3a-b7b9-4e1614c70a6e,2026-06-07T14:14:29.330Z,instance-2,A,burst,heavy,heavy,k6,Exp_A_09,54,POST,/api/heavy,heavy,0.01,129.93,64.41,202,33.73,129.93,3021.69,5307.66,5451.93,0.8,325,742.53,200
eedc081d-97c9-4c9c-aa35-09a1d827aef6,2026-06-07T14:14:29.330Z,instance-2,A,burst,heavy,heavy,k6,Exp_A_09,148,POST,/api/heavy,heavy,0.01,129.93,64.41,203,33.73,129.93,3021.69,5307.66,5451.93,1,260,905.39,200
10282767-613a-4d19-a88b-a618ff922df8,2026-06-07T14:14:29.330Z,instance-2,A,burst,heavy,heavy,k6,Exp_A_09,187,POST,/api/heavy,heavy,0.01,129.93,64.41,204,33.73,129.93,3021.69,5307.66,5451.93,1.2,216.67,1126.14,200
2ee5da53-1c0f-4ffa-a4cc-a826b883266e,2026-06-07T14:14:29.330Z,instance-2,A,burst,heavy,heavy,k6,Exp_A_09,168,POST,/api/heavy,heavy,0.01,129.93,64.41,205,33.73,129.93,3021.69,5307.66,5451.93,1.4,185.71,1324.2,200
6ceef218-2fc0-4604-b28d-a8f1259ef92d,2026-06-07T14:14:29.330Z,instance-2,A,burst,heavy,heavy,k6,Exp_A_09,175,POST,/api/heavy,heavy,0.01,129.93,64.41,206,33.73,129.93,3021.69,5307.66,5451.93,1.6,162.5,1511.41,200
2a785f47-032c-484b-8c17-875fc261ed6b,2026-06-07T14:14:29.330Z,instance-2,A,burst,heavy,heavy,k6,Exp_A_09,80,POST,/api/heavy,heavy,0.01,129.93,64.41,207,33.73,129.93,3021.69,5307.66,5451.93,1.8,144.44,1706.73,200
0aa0b06c-5f3f-46c8-953b-31de01e82da0,2026-06-07T14:14:29.330Z,instance-2,A,burst,heavy,heavy,k6,Exp_A_09,216,POST,/api/heavy,heavy,0.01,129.93,64.41,208,33.73,129.93,3021.69,5307.66,5451.93,2,130,1902.69,200
b217d07e-fb35-41ce-9e96-c855c2fe9b2f,2026-06-07T14:14:29.331Z,instance-2,A,burst,heavy,heavy,k6,Exp_A_09,125,POST,/api/heavy,heavy,0.01,129.93,64.41,209,33.73,129.93,3021.69,5307.66,5451.93,2.2,118.18,2098.17,200
de4db23e-ab95-4952-8bfd-b53bede2e45a,2026-06-07T14:14:29.331Z,instance-2,A,burst,heavy,heavy,k6,Exp_A_09,149,POST,/api/heavy,heavy,0.01,129.93,64.41,210,33.73,129.93,3021.69,5307.66,5451.93,2.4,108.33,2314.1,200
be37488a-3dbc-4e20-9220-c369373e1396,2026-06-07T14:14:29.331Z,instance-2,A,burst,heavy,heavy,k6,Exp_A_09,129,POST,/api/heavy,heavy,0.01,129.93,64.41,211,33.73,129.93,3021.69,5307.66,5451.93,2.6,100,2477.97,200
1c5514b1-49b3-47c7-a703-7b427a855d15,2026-06-07T14:14:29.331Z,instance-2,A,burst,heavy,heavy,k6,Exp_A_09,211,POST,/api/heavy,heavy,0.01,129.93,64.41,212,33.73,129.93,3021.69,5307.66,5451.93,2.8,92.86,2625.25,200
04c89533-4b64-42f7-8e60-b4412fbe6e75,2026-06-07T14:14:29.331Z,instance-2,A,burst,heavy,heavy,k6,Exp_A_09,186,POST,/api/heavy,heavy,0.01,129.93,64.41,213,33.73,129.93,3021.69,5307.66,5451.93,3,86.67,2801.19,200
4bf94f17-b23f-4f1d-a1be-60affff433ad,2026-06-07T14:14:29.331Z,instance-2,A,burst,heavy,heavy,k6,Exp_A_09,81,POST,/api/heavy,heavy,0.01,129.93,64.41,214,33.73,129.93,3021.69,5307.66,5451.93,3.2,81.25,3009.98,200
857b51a2-415e-441a-a43c-3ccba60e5a4c,2026-06-07T14:14:29.331Z,instance-2,A,burst,heavy,heavy,k6,Exp_A_09,30,POST,/api/heavy,heavy,0.01,129.93,64.41,215,33.73,129.93,3021.69,5307.66,5451.93,3.4,76.47,3210.05,200
769617f6-e8fe-4c47-a252-86caf52cdf7a,2026-06-07T14:14:29.332Z,instance-2,A,burst,heavy,heavy,k6,Exp_A_09,108,POST,/api/heavy,heavy,0.01,129.93,64.41,216,33.73,129.93,3021.69,5307.66,5451.93,3.6,72.22,3381.6,200
9fcff316-f0c0-4768-a60c-3fa7a71a9d3b,2026-06-07T14:14:29.332Z,instance-2,A,burst,heavy,heavy,k6,Exp_A_09,44,POST,/api/heavy,heavy,0.01,129.93,64.41,217,33.73,129.93,3021.69,5307.66,5451.93,3.8,68.42,3598.83,200
41531975-e067-479c-bc1a-261785cfa8a4,2026-06-07T14:14:29.332Z,instance-2,A,burst,heavy,heavy,k6,Exp_A_09,170,POST,/api/heavy,heavy,0.01,129.93,64.41,218,33.73,129.93,3021.69,5307.66,5451.93,4,65,3791.84,200
10536348-abe2-44d1-9f7d-b331b159c9a9,2026-06-07T14:14:29.332Z,instance-2,A,burst,heavy,heavy,k6,Exp_A_09,114,POST,/api/heavy,heavy,0.01,129.93,64.41,219,33.73,129.93,3021.69,5307.66,5451.93,4.2,61.9,4000.62,200
2cdeba99-6a8b-464a-952e-b2cdbf69478b,2026-06-07T14:14:29.333Z,instance-2,A,burst,heavy,heavy,k6,Exp_A_09,47,POST,/api/heavy,heavy,0.01,129.93,64.41,220,33.73,129.93,3021.69,5307.66,5451.93,4.4,59.09,4232.77,200
fb349c86-448c-4071-827a-fd3cab4ae9f0,2026-06-07T14:14:29.333Z,instance-2,A,burst,heavy,heavy,k6,Exp_A_09,25,POST,/api/heavy,heavy,0.01,129.93,64.41,221,33.73,129.93,3021.69,5307.66,5451.93,4.6,56.52,4407.68,200
d03fdb86-48e0-47cd-8877-77c86ba6a0f2,2026-06-07T14:14:29.334Z,instance-2,A,burst,heavy,heavy,k6,Exp_A_09,98,POST,/api/heavy,heavy,0.01,129.93,64.41,222,33.73,129.93,3021.69,5307.66,5451.93,4.8,54.17,4603.78,200
83fcca05-4ca4-4207-a92c-c30081f564ac,2026-06-07T14:14:29.334Z,instance-2,A,burst,heavy,heavy,k6,Exp_A_09,28,POST,/api/heavy,heavy,0.01,129.93,64.41,223,33.73,129.93,3021.69,5307.66,5451.93,5,52,4856.32,200
b190c3d0-0d70-4b52-8090-b659c785bdee,2026-06-07T14:14:29.335Z,instance-2,A,burst,heavy,heavy,k6,Exp_A_09,101,POST,/api/heavy,heavy,0.01,129.93,64.41,224,33.73,129.93,3021.69,5307.66,5451.93,5.2,50,5053.27,200
dbdaa3cb-e5f8-475f-bbc0-d99ec5be25ef,2026-06-07T14:14:29.335Z,instance-2,A,burst,heavy,heavy,k6,Exp_A_09,46,POST,/api/heavy,heavy,0.01,129.93,64.41,225,33.73,129.93,3021.69,5307.66,5451.93,5.4,48.15,5230.47,200
ff1b4b49-8538-46cc-b48f-f4cbfac5904f,2026-06-07T14:14:29.335Z,instance-2,A,burst,heavy,heavy,k6,Exp_A_09,33,POST,/api/heavy,heavy,0.01,129.93,64.41,226,33.73,129.93,3021.69,5307.66,5451.93,5.6,46.43,5472,200
36c9a0a6-5db8-48bf-b909-a6106cfb1dd4,2026-06-07T14:14:29.335Z,instance-2,A,burst,heavy,heavy,k6,Exp_A_09,179,POST,/api/heavy,heavy,0.01,129.93,64.41,227,33.73,129.93,3021.69,5307.66,5451.93,5.8,44.83,5719.94,200
66342d29-4ddc-4e59-b325-54225ab7dc64,2026-06-07T14:14:29.335Z,instance-2,A,burst,heavy,heavy,k6,Exp_A_09,200,POST,/api/heavy,heavy,0.01,129.93,64.41,228,33.73,129.93,3021.69,5307.66,5451.93,6,43.33,5935.85,200
f6a84cba-1d84-4b9a-b004-ec35dbbc919e,2026-06-07T14:14:29.335Z,instance-2,A,burst,heavy,heavy,k6,Exp_A_09,103,POST,/api/heavy,heavy,0.01,129.93,64.41,229,33.73,129.93,3021.69,5307.66,5451.93,6.2,41.94,6131.46,200
506f86cc-aa5c-4e6c-963b-ad9bed67ecae,2026-06-07T14:14:29.336Z,instance-2,A,burst,heavy,heavy,k6,Exp_A_09,176,POST,/api/heavy,heavy,0.01,129.93,64.41,230,33.73,129.93,3021.69,5307.66,5451.93,6.4,40.63,6352.45,200
54c24ec0-a2f7-42c5-85ba-7a1092f362a6,2026-06-07T14:14:29.336Z,instance-2,A,burst,heavy,heavy,k6,Exp_A_09,144,POST,/api/heavy,heavy,0.01,129.93,64.41,231,33.73,129.93,3021.69,5307.66,5451.93,6.6,39.39,6601.54,200
5d6b29f2-a70b-42ef-82ed-aee8f563f02d,2026-06-07T14:14:29.336Z,instance-2,A,burst,heavy,heavy,k6,Exp_A_09,190,POST,/api/heavy,heavy,0.01,129.93,64.41,232,33.73,129.93,3021.69,5307.66,5451.93,6.8,38.24,6858.69,200
37adf5f2-a735-4016-bfa3-971213846d74,2026-06-07T14:14:29.336Z,instance-2,A,burst,heavy,heavy,k6,Exp_A_09,67,POST,/api/heavy,heavy,0.01,129.93,64.41,233,33.73,129.93,3021.69,5307.66,5451.93,7,37.14,7052.75,200
9b4e12f5-9057-46c3-aebd-cb6be247542b,2026-06-07T14:14:29.336Z,instance-2,A,burst,heavy,heavy,k6,Exp_A_09,191,POST,/api/heavy,heavy,0.01,129.93,64.41,234,33.73,129.93,3021.69,5307.66,5451.93,7.2,36.11,7249.79,200
61e7f1e9-5979-4463-a228-fe23009fdca8,2026-06-07T14:14:29.336Z,instance-2,A,burst,heavy,heavy,k6,Exp_A_09,197,POST,/api/heavy,heavy,0.01,129.93,64.41,235,33.73,129.93,3021.69,5307.66,5451.93,7.4,35.14,7434.42,200
55b49d48-f83c-4bdc-8df0-fd1a36543e10,2026-06-07T14:14:29.336Z,instance-2,A,burst,heavy,heavy,k6,Exp_A_09,158,POST,/api/heavy,heavy,0.01,129.93,64.41,236,33.73,129.93,3021.69,5307.66,5451.93,7.6,34.21,7573.76,200
e09a8b8d-aa63-4151-b156-52bee4982062,2026-06-07T14:14:29.337Z,instance-2,A,burst,heavy,heavy,k6,Exp_A_09,231,POST,/api/heavy,heavy,0.01,129.93,64.41,237,33.73,129.93,3021.69,5307.66,5451.93,7.8,33.33,7750.19,200
a9757b31-1685-4d91-b0e9-61530e883924,2026-06-07T14:14:29.337Z,instance-2,A,burst,heavy,heavy,k6,Exp_A_09,127,POST,/api/heavy,heavy,0.01,129.93,64.41,238,33.73,129.93,3021.69,5307.66,5451.93,8,32.5,7897.34,200
994d0d76-1fcc-4cd1-a90f-d03487717657,2026-06-07T14:14:29.338Z,instance-2,A,burst,heavy,heavy,k6,Exp_A_09,171,POST,/api/heavy,heavy,0.01,129.93,64.41,239,33.73,129.93,3021.69,5307.66,5451.93,8.2,31.71,8094.81,200
68acc372-7c15-407c-b729-418c994c5f85,2026-06-07T14:14:29.338Z,instance-2,A,burst,heavy,heavy,k6,Exp_A_09,212,POST,/api/heavy,heavy,0.01,129.93,64.41,240,33.73,129.93,3021.69,5307.66,5451.93,8.4,30.95,8275.43,200
f5abd785-464e-43de-bd31-49af079dc0d4,2026-06-07T14:14:29.338Z,instance-2,A,burst,heavy,heavy,k6,Exp_A_09,77,POST,/api/heavy,heavy,0.01,129.93,64.41,241,33.73,129.93,3021.69,5307.66,5451.93,8.6,30.23,8429.05,200
147ca1dd-5237-4011-beca-a07cad9d6230,2026-06-07T14:14:29.338Z,instance-2,A,burst,heavy,heavy,k6,Exp_A_09,59,POST,/api/heavy,heavy,0.01,129.93,64.41,242,33.73,129.93,3021.69,5307.66,5451.93,8.8,29.55,8604.32,200
afb21b74-37c1-473c-9828-4c0d6546a0e3,2026-06-07T14:14:29.338Z,instance-2,A,burst,heavy,heavy,k6,Exp_A_09,133,POST,/api/heavy,heavy,0.01,129.93,64.41,243,33.73,129.93,3021.69,5307.66,5451.93,9,28.89,8776.71,200
e3fbcc5e-d446-4bc2-94b5-4158e48575bc,2026-06-07T14:14:29.338Z,instance-2,A,burst,heavy,heavy,k6,Exp_A_09,74,POST,/api/heavy,heavy,0.01,129.93,64.41,244,33.73,129.93,3021.69,5307.66,5451.93,9.2,28.26,8982.98,200
5df14e3c-d0fd-4206-b164-95bb3ccdc9aa,2026-06-07T14:14:29.338Z,instance-2,A,burst,heavy,heavy,k6,Exp_A_09,124,POST,/api/heavy,heavy,0.01,129.93,64.41,245,33.73,129.93,3021.69,5307.66,5451.93,9.4,27.66,9131.6,200
2116c24b-0788-4842-8275-750111ac7e33,2026-06-07T14:14:29.339Z,instance-2,A,burst,heavy,heavy,k6,Exp_A_09,89,POST,/api/heavy,heavy,0.01,129.93,64.41,246,33.73,129.93,3021.69,5307.66,5451.93,9.6,27.08,9319.47,200
9ab567c3-a9e6-49a9-bd0b-fbed6ac77d47,2026-06-07T14:14:29.339Z,instance-2,A,burst,heavy,heavy,k6,Exp_A_09,229,POST,/api/heavy,heavy,0.01,129.93,64.41,247,33.73,129.93,3021.69,5307.66,5451.93,9.8,26.53,9468.04,200
b20caaba-5295-450c-bce4-d06a5e1c024a,2026-06-07T14:14:29.339Z,instance-2,A,burst,heavy,heavy,k6,Exp_A_09,198,POST,/api/heavy,heavy,0.01,129.93,64.41,248,33.73,129.93,3021.69,5307.66,5451.93,10,26,9628.71,200
719b3c1d-8dbb-4145-85f0-dff9c567142f,2026-06-07T14:14:39.999Z,instance-2,A,burst,heavy,heavy,k6,Exp_A_09,5,POST,/api/heavy,heavy,0.01,0,65.25,199,0.01,29.58,7380.05,9468.04,9628.71,0.2,100,171.63,200
c9af8e73-a849-41e2-96e8-fd3fc8a4e6d8,2026-06-07T14:14:40.172Z,instance-2,A,burst,heavy,heavy,k6,Exp_A_09,179,POST,/api/heavy,heavy,0.01,0,65.25,199,0.01,29.58,7532.77,9468.04,9628.71,0.4,50,196.1,200
169c97c1-c8b7-4c13-8554-8ca2892c7fbf,2026-06-07T14:14:06.504Z,instance-1,A,burst,heavy,heavy,k6,Exp_A_09,210,POST,/api/heavy,heavy,0.01,168.48,63.3,166,24.55,168.48,3756.56,5954,6181.98,9.8,18.37,9115.92,200
b81c0c6e-0d4f-41c4-a41f-2ae8332f7bb4,2026-06-07T14:14:06.504Z,instance-1,A,burst,heavy,heavy,k6,Exp_A_09,13,POST,/api/heavy,heavy,0.01,168.48,63.3,167,24.55,168.48,3756.56,5954,6181.98,10,18,9276.25,200
7b6c3d02-c507-47b5-8d17-6ac33be6b6e9,2026-06-07T14:14:15.798Z,instance-1,A,burst,heavy,heavy,k6,Exp_A_09,314,POST,/api/heavy,heavy,0.01,103.66,63.47,118,39.82,103.66,6914.49,9115.92,9276.25,0.2,1300,188.38,200
331073eb-268e-4950-a27a-d7cfc84932eb,2026-06-07T14:14:15.799Z,instance-1,A,burst,heavy,heavy,k6,Exp_A_09,310,POST,/api/heavy,heavy,0.01,103.66,63.47,119,39.82,103.66,6914.49,9115.92,9276.25,0.4,650,361.8,200
370505aa-a292-498f-895d-9480a986d25e,2026-06-07T14:14:15.799Z,instance-1,A,burst,heavy,heavy,k6,Exp_A_09,111,POST,/api/heavy,heavy,0.01,103.66,63.47,120,39.82,103.66,6914.49,9115.92,9276.25,0.6,433.33,531.03,200
41a25980-80da-47a6-8c53-9759919dcb4f,2026-06-07T14:14:15.799Z,instance-1,A,burst,heavy,heavy,k6,Exp_A_09,2,POST,/api/heavy,heavy,0.01,103.66,63.47,121,39.82,103.66,6914.49,9115.92,9276.25,0.8,325,739.21,200
c418b7b0-024d-4b17-adac-b8d80a02b32e,2026-06-07T14:14:15.799Z,instance-1,A,burst,heavy,heavy,k6,Exp_A_09,167,POST,/api/heavy,heavy,0.01,103.66,63.47,122,39.82,103.66,6914.49,9115.92,9276.25,1,260,918.46,200
b54d2a2e-9a10-4eb2-a1e7-905701e0c42e,2026-06-07T14:14:15.799Z,instance-1,A,burst,heavy,heavy,k6,Exp_A_09,274,POST,/api/heavy,heavy,0.01,103.66,63.47,123,39.82,103.66,6914.49,9115.92,9276.25,1.2,216.67,1104.22,200
e4710285-c4dc-455c-8b8b-167a344a9748,2026-06-07T14:14:15.800Z,instance-1,A,burst,heavy,heavy,k6,Exp_A_09,45,POST,/api/heavy,heavy,0.01,103.66,63.47,124,39.82,103.66,6914.49,9115.92,9276.25,1.4,185.71,1286.47,200
230fc621-9d00-4327-a5ac-b61201ec4b70,2026-06-07T14:14:15.800Z,instance-1,A,burst,heavy,heavy,k6,Exp_A_09,99,POST,/api/heavy,heavy,0.01,103.66,63.47,125,39.82,103.66,6914.49,9115.92,9276.25,1.6,162.5,1456.87,200
e226991e-c6c0-4961-9dea-55e0b009dafe,2026-06-07T14:14:15.800Z,instance-1,A,burst,heavy,heavy,k6,Exp_A_09,261,POST,/api/heavy,heavy,0.01,103.66,63.47,126,39.82,103.66,6914.49,9115.92,9276.25,1.8,144.44,1653.07,200
d10221c3-a677-4f4c-af58-319d586e113b,2026-06-07T14:14:15.800Z,instance-1,A,burst,heavy,heavy,k6,Exp_A_09,152,POST,/api/heavy,heavy,0.01,103.66,63.47,127,39.82,103.66,6914.49,9115.92,9276.25,2,130,1850.79,200
db9e102a-3624-43f9-8bc6-3c55a64fc008,2026-06-07T14:14:15.800Z,instance-1,A,burst,heavy,heavy,k6,Exp_A_09,182,POST,/api/heavy,heavy,0.01,103.66,63.47,128,39.82,103.66,6914.49,9115.92,9276.25,2.2,118.18,2046.4,200
30a5e0bc-285f-4464-a333-60006fca8988,2026-06-07T14:14:15.800Z,instance-1,A,burst,heavy,heavy,k6,Exp_A_09,172,POST,/api/heavy,heavy,0.01,103.66,63.47,129,39.82,103.66,6914.49,9115.92,9276.25,2.4,108.33,2225.64,200
3bd63cd8-b293-4f12-939d-d189098423d6,2026-06-07T14:14:15.800Z,instance-1,A,burst,heavy,heavy,k6,Exp_A_09,280,POST,/api/heavy,heavy,0.01,103.66,63.47,130,39.82,103.66,6914.49,9115.92,9276.25,2.6,100,2427.09,200
e4a011e8-9712-4ff2-97e5-8a91f87eee10,2026-06-07T14:14:15.801Z,instance-1,A,burst,heavy,heavy,k6,Exp_A_09,209,POST,/api/heavy,heavy,0.01,103.66,63.47,131,39.82,103.66,6914.49,9115.92,9276.25,2.8,92.86,2640.08,200
a891420c-c93d-40f3-abc1-491945e93a44,2026-06-07T14:14:15.801Z,instance-1,A,burst,heavy,heavy,k6,Exp_A_09,126,POST,/api/heavy,heavy,0.01,103.66,63.47,132,39.82,103.66,6914.49,9115.92,9276.25,3,86.67,2831.75,200
a3bd1ef9-c6a2-4277-9c30-652e92cec852,2026-06-07T14:14:15.801Z,instance-1,A,burst,heavy,heavy,k6,Exp_A_09,174,POST,/api/heavy,heavy,0.01,103.66,63.47,133,39.82,103.66,6914.49,9115.92,9276.25,3.2,81.25,3024.09,200
baacafd2-d1bb-41ff-bb87-394aa143585d,2026-06-07T14:14:15.801Z,instance-1,A,burst,heavy,heavy,k6,Exp_A_09,65,POST,/api/heavy,heavy,0.01,103.66,63.47,134,39.82,103.66,6914.49,9115.92,9276.25,3.4,76.47,3214.75,200
02f81df9-2f41-4a6e-94f0-8d45bcc751dc,2026-06-07T14:14:15.801Z,instance-1,A,burst,heavy,heavy,k6,Exp_A_09,85,POST,/api/heavy,heavy,0.01,103.66,63.47,135,39.82,103.66,6914.49,9115.92,9276.25,3.6,72.22,3416.7,200
1e88efe6-b683-4cb3-aeff-0dadc9e1da91,2026-06-07T14:14:15.801Z,instance-1,A,burst,heavy,heavy,k6,Exp_A_09,263,POST,/api/heavy,heavy,0.01,103.66,63.47,136,39.82,103.66,6914.49,9115.92,9276.25,3.8,68.42,3603.08,200
b377e75b-c182-4b15-ab59-78b45b62dc21,2026-06-07T14:14:15.802Z,instance-1,A,burst,heavy,heavy,k6,Exp_A_09,153,POST,/api/heavy,heavy,0.01,103.66,63.47,137,39.82,103.66,6914.49,9115.92,9276.25,4,65,3785.29,200
5dd931e8-db54-4727-b286-fa459e672f3d,2026-06-07T14:14:15.802Z,instance-1,A,burst,heavy,heavy,k6,Exp_A_09,282,POST,/api/heavy,heavy,0.01,103.66,63.47,138,39.82,103.66,6914.49,9115.92,9276.25,4.2,61.9,3986.69,200
1486640f-155a-47e8-bd3c-e5b6da403b81,2026-06-07T14:14:15.803Z,instance-1,A,burst,heavy,heavy,k6,Exp_A_09,162,POST,/api/heavy,heavy,0.01,103.66,63.47,139,39.82,103.66,6914.49,9115.92,9276.25,4.4,59.09,4197.48,200
8a1f3129-c0b3-45cc-9f50-5324e012c13c,2026-06-07T14:14:15.803Z,instance-1,A,burst,heavy,heavy,k6,Exp_A_09,37,POST,/api/heavy,heavy,0.01,103.66,63.47,140,39.82,103.66,6914.49,9115.92,9276.25,4.6,56.52,4347.58,200
2dfcc80f-3586-4bbd-adfb-7889a76d7cad,2026-06-07T14:14:15.803Z,instance-1,A,burst,heavy,heavy,k6,Exp_A_09,218,POST,/api/heavy,heavy,0.01,103.66,63.47,141,39.82,103.66,6914.49,9115.92,9276.25,4.8,54.17,4562.1,200
6e3d069c-045e-4c50-a776-ab533fa83d75,2026-06-07T14:14:15.805Z,instance-1,A,burst,heavy,heavy,k6,Exp_A_09,281,POST,/api/heavy,heavy,0.01,103.66,63.47,142,39.82,103.66,6914.49,9115.92,9276.25,5,52,4745.91,200
2f5a74ed-8274-4d12-8fb8-d95bafa0709b,2026-06-07T14:14:15.805Z,instance-1,A,burst,heavy,heavy,k6,Exp_A_09,21,POST,/api/heavy,heavy,0.01,103.66,63.47,143,39.82,103.66,6914.49,9115.92,9276.25,5.2,50,4927.19,200
6338d055-8332-46d4-b9c2-fa9ea29d2062,2026-06-07T14:14:15.806Z,instance-1,A,burst,heavy,heavy,k6,Exp_A_09,52,POST,/api/heavy,heavy,0.01,103.66,63.47,144,39.82,103.66,6914.49,9115.92,9276.25,5.4,48.15,5111.66,200
8bfd3a52-7d4f-460d-8e91-5ab68e0bc6ff,2026-06-07T14:14:15.806Z,instance-1,A,burst,heavy,heavy,k6,Exp_A_09,68,POST,/api/heavy,heavy,0.01,103.66,63.47,145,39.82,103.66,6914.49,9115.92,9276.25,5.6,46.43,5289.65,200
b0e8b2fe-0a8b-40ff-8481-c6111f676be5,2026-06-07T14:14:15.806Z,instance-1,A,burst,heavy,heavy,k6,Exp_A_09,116,POST,/api/heavy,heavy,0.01,103.66,63.47,146,39.82,103.66,6914.49,9115.92,9276.25,5.8,44.83,5454.84,200
d65bc1b1-a624-4421-82a1-54778b04ffd8,2026-06-07T14:14:15.806Z,instance-1,A,burst,heavy,heavy,k6,Exp_A_09,110,POST,/api/heavy,heavy,0.01,103.66,63.47,147,39.82,103.66,6914.49,9115.92,9276.25,6,43.33,5646.15,200
f164683e-0a9a-4404-9655-0b834ce91902,2026-06-07T14:14:15.806Z,instance-1,A,burst,heavy,heavy,k6,Exp_A_09,277,POST,/api/heavy,heavy,0.01,103.66,63.47,148,39.82,103.66,6914.49,9115.92,9276.25,6.2,41.94,5835.12,200
b328e15c-8079-4564-9097-23e8e97e0688,2026-06-07T14:14:15.807Z,instance-1,A,burst,heavy,heavy,k6,Exp_A_09,267,POST,/api/heavy,heavy,0.01,103.66,63.47,149,39.82,103.66,6914.49,9115.92,9276.25,6.4,40.63,6026.03,200
832804bf-692e-4063-9116-e7a98c8e329d,2026-06-07T14:14:21.866Z,instance-1,A,burst,heavy,heavy,k6,Exp_A_09,222,POST,/api/heavy,heavy,0.01,102.07,64.23,168,27.75,102.07,3581.36,5835.12,6026.03,10.2,25.49,0.68,503
f630b099-69ac-46a5-b3d5-1d0bbd6d735f,2026-06-07T14:14:21.868Z,instance-1,A,burst,heavy,heavy,k6,Exp_A_09,2,POST,/api/heavy,heavy,0.01,102.07,64.23,168,27.75,102.07,3453.48,5835.12,6026.03,10.4,1.92,0.61,503
8a6ee197-dc49-4b5e-b798-46a1be3ef124,2026-06-07T14:14:21.869Z,instance-1,A,burst,heavy,heavy,k6,Exp_A_09,199,POST,/api/heavy,heavy,0.01,102.07,64.23,168,27.75,102.07,3334.41,5835.12,6026.03,10.6,3.77,0.55,503
338a97e5-ada3-49c7-b1a8-7de1274273a0,2026-06-07T14:14:21.871Z,instance-1,A,burst,heavy,heavy,k6,Exp_A_09,14,POST,/api/heavy,heavy,0.01,102.07,64.23,168,27.75,102.07,3223.29,5835.12,6026.03,10.8,5.56,1.42,503
7e6a5971-a80c-4bb7-8f65-5f9fa93eb69d,2026-06-07T14:14:21.873Z,instance-1,A,burst,heavy,heavy,k6,Exp_A_09,121,POST,/api/heavy,heavy,0.01,102.07,64.23,168,27.75,102.07,3119.35,5835.12,6026.03,11,7.27,0.68,503
f1e328de-820b-4e2b-865e-c1d993461f3f,2026-06-07T14:14:21.847Z,instance-1,A,burst,heavy,heavy,k6,Exp_A_09,16,POST,/api/heavy,heavy,0.01,102.07,64.23,118,27.75,102.07,3581.36,5835.12,6026.03,0.2,1300,198.3,200
f916e9c7-a746-4ee9-a230-52908fdfb359,2026-06-07T14:14:21.848Z,instance-1,A,burst,heavy,heavy,k6,Exp_A_09,56,POST,/api/heavy,heavy,0.01,102.07,64.23,119,27.75,102.07,3581.36,5835.12,6026.03,0.4,650,346.27,200
803e5f22-a48b-46ed-8c8e-eb22dcb4a297,2026-06-07T14:14:21.848Z,instance-1,A,burst,heavy,heavy,k6,Exp_A_09,164,POST,/api/heavy,heavy,0.01,102.07,64.23,120,27.75,102.07,3581.36,5835.12,6026.03,0.6,433.33,490.7,200
ede72c88-6ee6-4117-b92d-93d50ae2ac2c,2026-06-07T14:14:21.848Z,instance-1,A,burst,heavy,heavy,k6,Exp_A_09,157,POST,/api/heavy,heavy,0.01,102.07,64.23,121,27.75,102.07,3581.36,5835.12,6026.03,0.8,325,687.56,200
3ebef6f9-a150-4b2f-bf83-d5c8b7c7d022,2026-06-07T14:14:21.849Z,instance-1,A,burst,heavy,heavy,k6,Exp_A_09,167,POST,/api/heavy,heavy,0.01,102.07,64.23,122,27.75,102.07,3581.36,5835.12,6026.03,1,260,885.74,200
fd7afa76-af12-4b86-8dbd-bc54102521ad,2026-06-07T14:14:21.849Z,instance-1,A,burst,heavy,heavy,k6,Exp_A_09,19,POST,/api/heavy,heavy,0.01,102.07,64.23,123,27.75,102.07,3581.36,5835.12,6026.03,1.2,216.67,1060.3,200
5eee73e6-014e-44e6-9616-c7dfdff5050b,2026-06-07T14:14:21.849Z,instance-1,A,burst,heavy,heavy,k6,Exp_A_09,45,POST,/api/heavy,heavy,0.01,102.07,64.23,124,27.75,102.07,3581.36,5835.12,6026.03,1.4,185.71,1261.91,200
4c15389e-3744-4108-a62f-7d6c90cd4910,2026-06-07T14:14:21.849Z,instance-1,A,burst,heavy,heavy,k6,Exp_A_09,99,POST,/api/heavy,heavy,0.01,102.07,64.23,125,27.75,102.07,3581.36,5835.12,6026.03,1.6,162.5,1452.7,200
be633544-440b-41db-a1ae-fb88d3bcefda,2026-06-07T14:14:21.849Z,instance-1,A,burst,heavy,heavy,k6,Exp_A_09,136,POST,/api/heavy,heavy,0.01,102.07,64.23,126,27.75,102.07,3581.36,5835.12,6026.03,1.8,144.44,1648.31,200
7df7d4ce-66a8-44dd-82a1-de166cd1c788,2026-06-07T14:14:21.849Z,instance-1,A,burst,heavy,heavy,k6,Exp_A_09,152,POST,/api/heavy,heavy,0.01,102.07,64.23,127,27.75,102.07,3581.36,5835.12,6026.03,2,130,1844.33,200
ebf67f33-ed01-4983-bcb0-221a23424eb0,2026-06-07T14:14:21.850Z,instance-1,A,burst,heavy,heavy,k6,Exp_A_09,182,POST,/api/heavy,heavy,0.01,102.07,64.23,128,27.75,102.07,3581.36,5835.12,6026.03,2.2,118.18,2034.65,200
e57fc536-7119-45bd-8200-03aedbfed3f3,2026-06-07T14:14:21.850Z,instance-1,A,burst,heavy,heavy,k6,Exp_A_09,226,POST,/api/heavy,heavy,0.01,102.07,64.23,129,27.75,102.07,3581.36,5835.12,6026.03,2.4,108.33,2197.27,200
3ec8c953-3778-4320-9709-79a60978f2b4,2026-06-07T14:14:21.850Z,instance-1,A,burst,heavy,heavy,k6,Exp_A_09,79,POST,/api/heavy,heavy,0.01,102.07,64.23,130,27.75,102.07,3581.36,5835.12,6026.03,2.6,100,2395.28,200
ee37ac71-1a1c-40ad-b714-74690d80a1b6,2026-06-07T14:14:21.850Z,instance-1,A,burst,heavy,heavy,k6,Exp_A_09,148,POST,/api/heavy,heavy,0.01,102.07,64.23,131,27.75,102.07,3581.36,5835.12,6026.03,2.8,92.86,2570.35,200
cf8b4859-6799-4ceb-a10c-84c6a76b1a61,2026-06-07T14:14:21.850Z,instance-1,A,burst,heavy,heavy,k6,Exp_A_09,174,POST,/api/heavy,heavy,0.01,102.07,64.23,132,27.75,102.07,3581.36,5835.12,6026.03,3,86.67,2745.14,200
b700a68d-0226-4c89-891b-1762cf0dafea,2026-06-07T14:14:21.851Z,instance-1,A,burst,heavy,heavy,k6,Exp_A_09,168,POST,/api/heavy,heavy,0.01,102.07,64.23,133,27.75,102.07,3581.36,5835.12,6026.03,3.2,81.25,2922.24,200
dfd71946-ed18-4afe-ae61-19106675e387,2026-06-07T14:14:21.852Z,instance-1,A,burst,heavy,heavy,k6,Exp_A_09,175,POST,/api/heavy,heavy,0.01,102.07,64.23,134,27.75,102.07,3581.36,5835.12,6026.03,3.4,76.47,3104.36,200
5460a769-0b5c-4e99-a8fa-2d5ac86a25f5,2026-06-07T14:14:21.852Z,instance-1,A,burst,heavy,heavy,k6,Exp_A_09,102,POST,/api/heavy,heavy,0.01,102.07,64.23,135,27.75,102.07,3581.36,5835.12,6026.03,3.6,72.22,3262.26,200
368890eb-5122-405a-bd87-b2cc189a3ade,2026-06-07T14:14:21.852Z,instance-1,A,burst,heavy,heavy,k6,Exp_A_09,122,POST,/api/heavy,heavy,0.01,102.07,64.23,136,27.75,102.07,3581.36,5835.12,6026.03,3.8,68.42,3462.11,200
dac7ab45-327e-44e1-a953-363752a2b56e,2026-06-07T14:14:21.853Z,instance-1,A,burst,heavy,heavy,k6,Exp_A_09,125,POST,/api/heavy,heavy,0.01,102.07,64.23,137,27.75,102.07,3581.36,5835.12,6026.03,4,65,3661.69,200
26afb69e-380c-4e11-b839-f354f50e5ec5,2026-06-07T14:14:21.853Z,instance-1,A,burst,heavy,heavy,k6,Exp_A_09,172,POST,/api/heavy,heavy,0.01,102.07,64.23,138,27.75,102.07,3581.36,5835.12,6026.03,4.2,61.9,3867.97,200
29add484-f74c-43bf-a04f-e6dffcefa84a,2026-06-07T14:14:21.853Z,instance-1,A,burst,heavy,heavy,k6,Exp_A_09,94,POST,/api/heavy,heavy,0.01,102.07,64.23,139,27.75,102.07,3581.36,5835.12,6026.03,4.4,59.09,4107.5,200
9e88369d-2117-43e5-8815-becb6a8bc613,2026-06-07T14:14:21.853Z,instance-1,A,burst,heavy,heavy,k6,Exp_A_09,126,POST,/api/heavy,heavy,0.01,102.07,64.23,140,27.75,102.07,3581.36,5835.12,6026.03,4.6,56.52,4295.69,200
8d1a1304-72ea-4068-8d8d-19ad47ed10e4,2026-06-07T14:14:21.854Z,instance-1,A,burst,heavy,heavy,k6,Exp_A_09,114,POST,/api/heavy,heavy,0.01,102.07,64.23,141,27.75,102.07,3581.36,5835.12,6026.03,4.8,54.17,4456.61,200
f58ebd9e-e6af-4dea-8b24-66b09af35701,2026-06-07T14:14:21.854Z,instance-1,A,burst,heavy,heavy,k6,Exp_A_09,47,POST,/api/heavy,heavy,0.01,102.07,64.23,142,27.75,102.07,3581.36,5835.12,6026.03,5,52,4629.03,200
f377f32c-d073-4952-9ec1-c2e4fcb19008,2026-06-07T14:14:21.854Z,instance-1,A,burst,heavy,heavy,k6,Exp_A_09,4,POST,/api/heavy,heavy,0.01,102.07,64.23,143,27.75,102.07,3581.36,5835.12,6026.03,5.2,50,4796.17,200
57a0fae6-a28d-40c4-87b8-89daee4b999b,2026-06-07T14:14:21.855Z,instance-1,A,burst,heavy,heavy,k6,Exp_A_09,117,POST,/api/heavy,heavy,0.01,102.07,64.23,144,27.75,102.07,3581.36,5835.12,6026.03,5.4,48.15,5005.27,200
cae63142-013c-4a73-bb54-a3f5e380ed1f,2026-06-07T14:14:21.855Z,instance-1,A,burst,heavy,heavy,k6,Exp_A_09,105,POST,/api/heavy,heavy,0.01,102.07,64.23,145,27.75,102.07,3581.36,5835.12,6026.03,5.6,46.43,5155.05,200
e4be780e-6582-4626-9dcf-dc08a3f54624,2026-06-07T14:14:21.856Z,instance-1,A,burst,heavy,heavy,k6,Exp_A_09,33,POST,/api/heavy,heavy,0.01,102.07,64.23,146,27.75,102.07,3581.36,5835.12,6026.03,5.8,44.83,5350.65,200
d562913a-23c2-44ae-a0de-4ba1921cdaf0,2026-06-07T14:14:21.856Z,instance-1,A,burst,heavy,heavy,k6,Exp_A_09,179,POST,/api/heavy,heavy,0.01,102.07,64.23,147,27.75,102.07,3581.36,5835.12,6026.03,6,43.33,5545.48,200
60b011a8-cb4c-40d6-9ae2-5274e482a6b9,2026-06-07T14:14:21.857Z,instance-1,A,burst,heavy,heavy,k6,Exp_A_09,135,POST,/api/heavy,heavy,0.01,102.07,64.23,148,27.75,102.07,3581.36,5835.12,6026.03,6.2,41.94,5722.79,200
692d45fe-0784-4db5-ac9e-cbe52482a139,2026-06-07T14:14:21.857Z,instance-1,A,burst,heavy,heavy,k6,Exp_A_09,228,POST,/api/heavy,heavy,0.01,102.07,64.23,149,27.75,102.07,3581.36,5835.12,6026.03,6.4,40.63,5900.3,200
afde93d5-3813-4357-9025-4d192eef0e52,2026-06-07T14:14:21.858Z,instance-1,A,burst,heavy,heavy,k6,Exp_A_09,273,POST,/api/heavy,heavy,0.01,102.07,64.23,150,27.75,102.07,3581.36,5835.12,6026.03,6.6,39.39,6069.74,200
f764bcc2-ca27-4df6-98db-d9dea4d856e5,2026-06-07T14:14:21.858Z,instance-1,A,burst,heavy,heavy,k6,Exp_A_09,123,POST,/api/heavy,heavy,0.01,102.07,64.23,151,27.75,102.07,3581.36,5835.12,6026.03,6.8,38.24,6243.91,200
e8a87009-948b-48cf-83cf-a9a6d42dca03,2026-06-07T14:14:21.858Z,instance-1,A,burst,heavy,heavy,k6,Exp_A_09,11,POST,/api/heavy,heavy,0.01,102.07,64.23,152,27.75,102.07,3581.36,5835.12,6026.03,7,37.14,6421.97,200
74b20f5b-5d1d-4b7b-bb50-af8e3a832589,2026-06-07T14:14:21.860Z,instance-1,A,burst,heavy,heavy,k6,Exp_A_09,163,POST,/api/heavy,heavy,0.01,102.07,64.23,153,27.75,102.07,3581.36,5835.12,6026.03,7.2,36.11,6614.62,200
2b3b007a-f034-4f2f-bbbc-c9fe0028727f,2026-06-07T14:14:21.860Z,instance-1,A,burst,heavy,heavy,k6,Exp_A_09,272,POST,/api/heavy,heavy,0.01,102.07,64.23,154,27.75,102.07,3581.36,5835.12,6026.03,7.4,35.14,6780.31,200
236421c6-da32-49ba-a442-cf78168d9d81,2026-06-07T14:14:21.861Z,instance-1,A,burst,heavy,heavy,k6,Exp_A_09,29,POST,/api/heavy,heavy,0.01,102.07,64.23,155,27.75,102.07,3581.36,5835.12,6026.03,7.6,34.21,6956.43,200
c0cfb779-29fd-4274-8c29-97be78cb3a93,2026-06-07T14:14:40.369Z,instance-2,A,burst,heavy,heavy,k6,Exp_A_09,28,POST,/api/heavy,heavy,0.01,0,65.25,199,0.01,29.58,7271.88,9468.04,9628.71,0.6,33.33,198.83,200
22245790-5c2a-4c90-a817-cd286f831d6b,2026-06-07T14:14:40.369Z,instance-2,A,burst,heavy,heavy,k6,Exp_A_09,53,POST,/api/heavy,heavy,0.01,0,65.25,200,0.01,29.58,7271.88,9468.04,9628.71,0.8,25,421.9,200
5e5b1719-9245-4475-a966-7331d127869c,2026-06-07T14:14:40.370Z,instance-2,A,burst,heavy,heavy,k6,Exp_A_09,127,POST,/api/heavy,heavy,0.01,0,65.25,201,0.01,29.58,7271.88,9468.04,9628.71,1,20,579.24,200
46974d5c-4b77-477c-9e38-3a2f3356efa7,2026-06-07T14:14:40.370Z,instance-2,A,burst,heavy,heavy,k6,Exp_A_09,31,POST,/api/heavy,heavy,0.01,0,65.25,202,0.01,29.58,7271.88,9468.04,9628.71,1.2,16.67,788.27,200
c69b03ef-7213-4851-a672-5008b50d85f4,2026-06-07T14:14:40.370Z,instance-2,A,burst,heavy,heavy,k6,Exp_A_09,148,POST,/api/heavy,heavy,0.01,0,65.25,203,0.01,29.58,7271.88,9468.04,9628.71,1.4,14.29,1045.86,200
f70efbb6-f3fd-450e-a6f7-6a232d5a7411,2026-06-07T14:14:40.371Z,instance-2,A,burst,heavy,heavy,k6,Exp_A_09,142,POST,/api/heavy,heavy,0.01,0,65.25,204,0.01,29.58,7271.88,9468.04,9628.71,1.6,12.5,1265.72,200
e74d21b4-b00f-4934-be94-987d3ad323f2,2026-06-07T14:14:40.371Z,instance-2,A,burst,heavy,heavy,k6,Exp_A_09,138,POST,/api/heavy,heavy,0.01,0,65.25,205,0.01,29.58,7271.88,9468.04,9628.71,1.8,11.11,1476.44,200
69f8add0-6b9b-4fc1-a97b-d7ba3821d6c5,2026-06-07T14:14:40.373Z,instance-2,A,burst,heavy,heavy,k6,Exp_A_09,172,POST,/api/heavy,heavy,0.01,0,65.25,206,0.01,29.58,7271.88,9468.04,9628.71,2,10,1648.23,200
a3fb1512-ba33-4bcf-9abd-98fbc5996b18,2026-06-07T14:14:40.373Z,instance-2,A,burst,heavy,heavy,k6,Exp_A_09,26,POST,/api/heavy,heavy,0.01,0,65.25,207,0.01,29.58,7271.88,9468.04,9628.71,2.2,9.09,1818.63,200
a0ad77ce-ccf8-46ce-91df-8d98f52732f0,2026-06-07T14:14:40.373Z,instance-2,A,burst,heavy,heavy,k6,Exp_A_09,48,POST,/api/heavy,heavy,0.01,0,65.25,208,0.01,29.58,7271.88,9468.04,9628.71,2.4,8.33,2100.38,200
a520e2d6-ce52-4038-b1fe-943766b5a13e,2026-06-07T14:14:40.374Z,instance-2,A,burst,heavy,heavy,k6,Exp_A_09,74,POST,/api/heavy,heavy,0.01,0,65.25,209,0.01,29.58,7271.88,9468.04,9628.71,2.6,7.69,2378.67,200
74d3ea8b-b26b-442c-aca9-a68dfce79235,2026-06-07T14:14:40.374Z,instance-2,A,burst,heavy,heavy,k6,Exp_A_09,114,POST,/api/heavy,heavy,0.01,0,65.25,210,0.01,29.58,7271.88,9468.04,9628.71,2.8,7.14,2623.87,200
0f93b16e-fb0d-4c94-88a8-9f42e8c19337,2026-06-07T14:14:40.375Z,instance-2,A,burst,heavy,heavy,k6,Exp_A_09,115,POST,/api/heavy,heavy,0.01,0,65.25,211,0.01,29.58,7271.88,9468.04,9628.71,3,6.67,2876.44,200
28aa3396-9546-47fd-8a2b-280686380bd1,2026-06-07T14:14:40.376Z,instance-2,A,burst,heavy,heavy,k6,Exp_A_09,27,POST,/api/heavy,heavy,0.01,0,65.25,212,0.01,29.58,7271.88,9468.04,9628.71,3.2,6.25,3165.87,200
bd1d637d-3ac4-405f-aaec-3b126bca7b40,2026-06-07T14:14:21.861Z,instance-1,A,burst,heavy,heavy,k6,Exp_A_09,9,POST,/api/heavy,heavy,0.01,102.07,64.23,156,27.75,102.07,3581.36,5835.12,6026.03,7.8,33.33,7099.05,200
46e24494-1733-431e-8c92-2bf1b79ae7dc,2026-06-07T14:14:48.462Z,instance-3,A,burst,heavy,heavy,k6,Exp_A_09,15,POST,/api/heavy,heavy,0.01,88.61,55.32,353,24.07,88.61,6000.43,9721.87,9918.35,2.2,90.91,2004.13,200
608ce046-d6d1-4bbf-bb86-b10e3605ce22,2026-06-07T14:14:48.463Z,instance-3,A,burst,heavy,heavy,k6,Exp_A_09,139,POST,/api/heavy,heavy,0.01,88.61,55.32,354,24.07,88.61,6000.43,9721.87,9918.35,2.4,83.33,2193.55,200
a21791fc-1b6e-4087-91cf-0cf0e1b85e48,2026-06-07T14:14:43.555Z,instance-2,A,burst,heavy,heavy,k6,Exp_A_09,81,POST,/api/heavy,heavy,0.01,5.47,65.25,199,0.01,23.55,2693.28,9628.71,9628.71,3.4,5.88,319.5,200
925f8393-db3c-473c-8e59-c39818324d54,2026-06-07T14:14:43.556Z,instance-2,A,burst,heavy,heavy,k6,Exp_A_09,101,POST,/api/heavy,heavy,0.01,5.47,65.25,200,0.01,23.55,2693.28,9628.71,9628.71,3.6,5.56,589.41,200
56ad5d2b-ad28-49c0-a38c-e0478f17ce31,2026-06-07T14:14:43.557Z,instance-2,A,burst,heavy,heavy,k6,Exp_A_09,1,POST,/api/heavy,heavy,0.01,5.47,65.25,201,0.01,23.55,2693.28,9628.71,9628.71,3.8,5.26,805.16,200
27733cc5-3bae-480a-aed6-e519a23d747c,2026-06-07T14:14:43.558Z,instance-2,A,burst,heavy,heavy,k6,Exp_A_09,125,POST,/api/heavy,heavy,0.01,5.47,65.25,202,0.01,23.55,2693.28,9628.71,9628.71,4,5,1049.6,200
7a3bf4f4-cab3-4b81-9e56-e6738e39f15a,2026-06-07T14:14:43.560Z,instance-2,A,burst,heavy,heavy,k6,Exp_A_09,47,POST,/api/heavy,heavy,0.01,5.47,65.25,203,0.01,23.55,2693.28,9628.71,9628.71,4.2,4.76,1240.71,200
3a7d0bae-e2e1-42cd-b017-e5f6ddce6643,2026-06-07T14:14:43.564Z,instance-2,A,burst,heavy,heavy,k6,Exp_A_09,33,POST,/api/heavy,heavy,0.01,5.47,65.25,204,0.01,23.55,2693.28,9628.71,9628.71,4.4,4.55,1470.41,200
9e30b4ef-80a4-4855-8c7e-403ac7177bc6,2026-06-07T14:14:43.565Z,instance-2,A,burst,heavy,heavy,k6,Exp_A_09,65,POST,/api/heavy,heavy,0.01,5.47,65.25,205,0.01,23.55,2693.28,9628.71,9628.71,4.6,4.35,1667.83,200
b53e4136-ee22-4d9f-880d-49f89144fe10,2026-06-07T14:14:43.567Z,instance-2,A,burst,heavy,heavy,k6,Exp_A_09,55,POST,/api/heavy,heavy,0.01,5.47,65.25,206,0.01,23.55,2693.28,9628.71,9628.71,4.8,4.17,1870.98,200
d0252c9d-79ab-4c78-af8d-a25704d9fae2,2026-06-07T14:14:43.568Z,instance-2,A,burst,heavy,heavy,k6,Exp_A_09,28,POST,/api/heavy,heavy,0.01,5.47,65.25,207,0.01,23.55,2693.28,9628.71,9628.71,5,4,2057.48,200
fcf02916-4a65-400c-91fc-a9ee92541fc9,2026-06-07T14:14:43.568Z,instance-2,A,burst,heavy,heavy,k6,Exp_A_09,31,POST,/api/heavy,heavy,0.01,5.47,65.25,208,0.01,23.55,2693.28,9628.71,9628.71,5.2,3.85,2270.76,200
0814bbaa-b37f-4570-b6db-78ba4360fee6,2026-06-07T14:14:43.568Z,instance-2,A,burst,heavy,heavy,k6,Exp_A_09,38,POST,/api/heavy,heavy,0.01,5.47,65.25,209,0.01,23.55,2693.28,9628.71,9628.71,5.4,3.7,2541.49,200
79b4a738-8d3f-4c1c-838e-7f6171461047,2026-06-07T14:14:43.569Z,instance-2,A,burst,heavy,heavy,k6,Exp_A_09,138,POST,/api/heavy,heavy,0.01,5.47,65.25,210,0.01,23.55,2693.28,9628.71,9628.71,5.6,3.57,2778,200
a5d08e62-6dc4-437f-9b01-1beacd08d1a5,2026-06-07T14:14:43.569Z,instance-2,A,burst,heavy,heavy,k6,Exp_A_09,48,POST,/api/heavy,heavy,0.01,5.47,65.25,211,0.01,23.55,2693.28,9628.71,9628.71,5.8,3.45,2982.65,200
09a4f4a1-4b6d-4bfb-8ee5-9d8cbb5a682b,2026-06-07T14:14:43.569Z,instance-2,A,burst,heavy,heavy,k6,Exp_A_09,58,POST,/api/heavy,heavy,0.01,5.47,65.25,212,0.01,23.55,2693.28,9628.71,9628.71,6,3.33,3171.69,200
247fd75c-f076-4149-b4cc-9155b0891ce2,2026-06-07T14:14:43.569Z,instance-2,A,burst,heavy,heavy,k6,Exp_A_09,123,POST,/api/heavy,heavy,0.01,5.47,65.25,213,0.01,23.55,2693.28,9628.71,9628.71,6.2,3.23,3352.9,200
293d7beb-28dc-4068-8b18-62e05d2db1b5,2026-06-07T14:14:43.569Z,instance-2,A,burst,heavy,heavy,k6,Exp_A_09,67,POST,/api/heavy,heavy,0.01,5.47,65.25,214,0.01,23.55,2693.28,9628.71,9628.71,6.4,3.13,3543.04,200
60134c46-68cb-4e36-9493-07d62088a775,2026-06-07T14:14:43.570Z,instance-2,A,burst,heavy,heavy,k6,Exp_A_09,43,POST,/api/heavy,heavy,0.01,5.47,65.25,215,0.01,23.55,2693.28,9628.71,9628.71,6.6,3.03,3801.51,200
74a8cb15-bcc9-4a97-b55c-0f82d763f14d,2026-06-07T14:14:43.570Z,instance-2,A,burst,heavy,heavy,k6,Exp_A_09,171,POST,/api/heavy,heavy,0.01,5.47,65.25,216,0.01,23.55,2693.28,9628.71,9628.71,6.8,2.94,4071.7,200
a18f9e59-6a76-4a65-a879-0e93462d60a4,2026-06-07T14:14:43.570Z,instance-2,A,burst,heavy,heavy,k6,Exp_A_09,86,POST,/api/heavy,heavy,0.01,5.47,65.25,217,0.01,23.55,2693.28,9628.71,9628.71,7,2.86,4292.08,200
feb802db-ae81-47c5-8067-689521dfd21e,2026-06-07T14:14:43.570Z,instance-2,A,burst,heavy,heavy,k6,Exp_A_09,71,POST,/api/heavy,heavy,0.01,5.47,65.25,218,0.01,23.55,2693.28,9628.71,9628.71,7.2,2.78,4516.02,200
8164b25a-8dc4-41b3-8f84-a3c4be4a4eb7,2026-06-07T14:14:43.570Z,instance-2,A,burst,heavy,heavy,k6,Exp_A_09,103,POST,/api/heavy,heavy,0.01,5.47,65.25,219,0.01,23.55,2693.28,9628.71,9628.71,7.4,2.7,4731.13,200
0d5e86cb-b3bf-4929-b34d-a2f93981c526,2026-06-07T14:14:43.571Z,instance-2,A,burst,heavy,heavy,k6,Exp_A_09,104,POST,/api/heavy,heavy,0.01,5.47,65.25,220,0.01,23.55,2693.28,9628.71,9628.71,7.6,2.63,4923.01,200
ad3afabf-fd23-460b-b094-41a7f662a5ac,2026-06-07T14:14:43.571Z,instance-2,A,burst,heavy,heavy,k6,Exp_A_09,174,POST,/api/heavy,heavy,0.01,5.47,65.25,221,0.01,23.55,2693.28,9628.71,9628.71,7.8,2.56,5113.2,200
bb90cefa-5e2d-45f1-b87d-43a8f4e956d3,2026-06-07T14:14:43.571Z,instance-2,A,burst,heavy,heavy,k6,Exp_A_09,70,POST,/api/heavy,heavy,0.01,5.47,65.25,222,0.01,23.55,2693.28,9628.71,9628.71,8,2.5,5324.91,200
b3f52e77-e791-4692-933f-045a3111c31e,2026-06-07T14:14:43.571Z,instance-2,A,burst,heavy,heavy,k6,Exp_A_09,137,POST,/api/heavy,heavy,0.01,5.47,65.25,223,0.01,23.55,2693.28,9628.71,9628.71,8.2,2.44,5505.32,200
c918e754-35eb-467d-b637-9e5a7c85aff7,2026-06-07T14:14:43.571Z,instance-2,A,burst,heavy,heavy,k6,Exp_A_09,30,POST,/api/heavy,heavy,0.01,5.47,65.25,224,0.01,23.55,2693.28,9628.71,9628.71,8.4,2.38,5674.36,200
a24141a7-e738-4782-bfc2-e043ab993268,2026-06-07T14:14:43.571Z,instance-2,A,burst,heavy,heavy,k6,Exp_A_09,46,POST,/api/heavy,heavy,0.01,5.47,65.25,225,0.01,23.55,2693.28,9628.71,9628.71,8.6,2.33,5880.86,200
dbe11465-865d-4e13-add0-bc3ea3de5915,2026-06-07T14:14:43.572Z,instance-2,A,burst,heavy,heavy,k6,Exp_A_09,146,POST,/api/heavy,heavy,0.01,5.47,65.25,226,0.01,23.55,2693.28,9628.71,9628.71,8.8,2.27,6087.37,200
1541331e-cb14-4473-8972-bcd0bbf32d22,2026-06-07T14:14:43.572Z,instance-2,A,burst,heavy,heavy,k6,Exp_A_09,143,POST,/api/heavy,heavy,0.01,5.47,65.25,227,0.01,23.55,2693.28,9628.71,9628.71,9,2.22,6296.77,200
90cf85c9-b1d9-489f-bc6f-c4defb2cd02b,2026-06-07T14:14:43.573Z,instance-2,A,burst,heavy,heavy,k6,Exp_A_09,149,POST,/api/heavy,heavy,0.01,5.47,65.25,228,0.01,23.55,2693.28,9628.71,9628.71,9.2,2.17,6454.81,200
29f3a11b-5d7b-4fc2-b5f7-33e961c3f9f5,2026-06-07T14:14:43.573Z,instance-2,A,burst,heavy,heavy,k6,Exp_A_09,89,POST,/api/heavy,heavy,0.01,5.47,65.25,229,0.01,23.55,2693.28,9628.71,9628.71,9.4,2.13,6687.68,200
aed1e460-7e75-4d5c-bb52-32b2e3cbc8f7,2026-06-07T14:14:43.574Z,instance-2,A,burst,heavy,heavy,k6,Exp_A_09,168,POST,/api/heavy,heavy,0.01,5.47,65.25,230,0.01,23.55,2693.28,9628.71,9628.71,9.6,2.08,6951.14,200
18b3bcfd-de65-4814-9581-3534d40b5c86,2026-06-07T14:14:43.574Z,instance-2,A,burst,heavy,heavy,k6,Exp_A_09,155,POST,/api/heavy,heavy,0.01,5.47,65.25,231,0.01,23.55,2693.28,9628.71,9628.71,9.8,2.04,7143.65,200
4ee4821c-7b6a-4611-967d-beefba42f944,2026-06-07T14:14:43.574Z,instance-2,A,burst,heavy,heavy,k6,Exp_A_09,32,POST,/api/heavy,heavy,0.01,5.47,65.25,232,0.01,23.55,2693.28,9628.71,9628.71,10,2,7299.28,200
8a46125f-c9a5-4aca-bcc6-a0415c63c894,2026-06-07T14:14:43.574Z,instance-2,A,burst,heavy,heavy,k6,Exp_A_09,92,POST,/api/heavy,heavy,0.01,5.47,65.25,233,0.01,23.55,2693.28,9628.71,9628.71,10.2,1.96,7452.94,200
88f17ade-0d52-4577-a75d-4a4d3137861b,2026-06-07T14:14:43.575Z,instance-2,A,burst,heavy,heavy,k6,Exp_A_09,12,POST,/api/heavy,heavy,0.01,5.47,65.25,234,0.01,23.55,2693.28,9628.71,9628.71,10.4,1.92,7610.63,200
15c710a7-bad6-43ed-a333-465d590196b7,2026-06-07T14:14:43.575Z,instance-2,A,burst,heavy,heavy,k6,Exp_A_09,9,POST,/api/heavy,heavy,0.01,5.47,65.25,235,0.01,23.55,2693.28,9628.71,9628.71,10.6,1.89,7756.27,200
1eb072d9-4c82-423e-b189-cdad367d1c48,2026-06-07T14:14:43.575Z,instance-2,A,burst,heavy,heavy,k6,Exp_A_09,108,POST,/api/heavy,heavy,0.01,5.47,65.25,236,0.01,23.55,2693.28,9628.71,9628.71,10.8,1.85,7941.62,200
250e8344-53ab-454d-a93d-4599c50492e9,2026-06-07T14:14:43.575Z,instance-2,A,burst,heavy,heavy,k6,Exp_A_09,83,POST,/api/heavy,heavy,0.01,5.47,65.25,237,0.01,23.55,2693.28,9628.71,9628.71,11,1.82,8122.4,200
a3991acf-8010-4f4d-bded-be2067aed1b5,2026-06-07T14:14:43.576Z,instance-2,A,burst,heavy,heavy,k6,Exp_A_09,25,POST,/api/heavy,heavy,0.01,5.47,65.25,238,0.01,23.55,2693.28,9628.71,9628.71,11.2,1.79,8335.71,200
641d3c5a-f3d0-481b-833f-2b1a9aa18c39,2026-06-07T14:14:43.576Z,instance-2,A,burst,heavy,heavy,k6,Exp_A_09,97,POST,/api/heavy,heavy,0.01,5.47,65.25,239,0.01,23.55,2693.28,9628.71,9628.71,11.4,1.75,8496.8,200
8a86e2d2-2f73-4114-9a54-9344975ee05d,2026-06-07T14:14:43.576Z,instance-2,A,burst,heavy,heavy,k6,Exp_A_09,77,POST,/api/heavy,heavy,0.01,5.47,65.25,240,0.01,23.55,2693.28,9628.71,9628.71,11.6,1.72,8646.83,200
0b1bdff9-e514-425f-a538-cbcaa6e79cae,2026-06-07T14:14:43.576Z,instance-2,A,burst,heavy,heavy,k6,Exp_A_09,145,POST,/api/heavy,heavy,0.01,5.47,65.25,241,0.01,23.55,2693.28,9628.71,9628.71,11.8,1.69,8798.12,200
8213eabb-5e16-4508-9788-69f723744c0c,2026-06-07T14:14:43.576Z,instance-2,A,burst,heavy,heavy,k6,Exp_A_09,129,POST,/api/heavy,heavy,0.01,5.47,65.25,242,0.01,23.55,2693.28,9628.71,9628.71,12,1.67,8952.14,200
b2d9265f-677a-4d1d-835d-1d100357a297,2026-06-07T14:14:43.576Z,instance-2,A,burst,heavy,heavy,k6,Exp_A_09,13,POST,/api/heavy,heavy,0.01,5.47,65.25,243,0.01,23.55,2693.28,9628.71,9628.71,12.2,1.64,9093.7,200
d16931e1-bb82-412b-9a1e-a6e354afb251,2026-06-07T14:14:21.862Z,instance-1,A,burst,heavy,heavy,k6,Exp_A_09,72,POST,/api/heavy,heavy,0.01,102.07,64.23,157,27.75,102.07,3581.36,5835.12,6026.03,8,32.5,7260.44,200
204af86f-1fb5-44a7-9b02-20e992834917,2026-06-07T14:14:21.862Z,instance-1,A,burst,heavy,heavy,k6,Exp_A_09,159,POST,/api/heavy,heavy,0.01,102.07,64.23,158,27.75,102.07,3581.36,5835.12,6026.03,8.2,31.71,7473.26,200
b2c0a99b-af0c-4ee9-9b31-01137169b226,2026-06-07T14:14:21.862Z,instance-1,A,burst,heavy,heavy,k6,Exp_A_09,26,POST,/api/heavy,heavy,0.01,102.07,64.23,159,27.75,102.07,3581.36,5835.12,6026.03,8.4,30.95,7677.07,200
f9c3b645-2d7a-45da-97fd-e149820e4210,2026-06-07T14:14:21.863Z,instance-1,A,burst,heavy,heavy,k6,Exp_A_09,42,POST,/api/heavy,heavy,0.01,102.07,64.23,160,27.75,102.07,3581.36,5835.12,6026.03,8.6,30.23,7847.75,200
fc593a7c-1d83-493b-8250-dcbf4206007d,2026-06-07T14:14:21.863Z,instance-1,A,burst,heavy,heavy,k6,Exp_A_09,189,POST,/api/heavy,heavy,0.01,102.07,64.23,161,27.75,102.07,3581.36,5835.12,6026.03,8.8,29.55,8055.15,200
e80fe845-78a5-4135-8542-922067c7ea1e,2026-06-07T14:14:21.864Z,instance-1,A,burst,heavy,heavy,k6,Exp_A_09,111,POST,/api/heavy,heavy,0.01,102.07,64.23,162,27.75,102.07,3581.36,5835.12,6026.03,9,28.89,8224.99,200
b9bc261f-3f57-4b29-8d5b-d8d80fb2151b,2026-06-07T14:14:21.864Z,instance-1,A,burst,heavy,heavy,k6,Exp_A_09,138,POST,/api/heavy,heavy,0.01,102.07,64.23,163,27.75,102.07,3581.36,5835.12,6026.03,9.2,28.26,8389.35,200
e9046188-2a80-4c9a-a6c6-65c0dc71d5b8,2026-06-07T14:14:21.865Z,instance-1,A,burst,heavy,heavy,k6,Exp_A_09,86,POST,/api/heavy,heavy,0.01,102.07,64.23,164,27.75,102.07,3581.36,5835.12,6026.03,9.4,27.66,8581.04,200
a30eea93-bdf6-44a3-90c7-076b2195da28,2026-06-07T14:14:21.865Z,instance-1,A,burst,heavy,heavy,k6,Exp_A_09,177,POST,/api/heavy,heavy,0.01,102.07,64.23,165,27.75,102.07,3581.36,5835.12,6026.03,9.6,27.08,8731.92,200
5b75e426-487b-4b3f-8df5-041d995e9455,2026-06-07T14:14:21.865Z,instance-1,A,burst,heavy,heavy,k6,Exp_A_09,145,POST,/api/heavy,heavy,0.01,102.07,64.23,166,27.75,102.07,3581.36,5835.12,6026.03,9.8,26.53,8903.53,200
9086e3d9-afa4-46b2-a3b3-c3f7078a1fd8,2026-06-07T14:14:21.866Z,instance-1,A,burst,heavy,heavy,k6,Exp_A_09,210,POST,/api/heavy,heavy,0.01,102.07,64.23,167,27.75,102.07,3581.36,5835.12,6026.03,10,26,9070.28,200
baeeb2c3-1828-4162-82ac-154d76962ad5,2026-06-07T14:14:30.967Z,instance-1,A,burst,heavy,heavy,k6,Exp_A_09,57,POST,/api/heavy,heavy,0.01,91.25,64.65,168,41.3,91.25,6598.81,8903.53,9070.28,10.2,9.8,0.48,503
1efe3829-6f30-45f1-9f54-b6d9202921d1,2026-06-07T14:14:30.968Z,instance-1,A,burst,heavy,heavy,k6,Exp_A_09,35,POST,/api/heavy,heavy,0.01,91.25,64.65,168,41.3,91.25,6457.18,8903.53,9070.28,10.4,1.92,0.42,503
caa241bb-e9af-4615-89ae-baf4201628a6,2026-06-07T14:14:30.969Z,instance-1,A,burst,heavy,heavy,k6,Exp_A_09,93,POST,/api/heavy,heavy,0.01,91.25,64.65,168,41.3,91.25,6241.96,8903.53,9070.28,10.6,3.77,0.34,503
62f02489-c422-4522-9f28-b256f1621fc0,2026-06-07T14:14:30.971Z,instance-1,A,burst,heavy,heavy,k6,Exp_A_09,24,POST,/api/heavy,heavy,0.01,91.25,64.65,168,41.3,91.25,6040.62,8903.53,9070.28,10.8,5.56,2.18,503
dd257190-84a8-4fb8-8365-058119ac3609,2026-06-07T14:14:30.973Z,instance-1,A,burst,heavy,heavy,k6,Exp_A_09,107,POST,/api/heavy,heavy,0.01,91.25,64.65,168,41.3,91.25,5851.91,8903.53,9070.28,11,7.27,0.59,503
d7bdde48-5b32-41dc-bd68-f36d274fff41,2026-06-07T14:14:30.974Z,instance-1,A,burst,heavy,heavy,k6,Exp_A_09,132,POST,/api/heavy,heavy,0.01,91.25,64.65,168,41.3,91.25,5674.6,8903.53,9070.28,11.2,8.93,0.54,503
3c84448c-16aa-4a2b-bf39-bb25c503255a,2026-06-07T14:14:30.975Z,instance-1,A,burst,heavy,heavy,k6,Exp_A_09,60,POST,/api/heavy,heavy,0.01,91.25,64.65,168,41.3,91.25,5507.72,8903.53,9070.28,11.4,10.53,0.34,503
77d47403-fa32-4521-afb8-4face40c764b,2026-06-07T14:14:30.976Z,instance-1,A,burst,heavy,heavy,k6,Exp_A_09,141,POST,/api/heavy,heavy,0.01,91.25,64.65,168,41.3,91.25,5350.36,8903.53,9070.28,11.6,12.07,0.39,503
cf510740-7498-414d-b3e3-4be6b231beb4,2026-06-07T14:14:30.977Z,instance-1,A,burst,heavy,heavy,k6,Exp_A_09,219,POST,/api/heavy,heavy,0.01,91.25,64.65,168,41.3,91.25,5201.75,8903.53,9070.28,11.8,13.56,0.31,503
423503a9-f7d3-45a4-b8ff-229f58d41149,2026-06-07T14:14:30.978Z,instance-1,A,burst,heavy,heavy,k6,Exp_A_09,215,POST,/api/heavy,heavy,0.01,91.25,64.65,168,41.3,91.25,5061.17,8903.53,9070.28,12,15,0.39,503
a61ddbec-a903-437c-9a89-a0231b04ae0f,2026-06-07T14:14:30.979Z,instance-1,A,burst,heavy,heavy,k6,Exp_A_09,188,POST,/api/heavy,heavy,0.01,91.25,64.65,168,41.3,91.25,4928,8903.53,9070.28,12.2,16.39,0.6,503
ca1be063-897d-4954-89cb-95a55b895743,2026-06-07T14:14:30.980Z,instance-1,A,burst,heavy,heavy,k6,Exp_A_09,173,POST,/api/heavy,heavy,0.01,91.25,64.65,168,41.3,91.25,4801.65,8903.53,9070.28,12.4,17.74,0.38,503
8bc3215a-177f-4fb5-b0b1-c4164796e4ca,2026-06-07T14:14:30.981Z,instance-1,A,burst,heavy,heavy,k6,Exp_A_09,6,POST,/api/heavy,heavy,0.01,91.25,64.65,168,41.3,91.25,4681.62,8731.92,9070.28,12.6,19.05,0.72,503
da6a0735-7713-47ce-a95d-c1489ad4ad05,2026-06-07T14:14:30.983Z,instance-1,A,burst,heavy,heavy,k6,Exp_A_09,66,POST,/api/heavy,heavy,0.01,91.25,64.65,168,41.3,91.25,4567.45,8731.92,9070.28,12.8,20.31,0.65,503
ff70fb39-6463-446c-974d-b78eb7670192,2026-06-07T14:14:30.984Z,instance-1,A,burst,heavy,heavy,k6,Exp_A_09,84,POST,/api/heavy,heavy,0.01,91.25,64.65,168,41.3,91.25,4458.72,8731.92,9070.28,13,21.54,0.54,503
1fe653e0-e35d-4c9c-9ab6-a73129c3a64a,2026-06-07T14:14:30.950Z,instance-1,A,burst,heavy,heavy,k6,Exp_A_09,214,POST,/api/heavy,heavy,0.01,91.25,64.65,118,41.3,91.25,6598.81,8903.53,9070.28,0.2,500,214.4,200
41244270-980f-40af-b9ca-58f98f82491a,2026-06-07T14:14:30.950Z,instance-1,A,burst,heavy,heavy,k6,Exp_A_09,58,POST,/api/heavy,heavy,0.01,91.25,64.65,119,41.3,91.25,6598.81,8903.53,9070.28,0.4,250,387.3,200
4484add7-645f-489f-93c7-088862d94412,2026-06-07T14:14:30.951Z,instance-1,A,burst,heavy,heavy,k6,Exp_A_09,174,POST,/api/heavy,heavy,0.01,91.25,64.65,120,41.3,91.25,6598.81,8903.53,9070.28,0.6,166.67,557.11,200
143b4b1e-bfd8-440b-87b3-79d326820019,2026-06-07T14:14:30.951Z,instance-1,A,burst,heavy,heavy,k6,Exp_A_09,12,POST,/api/heavy,heavy,0.01,91.25,64.65,121,41.3,91.25,6598.81,8903.53,9070.28,0.8,125,744.26,200
5e605ac8-2acf-4168-9231-17eeff9e5171,2026-06-07T14:14:30.951Z,instance-1,A,burst,heavy,heavy,k6,Exp_A_09,122,POST,/api/heavy,heavy,0.01,91.25,64.65,122,41.3,91.25,6598.81,8903.53,9070.28,1,100,947.2,200
dae69bb9-f504-4b3c-a552-f832fef709fb,2026-06-07T14:14:30.951Z,instance-1,A,burst,heavy,heavy,k6,Exp_A_09,100,POST,/api/heavy,heavy,0.01,91.25,64.65,123,41.3,91.25,6598.81,8903.53,9070.28,1.2,83.33,1126.38,200
444d8e0b-6059-416d-a7fb-155a97832ee4,2026-06-07T14:14:30.952Z,instance-1,A,burst,heavy,heavy,k6,Exp_A_09,172,POST,/api/heavy,heavy,0.01,91.25,64.65,124,41.3,91.25,6598.81,8903.53,9070.28,1.4,71.43,1315.77,200
1d570214-0c65-46f7-998c-2dddd38d2e96,2026-06-07T14:14:30.952Z,instance-1,A,burst,heavy,heavy,k6,Exp_A_09,112,POST,/api/heavy,heavy,0.01,91.25,64.65,125,41.3,91.25,6598.81,8903.53,9070.28,1.6,62.5,1506.34,200
a9798792-8229-4057-8310-8dc6b4c2d1fa,2026-06-07T14:14:30.952Z,instance-1,A,burst,heavy,heavy,k6,Exp_A_09,193,POST,/api/heavy,heavy,0.01,91.25,64.65,126,41.3,91.25,6598.81,8903.53,9070.28,1.8,55.56,1727.49,200
d3c88b62-ec76-4a8f-8460-75c6f188aff4,2026-06-07T14:14:30.952Z,instance-1,A,burst,heavy,heavy,k6,Exp_A_09,51,POST,/api/heavy,heavy,0.01,91.25,64.65,127,41.3,91.25,6598.81,8903.53,9070.28,2,50,1950.99,200
fa821608-030d-4c5c-8be1-792242bfc629,2026-06-07T14:14:30.957Z,instance-1,A,burst,heavy,heavy,k6,Exp_A_09,34,POST,/api/heavy,heavy,0.01,91.25,64.65,128,41.3,91.25,6598.81,8903.53,9070.28,2.2,45.45,2127.93,200
7e005e73-6406-45a2-ac9e-ea7a09b0a7e2,2026-06-07T14:14:30.957Z,instance-1,A,burst,heavy,heavy,k6,Exp_A_09,142,POST,/api/heavy,heavy,0.01,91.25,64.65,129,41.3,91.25,6598.81,8903.53,9070.28,2.4,41.67,2313.83,200
24768445-7ff0-47a2-8236-0288ff8b6573,2026-06-07T14:14:30.958Z,instance-1,A,burst,heavy,heavy,k6,Exp_A_09,104,POST,/api/heavy,heavy,0.01,91.25,64.65,130,41.3,91.25,6598.81,8903.53,9070.28,2.6,38.46,2540.55,200
c49b47f6-57ac-4bec-8884-6da436b3c128,2026-06-07T14:14:30.958Z,instance-1,A,burst,heavy,heavy,k6,Exp_A_09,155,POST,/api/heavy,heavy,0.01,91.25,64.65,131,41.3,91.25,6598.81,8903.53,9070.28,2.8,35.71,2714.92,200
3389441c-8345-462e-8416-491d94143e5d,2026-06-07T14:14:30.959Z,instance-1,A,burst,heavy,heavy,k6,Exp_A_09,4,POST,/api/heavy,heavy,0.01,91.25,64.65,132,41.3,91.25,6598.81,8903.53,9070.28,3,33.33,2909.48,200
7afedca1-59c8-429a-b016-8b0de24f60f1,2026-06-07T14:14:30.959Z,instance-1,A,burst,heavy,heavy,k6,Exp_A_09,15,POST,/api/heavy,heavy,0.01,91.25,64.65,133,41.3,91.25,6598.81,8903.53,9070.28,3.2,31.25,3120.95,200
8f017aa4-ef9f-4f58-9383-545275cde3a5,2026-06-07T14:14:30.959Z,instance-1,A,burst,heavy,heavy,k6,Exp_A_09,48,POST,/api/heavy,heavy,0.01,91.25,64.65,134,41.3,91.25,6598.81,8903.53,9070.28,3.4,29.41,3347.94,200
02a05765-651c-4a6a-a8de-3d7ddf60cff1,2026-06-07T14:14:30.959Z,instance-1,A,burst,heavy,heavy,k6,Exp_A_09,196,POST,/api/heavy,heavy,0.01,91.25,64.65,135,41.3,91.25,6598.81,8903.53,9070.28,3.6,27.78,3546.85,200
cbf8b2c3-4429-4db7-b508-8a046d04319c,2026-06-07T14:14:30.959Z,instance-1,A,burst,heavy,heavy,k6,Exp_A_09,83,POST,/api/heavy,heavy,0.01,91.25,64.65,136,41.3,91.25,6598.81,8903.53,9070.28,3.8,26.32,3770.94,200
64582fd7-1c38-45cb-94f4-b97c80bf7673,2026-06-07T14:14:30.960Z,instance-1,A,burst,heavy,heavy,k6,Exp_A_09,90,POST,/api/heavy,heavy,0.01,91.25,64.65,137,41.3,91.25,6598.81,8903.53,9070.28,4,25,3966.75,200
2eb21fe4-b22b-438c-99b7-2d57ccbf8db5,2026-06-07T14:14:30.960Z,instance-1,A,burst,heavy,heavy,k6,Exp_A_09,181,POST,/api/heavy,heavy,0.01,91.25,64.65,138,41.3,91.25,6598.81,8903.53,9070.28,4.2,23.81,4181.95,200
5b3d4319-277f-41f9-84e6-60f9d0f384da,2026-06-07T14:14:30.960Z,instance-1,A,burst,heavy,heavy,k6,Exp_A_09,123,POST,/api/heavy,heavy,0.01,91.25,64.65,139,41.3,91.25,6598.81,8903.53,9070.28,4.4,22.73,4414.64,200
ae3e9c73-a388-4bb6-84f5-7a829a970862,2026-06-07T14:14:30.960Z,instance-1,A,burst,heavy,heavy,k6,Exp_A_09,143,POST,/api/heavy,heavy,0.01,91.25,64.65,140,41.3,91.25,6598.81,8903.53,9070.28,4.6,21.74,4659.9,200
b2bcf806-a30f-4ba3-8f0d-bdfd5f6dc31d,2026-06-07T14:14:30.960Z,instance-1,A,burst,heavy,heavy,k6,Exp_A_09,11,POST,/api/heavy,heavy,0.01,91.25,64.65,141,41.3,91.25,6598.81,8903.53,9070.28,4.8,20.83,4902.57,200
0ee2ba26-5e51-4d4f-a39b-8ce0aec420f9,2026-06-07T14:14:30.960Z,instance-1,A,burst,heavy,heavy,k6,Exp_A_09,36,POST,/api/heavy,heavy,0.01,91.25,64.65,142,41.3,91.25,6598.81,8903.53,9070.28,5,20,5161.88,200
32709c94-67c8-49ec-a7d0-66b810ed7ec9,2026-06-07T14:14:30.961Z,instance-1,A,burst,heavy,heavy,k6,Exp_A_09,115,POST,/api/heavy,heavy,0.01,91.25,64.65,143,41.3,91.25,6598.81,8903.53,9070.28,5.2,19.23,5390.4,200
1da2a5a2-cecf-4289-adfd-6bd3c70344e0,2026-06-07T14:14:30.961Z,instance-1,A,burst,heavy,heavy,k6,Exp_A_09,137,POST,/api/heavy,heavy,0.01,91.25,64.65,144,41.3,91.25,6598.81,8903.53,9070.28,5.4,18.52,5581.67,200
6137cf01-c7db-40d3-9f98-c1e272912012,2026-06-07T14:14:30.961Z,instance-1,A,burst,heavy,heavy,k6,Exp_A_09,9,POST,/api/heavy,heavy,0.01,91.25,64.65,145,41.3,91.25,6598.81,8903.53,9070.28,5.6,17.86,5744.06,200
3b8b9c2a-4b9d-4fd5-8064-17a1a00ee056,2026-06-07T14:14:30.961Z,instance-1,A,burst,heavy,heavy,k6,Exp_A_09,72,POST,/api/heavy,heavy,0.01,91.25,64.65,146,41.3,91.25,6598.81,8903.53,9070.28,5.8,17.24,5955.31,200
85659360-df83-44ba-aa55-22439536e2a1,2026-06-07T14:14:30.962Z,instance-1,A,burst,heavy,heavy,k6,Exp_A_09,156,POST,/api/heavy,heavy,0.01,91.25,64.65,147,41.3,91.25,6598.81,8903.53,9070.28,6,16.67,6143.51,200
2a8ba7ca-d4e2-40c0-b256-a0b0be2d699a,2026-06-07T14:14:30.962Z,instance-1,A,burst,heavy,heavy,k6,Exp_A_09,26,POST,/api/heavy,heavy,0.01,91.25,64.65,148,41.3,91.25,6598.81,8903.53,9070.28,6.2,16.13,6336.84,200
ce74f54a-833c-450c-a52b-609c56857b96,2026-06-07T14:14:30.962Z,instance-1,A,burst,heavy,heavy,k6,Exp_A_09,71,POST,/api/heavy,heavy,0.01,91.25,64.65,149,41.3,91.25,6598.81,8903.53,9070.28,6.4,15.63,6502.02,200
51d87097-2846-4649-98ac-2027d01ad7c0,2026-06-07T14:14:30.962Z,instance-1,A,burst,heavy,heavy,k6,Exp_A_09,195,POST,/api/heavy,heavy,0.01,91.25,64.65,150,41.3,91.25,6598.81,8903.53,9070.28,6.6,15.15,6690.08,200
f1c28acb-471f-43ef-9e1f-ee134a340552,2026-06-07T14:14:30.963Z,instance-1,A,burst,heavy,heavy,k6,Exp_A_09,13,POST,/api/heavy,heavy,0.01,91.25,64.65,151,41.3,91.25,6598.81,8903.53,9070.28,6.8,14.71,6865.71,200
a5be803e-1fd3-4453-bbe2-399a303e6271,2026-06-07T14:14:30.963Z,instance-1,A,burst,heavy,heavy,k6,Exp_A_09,5,POST,/api/heavy,heavy,0.01,91.25,64.65,152,41.3,91.25,6598.81,8903.53,9070.28,7,14.29,7034.35,200
45e553b7-1206-45e4-aba8-1c986f970d2e,2026-06-07T14:14:30.963Z,instance-1,A,burst,heavy,heavy,k6,Exp_A_09,53,POST,/api/heavy,heavy,0.01,91.25,64.65,153,41.3,91.25,6598.81,8903.53,9070.28,7.2,13.89,7240.48,200
041bde61-3cf8-40ee-89ff-e51e01dd80c5,2026-06-07T14:14:30.964Z,instance-1,A,burst,heavy,heavy,k6,Exp_A_09,1,POST,/api/heavy,heavy,0.01,91.25,64.65,154,41.3,91.25,6598.81,8903.53,9070.28,7.4,13.51,7436,200
d61bf794-64a7-4211-a3d2-7f08921c0a6f,2026-06-07T14:14:30.964Z,instance-1,A,burst,heavy,heavy,k6,Exp_A_09,146,POST,/api/heavy,heavy,0.01,91.25,64.65,155,41.3,91.25,6598.81,8903.53,9070.28,7.6,13.16,7617.52,200
c985352b-18fc-4291-87e3-b76f7ef4d7cc,2026-06-07T14:14:30.965Z,instance-1,A,burst,heavy,heavy,k6,Exp_A_09,97,POST,/api/heavy,heavy,0.01,91.25,64.65,156,41.3,91.25,6598.81,8903.53,9070.28,7.8,12.82,7794.9,200
6950ae34-9961-4a66-acfa-d02a23e19944,2026-06-07T14:14:30.965Z,instance-1,A,burst,heavy,heavy,k6,Exp_A_09,49,POST,/api/heavy,heavy,0.01,91.25,64.65,157,41.3,91.25,6598.81,8903.53,9070.28,8,12.5,7993.21,200
09867c60-25f0-4c1d-994e-f86586a17fe0,2026-06-07T14:14:30.965Z,instance-1,A,burst,heavy,heavy,k6,Exp_A_09,151,POST,/api/heavy,heavy,0.01,91.25,64.65,158,41.3,91.25,6598.81,8903.53,9070.28,8.2,12.2,8142.2,200
083a2bf4-b38f-4da6-a012-033f8e2a1677,2026-06-07T14:14:30.965Z,instance-1,A,burst,heavy,heavy,k6,Exp_A_09,31,POST,/api/heavy,heavy,0.01,91.25,64.65,159,41.3,91.25,6598.81,8903.53,9070.28,8.4,11.9,8287.62,200
667c4dcd-0006-47ab-b072-748a3633bdb9,2026-06-07T14:14:30.966Z,instance-1,A,burst,heavy,heavy,k6,Exp_A_09,43,POST,/api/heavy,heavy,0.01,91.25,64.65,160,41.3,91.25,6598.81,8903.53,9070.28,8.6,11.63,8432.84,200
7a7e2ee8-9c8a-4ac9-8730-d1bba260b1f3,2026-06-07T14:14:30.966Z,instance-1,A,burst,heavy,heavy,k6,Exp_A_09,70,POST,/api/heavy,heavy,0.01,91.25,64.65,161,41.3,91.25,6598.81,8903.53,9070.28,8.8,11.36,8576.91,200
71b185a1-2cdb-4779-b5b5-60f93eb13df2,2026-06-07T14:14:30.966Z,instance-1,A,burst,heavy,heavy,k6,Exp_A_09,32,POST,/api/heavy,heavy,0.01,91.25,64.65,162,41.3,91.25,6598.81,8903.53,9070.28,9,11.11,8720.84,200
760c102e-4ec7-4573-b06c-3258f5f789ce,2026-06-07T14:14:30.966Z,instance-1,A,burst,heavy,heavy,k6,Exp_A_09,194,POST,/api/heavy,heavy,0.01,91.25,64.65,163,41.3,91.25,6598.81,8903.53,9070.28,9.2,10.87,8859.87,200
3a2dc067-16a4-453c-aba6-3481021f7ecc,2026-06-07T14:14:30.966Z,instance-1,A,burst,heavy,heavy,k6,Exp_A_09,203,POST,/api/heavy,heavy,0.01,91.25,64.65,164,41.3,91.25,6598.81,8903.53,9070.28,9.4,10.64,9001.37,200
2481b5bf-1a73-434a-a8b8-379a98b790de,2026-06-07T14:14:30.966Z,instance-1,A,burst,heavy,heavy,k6,Exp_A_09,10,POST,/api/heavy,heavy,0.01,91.25,64.65,165,41.3,91.25,6598.81,8903.53,9070.28,9.6,10.42,9182.07,200
c7faecca-1700-4a44-8daa-07b53c124923,2026-06-07T14:14:30.967Z,instance-1,A,burst,heavy,heavy,k6,Exp_A_09,55,POST,/api/heavy,heavy,0.01,91.25,64.65,166,41.3,91.25,6598.81,8903.53,9070.28,9.8,10.2,9331.68,200
9838e497-8867-4df5-b346-b0de567ad4d4,2026-06-07T14:14:30.967Z,instance-1,A,burst,heavy,heavy,k6,Exp_A_09,165,POST,/api/heavy,heavy,0.01,91.25,64.65,167,41.3,91.25,6598.81,8903.53,9070.28,10,10,9523.74,200
7caaa5dd-b36f-4ca1-882c-c52ec8d1aa35,2026-06-07T14:14:40.504Z,instance-1,A,burst,heavy,heavy,k6,Exp_A_09,230,POST,/api/heavy,heavy,0.01,65.11,64.82,118,48.98,65.11,7253.91,9331.68,9523.74,0.2,1500,210.51,200
8c975b1b-514e-473d-8672-be74e831e23d,2026-06-07T14:14:40.504Z,instance-1,A,burst,heavy,heavy,k6,Exp_A_09,220,POST,/api/heavy,heavy,0.01,65.11,64.82,119,48.98,65.11,7253.91,9331.68,9523.74,0.4,750,420.91,200
03aaff41-7b31-4a81-823f-635173820e27,2026-06-07T14:14:57.214Z,instance-3,A,burst,heavy,heavy,k6,Exp_A_09,31,POST,/api/heavy,heavy,0.01,0,55.19,353,0.04,0.62,2098.84,2193.55,2193.55,0.2,1000,173.21,200
8223660e-7115-4d9b-8a59-884655204cc1,2026-06-07T14:14:57.506Z,instance-3,A,burst,heavy,heavy,k6,Exp_A_09,123,POST,/api/heavy,heavy,0.01,0,55.19,353,0.04,0.62,173.21,173.21,173.21,0.4,500,151.11,200
20820807-212e-41f2-9ebf-7d364b7d527d,2026-06-07T14:14:58.015Z,instance-3,A,burst,heavy,heavy,k6,Exp_A_09,53,POST,/api/heavy,heavy,0.01,31.3,55.39,353,0.02,6.88,162.16,173.21,173.21,0.6,333.33,160.01,200
9c16fef1-f6d8-4dc8-8bae-2dda908912a3,2026-06-07T14:14:58.176Z,instance-3,A,burst,heavy,heavy,k6,Exp_A_09,44,POST,/api/heavy,heavy,0.01,31.3,55.39,353,0.02,6.88,161.44,173.21,173.21,0.8,250,184.32,200
3c661cf4-a87d-46fd-8d41-eb2d807870ac,2026-06-07T14:14:58.391Z,instance-3,A,burst,heavy,heavy,k6,Exp_A_09,114,POST,/api/heavy,heavy,0.01,31.3,55.39,353,0.02,6.88,167.16,184.32,184.32,1,200,179.28,200
ef8500b4-b7d4-4e46-aa71-64ba03a5927a,2026-06-07T14:14:59.167Z,instance-3,A,burst,heavy,heavy,k6,Exp_A_09,19,POST,/api/heavy,heavy,0.01,51.6,55.63,353,0.02,16.88,169.59,184.32,184.32,1.2,166.67,148.6,200
f035251b-49e0-45c3-b09c-7ac00886f906,2026-06-07T14:14:59.370Z,instance-3,A,burst,heavy,heavy,k6,Exp_A_09,95,POST,/api/heavy,heavy,0.01,51.6,55.63,353,0.02,16.88,166.09,184.32,184.32,1.4,142.86,156.15,200
cb6244a7-f5fc-42ce-9f0e-302ef0891724,2026-06-07T14:14:59.915Z,instance-3,A,burst,heavy,heavy,k6,Exp_A_09,96,POST,/api/heavy,heavy,0.01,51.6,55.63,353,0.02,16.88,164.67,184.32,184.32,1.6,125,306.64,200
d96e468f-13d2-4ce2-b0c9-d4c9a3e23e41,2026-06-07T14:15:00.368Z,instance-3,A,burst,heavy,heavy,k6,Exp_A_09,37,POST,/api/heavy,heavy,0.01,31.2,55.8,353,0.13,22.82,182.41,306.64,306.64,1.8,111.11,252.34,200
65031d35-79ab-4e35-bb1f-779316496965,2026-06-07T14:15:00.621Z,instance-3,A,burst,heavy,heavy,k6,Exp_A_09,95,POST,/api/heavy,heavy,0.01,31.2,55.8,353,0.13,22.82,190.18,306.64,306.64,2,100,234.84,200
5a7fa0ff-80d7-4761-a639-c84ab8354244,2026-06-07T14:15:00.864Z,instance-3,A,burst,heavy,heavy,k6,Exp_A_09,98,POST,/api/heavy,heavy,0.01,31.2,55.8,353,0.13,22.82,194.65,306.64,306.64,2.2,90.91,253.75,200
0c8bb348-a6e2-46a1-9f57-f40200ee2dfb,2026-06-07T14:15:01.119Z,instance-3,A,burst,heavy,heavy,k6,Exp_A_09,13,POST,/api/heavy,heavy,0.01,31.2,55.8,353,0.13,22.82,200.02,306.64,306.64,2.4,83.33,253.23,200
066e58f4-f191-47cc-9ac1-6ed07c266103,2026-06-07T14:14:52.684Z,instance-2,A,burst,heavy,heavy,k6,Exp_A_09,31,POST,/api/heavy,heavy,0.01,5.47,65.25,199,33.98,23.55,6818.1,8952.14,9093.7,0.2,100,179.37,200
9ed2a119-4999-46a4-804d-ae56f52034c9,2026-06-07T14:14:52.684Z,instance-2,A,burst,heavy,heavy,k6,Exp_A_09,8,POST,/api/heavy,heavy,0.01,5.47,65.25,200,33.98,23.55,6818.1,8952.14,9093.7,0.4,50,331.32,200
61fed464-a570-470f-b94e-b0226a9a723e,2026-06-07T14:14:52.684Z,instance-2,A,burst,heavy,heavy,k6,Exp_A_09,17,POST,/api/heavy,heavy,0.01,5.47,65.25,201,33.98,23.55,6818.1,8952.14,9093.7,0.6,33.33,475.52,200
d92a5284-19b4-4f37-8da4-1d8e27f0c2aa,2026-06-07T14:14:52.684Z,instance-2,A,burst,heavy,heavy,k6,Exp_A_09,48,POST,/api/heavy,heavy,0.01,5.47,65.25,202,33.98,23.55,6818.1,8952.14,9093.7,0.8,25,625.84,200
4ff2ddac-23e6-4d47-9b67-b303fd1562ae,2026-06-07T14:14:52.685Z,instance-2,A,burst,heavy,heavy,k6,Exp_A_09,63,POST,/api/heavy,heavy,0.01,5.47,65.25,203,33.98,23.55,6818.1,8952.14,9093.7,1,20,785.86,200
6d395707-1e34-43d2-9547-61e0231cc888,2026-06-07T14:14:52.685Z,instance-2,A,burst,heavy,heavy,k6,Exp_A_09,123,POST,/api/heavy,heavy,0.01,5.47,65.25,204,33.98,23.55,6818.1,8952.14,9093.7,1.2,16.67,936.43,200
f1fbed3d-bcba-4299-b5b1-68c0f90d8144,2026-06-07T14:14:52.685Z,instance-2,A,burst,heavy,heavy,k6,Exp_A_09,67,POST,/api/heavy,heavy,0.01,5.47,65.25,205,33.98,23.55,6818.1,8952.14,9093.7,1.4,14.29,1100.93,200
43fe6ed5-e299-4843-b60c-391e6aeaed3a,2026-06-07T14:14:52.686Z,instance-2,A,burst,heavy,heavy,k6,Exp_A_09,43,POST,/api/heavy,heavy,0.01,5.47,65.25,206,33.98,23.55,6818.1,8952.14,9093.7,1.6,12.5,1246.25,200
3839edde-aff1-48fe-abfa-02315aae2974,2026-06-07T14:14:52.686Z,instance-2,A,burst,heavy,heavy,k6,Exp_A_09,53,POST,/api/heavy,heavy,0.01,5.47,65.25,207,33.98,23.55,6818.1,8952.14,9093.7,1.8,11.11,1390.98,200
75c88951-5269-4dcf-9681-8e5c310059ba,2026-06-07T14:14:52.686Z,instance-2,A,burst,heavy,heavy,k6,Exp_A_09,71,POST,/api/heavy,heavy,0.01,5.47,65.25,208,33.98,23.55,6818.1,8952.14,9093.7,2,10,1536.65,200
1b3c61ee-79c5-4a20-b905-b94dd13bf66d,2026-06-07T14:14:52.686Z,instance-2,A,burst,heavy,heavy,k6,Exp_A_09,114,POST,/api/heavy,heavy,0.01,5.47,65.25,209,33.98,23.55,6818.1,8952.14,9093.7,2.2,9.09,1678.18,200
163e01fb-56e2-4ee9-ab99-a33686fee7df,2026-06-07T14:14:52.687Z,instance-2,A,burst,heavy,heavy,k6,Exp_A_09,137,POST,/api/heavy,heavy,0.01,5.47,65.25,210,33.98,23.55,6818.1,8952.14,9093.7,2.4,8.33,1822.42,200
b21c0e8e-a86d-46ca-8514-dd087f1a77ad,2026-06-07T14:14:52.687Z,instance-2,A,burst,heavy,heavy,k6,Exp_A_09,69,POST,/api/heavy,heavy,0.01,5.47,65.25,211,33.98,23.55,6818.1,8952.14,9093.7,2.6,7.69,1964.46,200
8072ca24-4cdf-46e1-bd61-6641dd27da7b,2026-06-07T14:14:52.687Z,instance-2,A,burst,heavy,heavy,k6,Exp_A_09,149,POST,/api/heavy,heavy,0.01,5.47,65.25,212,33.98,23.55,6818.1,8952.14,9093.7,2.8,7.14,2114.14,200
677d817b-4ab9-4ad8-9a82-25c2dc94ec04,2026-06-07T14:14:52.687Z,instance-2,A,burst,heavy,heavy,k6,Exp_A_09,89,POST,/api/heavy,heavy,0.01,5.47,65.25,213,33.98,23.55,6818.1,8952.14,9093.7,3,6.67,2258.39,200
7d5e72b2-5157-4d87-bffc-e77546cafe1d,2026-06-07T14:14:52.687Z,instance-2,A,burst,heavy,heavy,k6,Exp_A_09,119,POST,/api/heavy,heavy,0.01,5.47,65.25,214,33.98,23.55,6818.1,8952.14,9093.7,3.2,6.25,2400.23,200
b2242023-6768-4876-afdc-fa5c392128e4,2026-06-07T14:14:52.688Z,instance-2,A,burst,heavy,heavy,k6,Exp_A_09,92,POST,/api/heavy,heavy,0.01,5.47,65.25,215,33.98,23.55,6818.1,8952.14,9093.7,3.4,5.88,2547.19,200
080f414d-228f-4e78-81e2-0728af51c4d7,2026-06-07T14:14:52.688Z,instance-2,A,burst,heavy,heavy,k6,Exp_A_09,9,POST,/api/heavy,heavy,0.01,5.47,65.25,216,33.98,23.55,6818.1,8952.14,9093.7,3.6,5.56,2688.16,200
55f8900b-43af-4210-9c01-ade36b08deaa,2026-06-07T14:14:52.689Z,instance-2,A,burst,heavy,heavy,k6,Exp_A_09,175,POST,/api/heavy,heavy,0.01,5.47,65.25,217,33.98,23.55,6818.1,8952.14,9093.7,3.8,5.26,2847,200
263119d0-7113-4987-bc32-02f5af70a43a,2026-06-07T14:14:52.689Z,instance-2,A,burst,heavy,heavy,k6,Exp_A_09,11,POST,/api/heavy,heavy,0.01,5.47,65.25,218,33.98,23.55,6818.1,8952.14,9093.7,4,5,3001.94,200
1fc7673f-a399-474c-a8a2-653232768352,2026-06-07T14:14:52.689Z,instance-2,A,burst,heavy,heavy,k6,Exp_A_09,4,POST,/api/heavy,heavy,0.01,5.47,65.25,219,33.98,23.55,6818.1,8952.14,9093.7,4.2,4.76,3184.21,200
93bebc90-3fe2-497e-a0d1-30f44b6a9461,2026-06-07T14:14:52.689Z,instance-2,A,burst,heavy,heavy,k6,Exp_A_09,166,POST,/api/heavy,heavy,0.01,5.47,65.25,220,33.98,23.55,6818.1,8952.14,9093.7,4.4,4.55,3356.55,200
b8d6fd83-3938-4efe-926e-a6ede75150de,2026-06-07T14:14:52.689Z,instance-2,A,burst,heavy,heavy,k6,Exp_A_09,122,POST,/api/heavy,heavy,0.01,5.47,65.25,221,33.98,23.55,6818.1,8952.14,9093.7,4.6,4.35,3507.1,200
e5a0dc95-ee44-49a6-94cc-3e7ab6a73910,2026-06-07T14:14:52.689Z,instance-2,A,burst,heavy,heavy,k6,Exp_A_09,51,POST,/api/heavy,heavy,0.01,5.47,65.25,222,33.98,23.55,6818.1,8952.14,9093.7,4.8,4.17,3659.84,200
f19b9e1d-200d-4c20-b83c-d51675689b47,2026-06-07T14:14:52.689Z,instance-2,A,burst,heavy,heavy,k6,Exp_A_09,158,POST,/api/heavy,heavy,0.01,5.47,65.25,223,33.98,23.55,6818.1,8952.14,9093.7,5,4,3808.33,200
782da7a3-da08-455f-a335-782cf3f5a6c9,2026-06-07T14:14:52.690Z,instance-2,A,burst,heavy,heavy,k6,Exp_A_09,72,POST,/api/heavy,heavy,0.01,5.47,65.25,224,33.98,23.55,6818.1,8952.14,9093.7,5.2,3.85,3956.39,200
2c6d07ee-652f-42c3-bd4a-615335845e14,2026-06-07T14:14:52.690Z,instance-2,A,burst,heavy,heavy,k6,Exp_A_09,90,POST,/api/heavy,heavy,0.01,5.47,65.25,225,33.98,23.55,6818.1,8952.14,9093.7,5.4,3.7,4151.92,200
a5578297-532d-42e3-bcdd-6b97fb48dca1,2026-06-07T14:14:52.690Z,instance-2,A,burst,heavy,heavy,k6,Exp_A_09,44,POST,/api/heavy,heavy,0.01,5.47,65.25,226,33.98,23.55,6818.1,8952.14,9093.7,5.6,3.57,4358.16,200
b0fd03ec-cdbf-4803-b4d4-314ee37aba41,2026-06-07T14:14:52.690Z,instance-2,A,burst,heavy,heavy,k6,Exp_A_09,144,POST,/api/heavy,heavy,0.01,5.47,65.25,227,33.98,23.55,6818.1,8952.14,9093.7,5.8,3.45,4581.94,200
96a4a554-e675-49ea-a00f-aed14ad55176,2026-06-07T14:14:52.690Z,instance-2,A,burst,heavy,heavy,k6,Exp_A_09,59,POST,/api/heavy,heavy,0.01,5.47,65.25,228,33.98,23.55,6818.1,8952.14,9093.7,6,3.33,4750.51,200
2ad36b01-6455-4c6f-8cb8-d5a174566fa2,2026-06-07T14:14:52.690Z,instance-2,A,burst,heavy,heavy,k6,Exp_A_09,98,POST,/api/heavy,heavy,0.01,5.47,65.25,229,33.98,23.55,6818.1,8952.14,9093.7,6.2,3.23,4954.49,200
e0feca68-dcc5-4597-a40f-34b93afc5363,2026-06-07T14:14:52.690Z,instance-2,A,burst,heavy,heavy,k6,Exp_A_09,178,POST,/api/heavy,heavy,0.01,5.47,65.25,230,33.98,23.55,6818.1,8952.14,9093.7,6.4,3.13,5114.88,200
a366fe4d-ebc9-4cea-85fb-e461e0cd972b,2026-06-07T14:14:52.691Z,instance-2,A,burst,heavy,heavy,k6,Exp_A_09,45,POST,/api/heavy,heavy,0.01,5.47,65.25,231,33.98,23.55,6818.1,8952.14,9093.7,6.6,3.03,5266.63,200
1e4a98a8-f496-4ae3-85e9-847d7113f89f,2026-06-07T14:14:52.691Z,instance-2,A,burst,heavy,heavy,k6,Exp_A_09,19,POST,/api/heavy,heavy,0.01,5.47,65.25,232,33.98,23.55,6818.1,8952.14,9093.7,6.8,2.94,5474.18,200
331fc5b8-1f36-493c-848e-3d2fb90bdc67,2026-06-07T14:14:52.691Z,instance-2,A,burst,heavy,heavy,k6,Exp_A_09,95,POST,/api/heavy,heavy,0.01,5.47,65.25,233,33.98,23.55,6818.1,8952.14,9093.7,7,2.86,5676.47,200
6101e987-e134-4289-b14e-b0ba581e11b7,2026-06-07T14:15:01.120Z,instance-3,A,burst,heavy,heavy,k6,Exp_A_09,64,POST,/api/heavy,heavy,0.01,31.2,55.8,354,0.13,22.82,200.02,306.64,306.64,2.6,76.92,563.85,200
afd1c51e-75bb-4b67-b152-34c580a0fae5,2026-06-07T14:15:01.686Z,instance-3,A,burst,heavy,heavy,k6,Exp_A_09,85,POST,/api/heavy,heavy,0.01,31.2,55.8,353,0.13,22.82,232.1,563.85,563.85,2.8,71.43,279.01,200
5e20600e-5255-470b-99bb-9947cf95383c,2026-06-07T14:15:01.686Z,instance-3,A,burst,heavy,heavy,k6,Exp_A_09,114,POST,/api/heavy,heavy,0.01,31.2,55.8,354,0.13,22.82,232.1,563.85,563.85,3,66.67,500.08,200
6446cf8a-f949-490d-b794-8b97a016662b,2026-06-07T14:15:01.688Z,instance-3,A,burst,heavy,heavy,k6,Exp_A_09,101,POST,/api/heavy,heavy,0.01,31.2,55.8,355,0.13,22.82,232.1,563.85,563.85,3.2,62.5,681.92,200
1a129f88-7bf4-4555-afef-a608a55e65ce,2026-06-07T14:15:01.688Z,instance-3,A,burst,heavy,heavy,k6,Exp_A_09,42,POST,/api/heavy,heavy,0.01,31.2,55.8,356,0.13,22.82,232.1,563.85,563.85,3.4,58.82,863.12,200
29372845-a3b4-447e-8777-3cfe54fa18f9,2026-06-07T14:15:02.561Z,instance-3,A,burst,heavy,heavy,k6,Exp_A_09,95,POST,/api/heavy,heavy,0.01,50.8,55.8,353,0.13,41.23,323.02,863.12,863.12,3.2,62.5,197.26,200
7dc2f77a-1483-4764-8d83-c3c626141e67,2026-06-07T14:15:02.562Z,instance-3,A,burst,heavy,heavy,k6,Exp_A_09,13,POST,/api/heavy,heavy,0.01,50.8,55.8,354,0.13,41.23,323.02,863.12,863.12,3.4,58.82,426.35,200
89de5d09-d1ac-4a73-a386-9644cfb698cf,2026-06-07T14:15:02.562Z,instance-3,A,burst,heavy,heavy,k6,Exp_A_09,59,POST,/api/heavy,heavy,0.01,50.8,55.8,355,0.13,41.23,323.02,863.12,863.12,3.6,55.56,662.18,200
b4d046f1-20fc-4169-a009-52edb1b50013,2026-06-07T14:15:02.564Z,instance-3,A,burst,heavy,heavy,k6,Exp_A_09,82,POST,/api/heavy,heavy,0.01,50.8,55.8,356,0.13,41.23,323.02,863.12,863.12,3.8,52.63,820.21,200
6a1d8997-f4ed-4217-9f95-c1ff16a01e8c,2026-06-07T14:15:02.564Z,instance-3,A,burst,heavy,heavy,k6,Exp_A_09,2,POST,/api/heavy,heavy,0.01,50.8,55.8,357,0.13,41.23,323.02,863.12,863.12,4,50,987.59,200
cc7c7af4-d24b-4373-be0c-78eb6e3ee55e,2026-06-07T14:14:40.504Z,instance-1,A,burst,heavy,heavy,k6,Exp_A_09,91,POST,/api/heavy,heavy,0.01,65.11,64.82,120,48.98,65.11,7253.91,9331.68,9523.74,0.6,500,669.08,200
eddd878a-662e-4fe7-973f-b15dc6ed911b,2026-06-07T14:15:03.560Z,instance-3,A,burst,heavy,heavy,k6,Exp_A_09,64,POST,/api/heavy,heavy,0.01,50.8,55.8,353,12.31,41.23,431.47,987.59,987.59,3.6,55.56,198.49,200
cd093ab5-37b1-47f5-9f58-31f5b03f2337,2026-06-07T14:15:03.561Z,instance-3,A,burst,heavy,heavy,k6,Exp_A_09,29,POST,/api/heavy,heavy,0.01,50.8,55.8,354,12.31,41.23,431.47,987.59,987.59,3.8,52.63,405.65,200
2f53548d-cb02-4bdb-a3c0-575d0775787a,2026-06-07T14:15:03.561Z,instance-3,A,burst,heavy,heavy,k6,Exp_A_09,58,POST,/api/heavy,heavy,0.01,50.8,55.8,355,12.31,41.23,431.47,987.59,987.59,4,50,605.59,200
9cee2aec-834f-459d-8d9b-1b431e7a0454,2026-06-07T14:15:03.561Z,instance-3,A,burst,heavy,heavy,k6,Exp_A_09,78,POST,/api/heavy,heavy,0.01,50.8,55.8,356,12.31,41.23,431.47,987.59,987.59,4.2,47.62,788.46,200
240cdf8f-01ba-4813-a50c-af73e8a67a25,2026-06-07T14:15:03.561Z,instance-3,A,burst,heavy,heavy,k6,Exp_A_09,105,POST,/api/heavy,heavy,0.01,50.8,55.8,357,12.31,41.23,431.47,987.59,987.59,4.4,45.45,1006.22,200
1c3ba8b7-b6ab-4d23-abe8-87683e963f08,2026-06-07T14:15:04.577Z,instance-3,A,burst,heavy,heavy,k6,Exp_A_09,62,POST,/api/heavy,heavy,0.01,78.15,56.2,353,12.31,53.38,514.34,987.59,1006.22,4.2,47.62,200.22,200
3c0f553f-d3e4-4063-8ad0-e6ab3226caf8,2026-06-07T14:15:04.578Z,instance-3,A,burst,heavy,heavy,k6,Exp_A_09,72,POST,/api/heavy,heavy,0.01,78.15,56.2,354,12.31,53.38,514.34,987.59,1006.22,4.4,45.45,386.55,200
aa6287c9-e6bb-45bd-a9a8-2960bf69abc4,2026-06-07T14:15:04.579Z,instance-3,A,burst,heavy,heavy,k6,Exp_A_09,13,POST,/api/heavy,heavy,0.01,78.15,56.2,355,12.31,53.38,514.34,987.59,1006.22,4.6,43.48,552.66,200
9570e519-020f-4ee7-9712-e3bc3a36a061,2026-06-07T14:15:04.579Z,instance-3,A,burst,heavy,heavy,k6,Exp_A_09,90,POST,/api/heavy,heavy,0.01,78.15,56.2,356,12.31,53.38,514.34,987.59,1006.22,4.8,41.67,756.53,200
94efd34c-0582-413c-b8c2-c19bdfa306c6,2026-06-07T14:15:04.579Z,instance-3,A,burst,heavy,heavy,k6,Exp_A_09,59,POST,/api/heavy,heavy,0.01,78.15,56.2,357,12.31,53.38,514.34,987.59,1006.22,5,40,959.5,200
c151096a-1e6c-4ad4-b37b-515241dce1ce,2026-06-07T14:15:04.580Z,instance-3,A,burst,heavy,heavy,k6,Exp_A_09,82,POST,/api/heavy,heavy,0.01,78.15,56.2,358,12.31,53.38,514.34,987.59,1006.22,5.2,38.46,1116.13,200
d423aa6f-446a-4250-acc1-34a5611b684b,2026-06-07T14:15:04.581Z,instance-3,A,burst,heavy,heavy,k6,Exp_A_09,4,POST,/api/heavy,heavy,0.01,78.15,56.2,359,12.31,53.38,514.34,987.59,1006.22,5.4,37.04,1283.87,200
81e31538-f68d-422d-bfdf-e741b15894e7,2026-06-07T14:15:04.581Z,instance-3,A,burst,heavy,heavy,k6,Exp_A_09,83,POST,/api/heavy,heavy,0.01,78.15,56.2,360,12.31,53.38,514.34,987.59,1006.22,5.6,35.71,1459.62,200
d4d6e4aa-2544-48f0-b29d-799bed64609b,2026-06-07T14:15:04.581Z,instance-3,A,burst,heavy,heavy,k6,Exp_A_09,31,POST,/api/heavy,heavy,0.01,78.15,56.2,361,12.31,53.38,514.34,987.59,1006.22,5.8,34.48,1646.6,200
4254e6af-88a5-4cf8-b620-b8294757bbbc,2026-06-07T14:15:04.582Z,instance-3,A,burst,heavy,heavy,k6,Exp_A_09,16,POST,/api/heavy,heavy,0.01,78.15,56.2,362,12.31,53.38,514.34,987.59,1006.22,6,33.33,1849.22,200
f48690a3-8719-473c-ae06-a4086483a60d,2026-06-07T14:15:04.582Z,instance-3,A,burst,heavy,heavy,k6,Exp_A_09,44,POST,/api/heavy,heavy,0.01,78.15,56.2,363,12.31,53.38,514.34,987.59,1006.22,6.2,32.26,2040.39,200
8c2d93cf-c975-49fa-8948-965a08d7faa1,2026-06-07T14:15:04.582Z,instance-3,A,burst,heavy,heavy,k6,Exp_A_09,2,POST,/api/heavy,heavy,0.01,78.15,56.2,364,12.31,53.38,514.34,987.59,1006.22,6.4,31.25,2207.2,200
9664301f-610d-422c-8815-8138165784ee,2026-06-07T14:14:52.691Z,instance-2,A,burst,heavy,heavy,k6,Exp_A_09,102,POST,/api/heavy,heavy,0.01,5.47,65.25,234,33.98,23.55,6818.1,8952.14,9093.7,7.2,2.78,5842.76,200
e447fed1-12c1-4c5e-a7e6-1428e81735fe,2026-06-07T14:14:40.504Z,instance-1,A,burst,heavy,heavy,k6,Exp_A_09,38,POST,/api/heavy,heavy,0.01,65.11,64.82,121,48.98,65.11,7253.91,9331.68,9523.74,0.8,375,920.67,200
b2c12946-8627-433f-bbac-d3289f76d507,2026-06-07T14:14:40.504Z,instance-1,A,burst,heavy,heavy,k6,Exp_A_09,218,POST,/api/heavy,heavy,0.01,65.11,64.82,122,48.98,65.11,7253.91,9331.68,9523.74,1,300,1133.4,200
a7450053-2ddb-4267-8e05-825fbe8691dc,2026-06-07T14:14:40.505Z,instance-1,A,burst,heavy,heavy,k6,Exp_A_09,87,POST,/api/heavy,heavy,0.01,65.11,64.82,123,48.98,65.11,7253.91,9331.68,9523.74,1.2,250,1316.2,200
f6bfe96b-9bc7-4869-be10-ff16de93e5f8,2026-06-07T14:14:40.505Z,instance-1,A,burst,heavy,heavy,k6,Exp_A_09,209,POST,/api/heavy,heavy,0.01,65.11,64.82,124,48.98,65.11,7253.91,9331.68,9523.74,1.4,214.29,1504.64,200
6a616920-c7f6-45e2-a914-b514967f0947,2026-06-07T14:14:40.505Z,instance-1,A,burst,heavy,heavy,k6,Exp_A_09,131,POST,/api/heavy,heavy,0.01,65.11,64.82,125,48.98,65.11,7253.91,9331.68,9523.74,1.6,187.5,1674.81,200
ff6596cf-0937-445e-9e69-ae486710e6ed,2026-06-07T14:14:40.505Z,instance-1,A,burst,heavy,heavy,k6,Exp_A_09,139,POST,/api/heavy,heavy,0.01,65.11,64.82,126,48.98,65.11,7253.91,9331.68,9523.74,1.8,166.67,1934,200
a9907559-3f51-470f-aa9f-0f1f554bec1c,2026-06-07T14:14:40.506Z,instance-1,A,burst,heavy,heavy,k6,Exp_A_09,21,POST,/api/heavy,heavy,0.01,65.11,64.82,127,48.98,65.11,7253.91,9331.68,9523.74,2,150,2196.51,200
9dfe6267-1f22-4f43-a17b-4529f9336ef0,2026-06-07T14:14:40.507Z,instance-1,A,burst,heavy,heavy,k6,Exp_A_09,205,POST,/api/heavy,heavy,0.01,65.11,64.82,128,48.98,65.11,7253.91,9331.68,9523.74,2.2,136.36,2412.72,200
659494b6-ba93-49c5-bc51-9740e1811262,2026-06-07T14:14:40.507Z,instance-1,A,burst,heavy,heavy,k6,Exp_A_09,116,POST,/api/heavy,heavy,0.01,65.11,64.82,129,48.98,65.11,7253.91,9331.68,9523.74,2.4,125,2604.26,200
0076a6da-9bae-4059-8cc5-1758b2eef6a3,2026-06-07T14:14:40.508Z,instance-1,A,burst,heavy,heavy,k6,Exp_A_09,18,POST,/api/heavy,heavy,0.01,65.11,64.82,130,48.98,65.11,7253.91,9331.68,9523.74,2.6,115.38,2846.22,200
4a29cdf3-420b-4f30-9e26-0fcb805c5432,2026-06-07T14:14:40.508Z,instance-1,A,burst,heavy,heavy,k6,Exp_A_09,110,POST,/api/heavy,heavy,0.01,65.11,64.82,131,48.98,65.11,7253.91,9331.68,9523.74,2.8,107.14,3155.78,200
48613121-543d-43a1-903e-65b35f1c5209,2026-06-07T14:14:40.508Z,instance-1,A,burst,heavy,heavy,k6,Exp_A_09,88,POST,/api/heavy,heavy,0.01,65.11,64.82,132,48.98,65.11,7253.91,9331.68,9523.74,3,100,3444.75,200
06ca9489-cd12-402f-b412-6284080c6d3e,2026-06-07T14:14:40.509Z,instance-1,A,burst,heavy,heavy,k6,Exp_A_09,69,POST,/api/heavy,heavy,0.01,65.11,64.82,133,48.98,65.11,7253.91,9331.68,9523.74,3.2,93.75,3675.76,200
ca1327e6-d1e1-40d3-b8bb-7fe1ec4bea6e,2026-06-07T14:14:40.509Z,instance-1,A,burst,heavy,heavy,k6,Exp_A_09,40,POST,/api/heavy,heavy,0.01,65.11,64.82,134,48.98,65.11,7253.91,9331.68,9523.74,3.4,88.24,3925.69,200
b3f260a4-41a8-432a-9561-ffce67dbab1f,2026-06-07T14:14:40.509Z,instance-1,A,burst,heavy,heavy,k6,Exp_A_09,63,POST,/api/heavy,heavy,0.01,65.11,64.82,135,48.98,65.11,7253.91,9331.68,9523.74,3.6,83.33,4142.59,200
ebda9984-2bdd-4257-9f2a-67bfa93515e7,2026-06-07T14:14:40.509Z,instance-1,A,burst,heavy,heavy,k6,Exp_A_09,7,POST,/api/heavy,heavy,0.01,65.11,64.82,136,48.98,65.11,7253.91,9331.68,9523.74,3.8,78.95,4361.57,200
9d08eb17-1496-4944-a988-0de0e247463f,2026-06-07T14:14:40.509Z,instance-1,A,burst,heavy,heavy,k6,Exp_A_09,62,POST,/api/heavy,heavy,0.01,65.11,64.82,137,48.98,65.11,7253.91,9331.68,9523.74,4,75,4513.49,200
9cdcc203-d576-44bb-89e4-5f7a9b2688b3,2026-06-07T14:14:40.510Z,instance-1,A,burst,heavy,heavy,k6,Exp_A_09,73,POST,/api/heavy,heavy,0.01,65.11,64.82,138,48.98,65.11,7253.91,9331.68,9523.74,4.2,71.43,4690.94,200
3d1cf10b-648c-481b-9dc4-76c2f8000f22,2026-06-07T14:14:40.510Z,instance-1,A,burst,heavy,heavy,k6,Exp_A_09,160,POST,/api/heavy,heavy,0.01,65.11,64.82,139,48.98,65.11,7253.91,9331.68,9523.74,4.4,68.18,4844.77,200
ab7c15fa-4100-4c18-9f63-ae22c49fa3a8,2026-06-07T14:14:40.510Z,instance-1,A,burst,heavy,heavy,k6,Exp_A_09,206,POST,/api/heavy,heavy,0.01,65.11,64.82,140,48.98,65.11,7253.91,9331.68,9523.74,4.6,65.22,5040.68,200
96e4e61c-efa6-47af-a90d-2897be8d4af3,2026-06-07T14:14:40.510Z,instance-1,A,burst,heavy,heavy,k6,Exp_A_09,109,POST,/api/heavy,heavy,0.01,65.11,64.82,141,48.98,65.11,7253.91,9331.68,9523.74,4.8,62.5,5239.03,200
5c1a4262-93de-4261-b8d5-db91355d796c,2026-06-07T14:14:40.510Z,instance-1,A,burst,heavy,heavy,k6,Exp_A_09,119,POST,/api/heavy,heavy,0.01,65.11,64.82,142,48.98,65.11,7253.91,9331.68,9523.74,5,60,5480.54,200
38bf1b40-4974-421c-9fea-bf2d4c78d3ad,2026-06-07T14:14:40.510Z,instance-1,A,burst,heavy,heavy,k6,Exp_A_09,17,POST,/api/heavy,heavy,0.01,65.11,64.82,143,48.98,65.11,7253.91,9331.68,9523.74,5.2,57.69,5713.76,200
d4fa1761-23b3-4c50-a83c-1c9403dbb7c3,2026-06-07T14:14:40.510Z,instance-1,A,burst,heavy,heavy,k6,Exp_A_09,75,POST,/api/heavy,heavy,0.01,65.11,64.82,144,48.98,65.11,7253.91,9331.68,9523.74,5.4,55.56,5939.83,200
a79e3f10-c6d3-40df-af85-901bb6723fc0,2026-06-07T14:14:40.511Z,instance-1,A,burst,heavy,heavy,k6,Exp_A_09,180,POST,/api/heavy,heavy,0.01,65.11,64.82,145,48.98,65.11,7253.91,9331.68,9523.74,5.6,53.57,6127.35,200
73e9c1d6-284d-4ef4-83c1-90bb6df4e6a2,2026-06-07T14:14:40.511Z,instance-1,A,burst,heavy,heavy,k6,Exp_A_09,169,POST,/api/heavy,heavy,0.01,65.11,64.82,146,48.98,65.11,7253.91,9331.68,9523.74,5.8,51.72,6314.9,200
49695f7a-c76a-45cb-9adb-cbae529c90d9,2026-06-07T14:14:40.511Z,instance-1,A,burst,heavy,heavy,k6,Exp_A_09,2,POST,/api/heavy,heavy,0.01,65.11,64.82,147,48.98,65.11,7253.91,9331.68,9523.74,6,50,6508.36,200
3b3f06ab-e859-404b-bd74-51229ed92133,2026-06-07T14:14:40.512Z,instance-1,A,burst,heavy,heavy,k6,Exp_A_09,222,POST,/api/heavy,heavy,0.01,65.11,64.82,148,48.98,65.11,7253.91,9331.68,9523.74,6.2,48.39,6762.25,200
9d2835f5-0bf3-42f6-8c30-eefa89e490b2,2026-06-07T14:14:40.513Z,instance-1,A,burst,heavy,heavy,k6,Exp_A_09,199,POST,/api/heavy,heavy,0.01,65.11,64.82,149,48.98,65.11,7253.91,9331.68,9523.74,6.4,46.88,6969.85,200
36cb491f-9999-465b-83bd-0594b0b472a1,2026-06-07T14:14:47.506Z,instance-1,A,burst,heavy,heavy,k6,Exp_A_09,53,POST,/api/heavy,heavy,0.01,126.79,56.4,118,23.24,126.79,4648.33,6762.25,6969.85,0.2,1500,262.46,200
6f203206-4bf1-49c9-800c-22d492d700a6,2026-06-07T14:14:47.507Z,instance-1,A,burst,heavy,heavy,k6,Exp_A_09,91,POST,/api/heavy,heavy,0.01,126.79,56.4,119,23.24,126.79,4648.33,6762.25,6969.85,0.4,750,460.56,200
91b73ef7-13a4-4ffd-8f37-8ad1ad97493f,2026-06-07T14:14:47.507Z,instance-1,A,burst,heavy,heavy,k6,Exp_A_09,142,POST,/api/heavy,heavy,0.01,126.79,56.4,120,23.24,126.79,4648.33,6762.25,6969.85,0.6,500,652.17,200
4c8d25c0-2217-4006-85e2-aad8ba727195,2026-06-07T14:14:47.507Z,instance-1,A,burst,heavy,heavy,k6,Exp_A_09,131,POST,/api/heavy,heavy,0.01,126.79,56.4,121,23.24,126.79,4648.33,6762.25,6969.85,0.8,375,843.43,200
8b08bb0b-9a0d-4cf6-9ca3-3b7f918fdf9f,2026-06-07T14:14:47.507Z,instance-1,A,burst,heavy,heavy,k6,Exp_A_09,21,POST,/api/heavy,heavy,0.01,126.79,56.4,122,23.24,126.79,4648.33,6762.25,6969.85,1,300,1025.5,200
73dbdd09-942e-4305-947f-edd6e5cd5bab,2026-06-07T14:14:47.507Z,instance-1,A,burst,heavy,heavy,k6,Exp_A_09,114,POST,/api/heavy,heavy,0.01,126.79,56.4,123,23.24,126.79,4648.33,6762.25,6969.85,1.2,250,1245.89,200
53255215-a648-41f8-a155-0dacfebb4ec7,2026-06-07T14:14:47.508Z,instance-1,A,burst,heavy,heavy,k6,Exp_A_09,115,POST,/api/heavy,heavy,0.01,126.79,56.4,124,23.24,126.79,4648.33,6762.25,6969.85,1.4,214.29,1438.72,200
7fdc94bf-44c2-433c-a173-ac8f63b67966,2026-06-07T14:14:47.508Z,instance-1,A,burst,heavy,heavy,k6,Exp_A_09,27,POST,/api/heavy,heavy,0.01,126.79,56.4,125,23.24,126.79,4648.33,6762.25,6969.85,1.6,187.5,1640.51,200
e8d3b61f-8ad8-4122-9c81-d8d79b7289e5,2026-06-07T14:14:47.508Z,instance-1,A,burst,heavy,heavy,k6,Exp_A_09,110,POST,/api/heavy,heavy,0.01,126.79,56.4,126,23.24,126.79,4648.33,6762.25,6969.85,1.8,166.67,1826.41,200
ab979955-6e14-442c-ba9d-17c2e2b1c26a,2026-06-07T14:14:47.508Z,instance-1,A,burst,heavy,heavy,k6,Exp_A_09,88,POST,/api/heavy,heavy,0.01,126.79,56.4,127,23.24,126.79,4648.33,6762.25,6969.85,2,150,1996.15,200
29426d40-1ce4-425d-8229-123828a81747,2026-06-07T14:14:47.508Z,instance-1,A,burst,heavy,heavy,k6,Exp_A_09,69,POST,/api/heavy,heavy,0.01,126.79,56.4,128,23.24,126.79,4648.33,6762.25,6969.85,2.2,136.36,2186.71,200
f5402ec9-fc34-47c6-a721-2b33f2a9da29,2026-06-07T14:14:47.508Z,instance-1,A,burst,heavy,heavy,k6,Exp_A_09,7,POST,/api/heavy,heavy,0.01,126.79,56.4,129,23.24,126.79,4648.33,6762.25,6969.85,2.4,125,2360.13,200
0b88ade0-ba80-4d4d-90af-19d7d0ae7f70,2026-06-07T14:14:47.509Z,instance-1,A,burst,heavy,heavy,k6,Exp_A_09,33,POST,/api/heavy,heavy,0.01,126.79,56.4,130,23.24,126.79,4648.33,6762.25,6969.85,2.6,115.38,2578.65,200
e5aea6c7-87c9-40f9-9627-c655b41bb061,2026-06-07T14:14:47.509Z,instance-1,A,burst,heavy,heavy,k6,Exp_A_09,109,POST,/api/heavy,heavy,0.01,126.79,56.4,131,23.24,126.79,4648.33,6762.25,6969.85,2.8,107.14,2832.89,200
18e13760-1128-4a0e-9d2a-b038fa141664,2026-06-07T14:14:47.509Z,instance-1,A,burst,heavy,heavy,k6,Exp_A_09,119,POST,/api/heavy,heavy,0.01,126.79,56.4,132,23.24,126.79,4648.33,6762.25,6969.85,3,100,3038.3,200
a655005c-3a0a-40d2-a4f5-5ca765fc0d6e,2026-06-07T14:14:47.510Z,instance-1,A,burst,heavy,heavy,k6,Exp_A_09,38,POST,/api/heavy,heavy,0.01,126.79,56.4,133,23.24,126.79,4648.33,6762.25,6969.85,3.2,93.75,3233.72,200
e961e50c-731b-4c86-850a-36d49d5c5128,2026-06-07T14:14:47.510Z,instance-1,A,burst,heavy,heavy,k6,Exp_A_09,40,POST,/api/heavy,heavy,0.01,126.79,56.4,134,23.24,126.79,4648.33,6762.25,6969.85,3.4,88.24,3389.03,200
61ceccff-a0ab-4b46-937b-e06b8328d2b6,2026-06-07T14:14:47.510Z,instance-1,A,burst,heavy,heavy,k6,Exp_A_09,14,POST,/api/heavy,heavy,0.01,126.79,56.4,135,23.24,126.79,4648.33,6762.25,6969.85,3.6,83.33,3551.26,200
c027f2bd-c580-44f3-ac4d-efd7faae8bfc,2026-06-07T14:14:47.510Z,instance-1,A,burst,heavy,heavy,k6,Exp_A_09,121,POST,/api/heavy,heavy,0.01,126.79,56.4,136,23.24,126.79,4648.33,6762.25,6969.85,3.8,78.95,3700.3,200
dbb453a1-ddac-4661-879b-0d43024f6ade,2026-06-07T14:14:47.511Z,instance-1,A,burst,heavy,heavy,k6,Exp_A_09,20,POST,/api/heavy,heavy,0.01,126.79,56.4,137,23.24,126.79,4648.33,6762.25,6969.85,4,75,3851.05,200
165efec3-7e16-4a66-9f59-317f3e7bd9c7,2026-06-07T14:14:47.511Z,instance-1,A,burst,heavy,heavy,k6,Exp_A_09,162,POST,/api/heavy,heavy,0.01,126.79,56.4,138,23.24,126.79,4648.33,6762.25,6969.85,4.2,71.43,4044.69,200
f048f669-decd-4db4-bafa-fc60cbec7bbd,2026-06-07T14:14:47.511Z,instance-1,A,burst,heavy,heavy,k6,Exp_A_09,16,POST,/api/heavy,heavy,0.01,126.79,56.4,139,23.24,126.79,4648.33,6762.25,6969.85,4.4,68.18,4201.57,200
3bf740ed-bf11-484e-9ad5-b2d6028e7afd,2026-06-07T14:14:47.512Z,instance-1,A,burst,heavy,heavy,k6,Exp_A_09,3,POST,/api/heavy,heavy,0.01,126.79,56.4,140,23.24,126.79,4648.33,6762.25,6969.85,4.6,65.22,4408.44,200
63580d93-054e-4d3b-bccb-1a42c26861c9,2026-06-07T14:14:47.512Z,instance-1,A,burst,heavy,heavy,k6,Exp_A_09,113,POST,/api/heavy,heavy,0.01,126.79,56.4,141,23.24,126.79,4648.33,6762.25,6969.85,4.8,62.5,4572.46,200
25c70865-0711-4665-937b-6c90aa4d47f2,2026-06-07T14:14:47.513Z,instance-1,A,burst,heavy,heavy,k6,Exp_A_09,56,POST,/api/heavy,heavy,0.01,126.79,56.4,142,23.24,126.79,4648.33,6762.25,6969.85,5,60,4715.06,200
24756135-75c7-4af9-a77e-d1462509cace,2026-06-07T14:14:47.514Z,instance-1,A,burst,heavy,heavy,k6,Exp_A_09,161,POST,/api/heavy,heavy,0.01,126.79,56.4,143,23.24,126.79,4648.33,6762.25,6969.85,5.2,57.69,4866.45,200
82b4ca7c-efd4-45ee-84a8-3214b8072015,2026-06-07T14:14:47.514Z,instance-1,A,burst,heavy,heavy,k6,Exp_A_09,61,POST,/api/heavy,heavy,0.01,126.79,56.4,144,23.24,126.79,4648.33,6762.25,6969.85,5.4,55.56,5010.27,200
5f1d2e8c-ff07-415c-852c-6ed9de7fe2dc,2026-06-07T14:14:47.516Z,instance-1,A,burst,heavy,heavy,k6,Exp_A_09,192,POST,/api/heavy,heavy,0.01,126.79,56.4,145,23.24,126.79,4648.33,6762.25,6969.85,5.6,53.57,5153.59,200
5c308c8d-8fb0-4817-be36-e5eea6d7075e,2026-06-07T14:14:47.516Z,instance-1,A,burst,heavy,heavy,k6,Exp_A_09,208,POST,/api/heavy,heavy,0.01,126.79,56.4,146,23.24,126.79,4648.33,6762.25,6969.85,5.8,51.72,5314.92,200
d82b96b4-6332-422f-bda0-2c11d9863d14,2026-06-07T14:14:47.517Z,instance-1,A,burst,heavy,heavy,k6,Exp_A_09,152,POST,/api/heavy,heavy,0.01,126.79,56.4,147,23.24,126.79,4648.33,6762.25,6969.85,6,50,5462.94,200
947a3ca1-9f74-4e91-99e2-21c85f53abbe,2026-06-07T14:14:47.517Z,instance-1,A,burst,heavy,heavy,k6,Exp_A_09,182,POST,/api/heavy,heavy,0.01,126.79,56.4,148,23.24,126.79,4648.33,6762.25,6969.85,6.2,48.39,5614,200
b15f8671-6711-4822-a1e4-779229ab8b92,2026-06-07T14:14:47.518Z,instance-1,A,burst,heavy,heavy,k6,Exp_A_09,79,POST,/api/heavy,heavy,0.01,126.79,56.4,149,23.24,126.79,4648.33,6762.25,6969.85,6.4,46.88,5763.16,200
341b0e8f-e6b3-4aa8-9ec4-a51e1e80a467,2026-06-07T14:14:47.518Z,instance-1,A,burst,heavy,heavy,k6,Exp_A_09,118,POST,/api/heavy,heavy,0.01,126.79,56.4,150,23.24,126.79,4648.33,6762.25,6969.85,6.6,45.45,5920.14,200
86507494-b7ee-45db-bf75-94055ad966e2,2026-06-07T14:14:47.519Z,instance-1,A,burst,heavy,heavy,k6,Exp_A_09,207,POST,/api/heavy,heavy,0.01,126.79,56.4,151,23.24,126.79,4648.33,6762.25,6969.85,6.8,44.12,6079.32,200
0054c497-3426-4c1f-b371-b4fa534faaba,2026-06-07T14:14:47.519Z,instance-1,A,burst,heavy,heavy,k6,Exp_A_09,128,POST,/api/heavy,heavy,0.01,126.79,56.4,152,23.24,126.79,4648.33,6762.25,6969.85,7,42.86,6236.64,200
973d8887-62a6-453a-ab84-c8f604408135,2026-06-07T14:14:47.520Z,instance-1,A,burst,heavy,heavy,k6,Exp_A_09,117,POST,/api/heavy,heavy,0.01,126.79,56.4,153,23.24,126.79,4648.33,6762.25,6969.85,7.2,41.67,6380.02,200
93ba1859-7775-4bdf-9d92-347f28799625,2026-06-07T14:14:47.520Z,instance-1,A,burst,heavy,heavy,k6,Exp_A_09,39,POST,/api/heavy,heavy,0.01,126.79,56.4,154,23.24,126.79,4648.33,6762.25,6969.85,7.4,40.54,6526.64,200
9d881f2e-c07d-4204-a1de-aece359f0e9e,2026-06-07T14:14:47.520Z,instance-1,A,burst,heavy,heavy,k6,Exp_A_09,135,POST,/api/heavy,heavy,0.01,126.79,56.4,155,23.24,126.79,4648.33,6762.25,6969.85,7.6,39.47,6667.09,200
24128576-63e5-4409-89c1-6613dd9c7026,2026-06-07T14:14:47.521Z,instance-1,A,burst,heavy,heavy,k6,Exp_A_09,22,POST,/api/heavy,heavy,0.01,126.79,56.4,156,23.24,126.79,4648.33,6762.25,6969.85,7.8,38.46,6811.39,200
693856cc-3790-4f18-b35d-66bb956337ae,2026-06-07T14:14:47.521Z,instance-1,A,burst,heavy,heavy,k6,Exp_A_09,163,POST,/api/heavy,heavy,0.01,126.79,56.4,157,23.24,126.79,4648.33,6762.25,6969.85,8,37.5,6954.73,200
67733d00-e757-403d-9e21-89e23a0d5c56,2026-06-07T14:14:47.521Z,instance-1,A,burst,heavy,heavy,k6,Exp_A_09,147,POST,/api/heavy,heavy,0.01,126.79,56.4,158,23.24,126.79,4648.33,6762.25,6969.85,8.2,36.59,7099.96,200
fdff21af-d461-4769-a99e-2d9450bcf34e,2026-06-07T14:14:47.522Z,instance-1,A,burst,heavy,heavy,k6,Exp_A_09,154,POST,/api/heavy,heavy,0.01,126.79,56.4,159,23.24,126.79,4648.33,6762.25,6969.85,8.4,35.71,7247.5,200
e89108e9-e346-49ab-a806-3f8245dd62ab,2026-06-07T14:14:47.522Z,instance-1,A,burst,heavy,heavy,k6,Exp_A_09,29,POST,/api/heavy,heavy,0.01,126.79,56.4,160,23.24,126.79,4648.33,6762.25,6969.85,8.6,34.88,7394.48,200
a084d400-37aa-4e60-a512-a4a0feff5db2,2026-06-07T14:14:47.522Z,instance-1,A,burst,heavy,heavy,k6,Exp_A_09,120,POST,/api/heavy,heavy,0.01,126.79,56.4,161,23.24,126.79,4648.33,6762.25,6969.85,8.8,34.09,7549.14,200
54d23c63-3134-4ad6-9014-928a337bc5f3,2026-06-07T14:14:47.523Z,instance-1,A,burst,heavy,heavy,k6,Exp_A_09,202,POST,/api/heavy,heavy,0.01,126.79,56.4,162,23.24,126.79,4648.33,6762.25,6969.85,9,33.33,7688.88,200
455de010-49db-427b-8d85-9022a9944d1e,2026-06-07T14:14:47.524Z,instance-1,A,burst,heavy,heavy,k6,Exp_A_09,78,POST,/api/heavy,heavy,0.01,126.79,56.4,163,23.24,126.79,4648.33,6762.25,6969.85,9.2,32.61,7836.01,200
76c23ec3-c3fe-4e05-9e58-bc827675d55a,2026-06-07T14:14:47.524Z,instance-1,A,burst,heavy,heavy,k6,Exp_A_09,105,POST,/api/heavy,heavy,0.01,126.79,56.4,164,23.24,126.79,4648.33,6762.25,6969.85,9.4,31.91,7988.51,200
50bc455a-556c-4c56-9ca6-2ec8563d704d,2026-06-07T14:14:47.524Z,instance-1,A,burst,heavy,heavy,k6,Exp_A_09,94,POST,/api/heavy,heavy,0.01,126.79,56.4,165,23.24,126.79,4648.33,6762.25,6969.85,9.6,31.25,8148.14,200
ba96ab9e-9c14-403e-bef8-fb8eaa4ac01c,2026-06-07T14:14:47.524Z,instance-1,A,burst,heavy,heavy,k6,Exp_A_09,76,POST,/api/heavy,heavy,0.01,126.79,56.4,166,23.24,126.79,4648.33,6762.25,6969.85,9.8,30.61,8343.13,200
91e1d230-d536-4f39-824b-9eec9e4f0cd1,2026-06-07T14:14:55.879Z,instance-1,A,burst,heavy,heavy,k6,Exp_A_09,61,POST,/api/heavy,heavy,0.01,117.38,57.6,118,40.82,117.38,5893.66,8148.14,8343.13,0.2,1500,178.13,200
99f42f36-c8dd-474c-92d4-c51953fcec46,2026-06-07T14:14:55.881Z,instance-1,A,burst,heavy,heavy,k6,Exp_A_09,31,POST,/api/heavy,heavy,0.01,117.38,57.6,119,40.82,117.38,5893.66,8148.14,8343.13,0.4,750,328.45,200
b437e5f8-7079-4cc2-a3c2-177090cd19f9,2026-06-07T14:14:55.882Z,instance-1,A,burst,heavy,heavy,k6,Exp_A_09,97,POST,/api/heavy,heavy,0.01,117.38,57.6,120,40.82,117.38,5893.66,8148.14,8343.13,0.6,500,471.86,200
27b6fe5c-93f1-4403-9b16-49ff4da370f6,2026-06-07T14:14:55.882Z,instance-1,A,burst,heavy,heavy,k6,Exp_A_09,123,POST,/api/heavy,heavy,0.01,117.38,57.6,121,40.82,117.38,5893.66,8148.14,8343.13,0.8,375,619.11,200
b67535dd-f748-462d-9aa4-c6497fafdd61,2026-06-07T14:14:55.882Z,instance-1,A,burst,heavy,heavy,k6,Exp_A_09,128,POST,/api/heavy,heavy,0.01,117.38,57.6,122,40.82,117.38,5893.66,8148.14,8343.13,1,300,760.01,200
a594dcba-c9e8-4435-a62d-3709355195a1,2026-06-07T14:14:55.883Z,instance-1,A,burst,heavy,heavy,k6,Exp_A_09,67,POST,/api/heavy,heavy,0.01,117.38,57.6,123,40.82,117.38,5893.66,8148.14,8343.13,1.2,250,950.86,200
02a519da-1cfe-4f6d-b3bb-11e64be519d3,2026-06-07T14:14:55.883Z,instance-1,A,burst,heavy,heavy,k6,Exp_A_09,53,POST,/api/heavy,heavy,0.01,117.38,57.6,124,40.82,117.38,5893.66,8148.14,8343.13,1.4,214.29,1129.25,200
b8d7652e-9464-435b-a0db-ca3c3e474c78,2026-06-07T14:14:55.883Z,instance-1,A,burst,heavy,heavy,k6,Exp_A_09,71,POST,/api/heavy,heavy,0.01,117.38,57.6,125,40.82,117.38,5893.66,8148.14,8343.13,1.6,187.5,1301.2,200
57612c0d-5a45-4478-9226-e26d7ed4eedd,2026-06-07T14:14:55.883Z,instance-1,A,burst,heavy,heavy,k6,Exp_A_09,114,POST,/api/heavy,heavy,0.01,117.38,57.6,126,40.82,117.38,5893.66,8148.14,8343.13,1.8,166.67,1504.24,200
49ad12c1-666f-42af-a9c4-79033f5e010e,2026-06-07T14:14:55.884Z,instance-1,A,burst,heavy,heavy,k6,Exp_A_09,69,POST,/api/heavy,heavy,0.01,117.38,57.6,127,40.82,117.38,5893.66,8148.14,8343.13,2,150,1669.83,200
e4fcd83f-f191-4fc1-92ec-2c7df3131ba1,2026-06-07T14:14:55.884Z,instance-1,A,burst,heavy,heavy,k6,Exp_A_09,159,POST,/api/heavy,heavy,0.01,117.38,57.6,128,40.82,117.38,5893.66,8148.14,8343.13,2.2,136.36,1843.75,200
6a0c42ac-9634-4aae-aa67-766881403364,2026-06-07T14:14:55.884Z,instance-1,A,burst,heavy,heavy,k6,Exp_A_09,134,POST,/api/heavy,heavy,0.01,117.38,57.6,129,40.82,117.38,5893.66,8148.14,8343.13,2.4,125,1999.46,200
bd0f8298-5fde-45c3-9e73-584b7bd2d2ff,2026-06-07T14:14:55.884Z,instance-1,A,burst,heavy,heavy,k6,Exp_A_09,64,POST,/api/heavy,heavy,0.01,117.38,57.6,130,40.82,117.38,5893.66,8148.14,8343.13,2.6,115.38,2183.05,200
9daf56b9-e93b-466c-86a2-47a12dd75a95,2026-06-07T14:14:55.884Z,instance-1,A,burst,heavy,heavy,k6,Exp_A_09,201,POST,/api/heavy,heavy,0.01,117.38,57.6,131,40.82,117.38,5893.66,8148.14,8343.13,2.8,107.14,2353.05,200
3d6ab21e-bc6a-42a7-8f7d-ac2520604f31,2026-06-07T14:14:55.884Z,instance-1,A,burst,heavy,heavy,k6,Exp_A_09,185,POST,/api/heavy,heavy,0.01,117.38,57.6,132,40.82,117.38,5893.66,8148.14,8343.13,3,100,2527.02,200
0f25db3a-a15e-4e8a-b9f6-ca774182ccfe,2026-06-07T14:14:55.885Z,instance-1,A,burst,heavy,heavy,k6,Exp_A_09,42,POST,/api/heavy,heavy,0.01,117.38,57.6,133,40.82,117.38,5893.66,8148.14,8343.13,3.2,93.75,2723.81,200
4dda12e9-8003-4a25-b122-d521db5876eb,2026-06-07T14:14:55.885Z,instance-1,A,burst,heavy,heavy,k6,Exp_A_09,140,POST,/api/heavy,heavy,0.01,117.38,57.6,134,40.82,117.38,5893.66,8148.14,8343.13,3.4,88.24,2873.64,200
97c067d0-80cb-42ea-8378-dc816fc39426,2026-06-07T14:14:55.885Z,instance-1,A,burst,heavy,heavy,k6,Exp_A_09,96,POST,/api/heavy,heavy,0.01,117.38,57.6,135,40.82,117.38,5893.66,8148.14,8343.13,3.6,83.33,3026.04,200
8817b9f9-c11c-4ab8-abdf-6c75063366da,2026-06-07T14:14:55.885Z,instance-1,A,burst,heavy,heavy,k6,Exp_A_09,189,POST,/api/heavy,heavy,0.01,117.38,57.6,136,40.82,117.38,5893.66,8148.14,8343.13,3.8,78.95,3173.91,200
7d0b938e-8a18-4e3e-95f7-590e033cec1a,2026-06-07T14:14:55.885Z,instance-1,A,burst,heavy,heavy,k6,Exp_A_09,34,POST,/api/heavy,heavy,0.01,117.38,57.6,137,40.82,117.38,5893.66,8148.14,8343.13,4,75,3347.84,200
f8e7bc1f-e0b6-499d-9b4e-19d80b8887c4,2026-06-07T14:14:55.886Z,instance-1,A,burst,heavy,heavy,k6,Exp_A_09,14,POST,/api/heavy,heavy,0.01,117.38,57.6,138,40.82,117.38,5893.66,8148.14,8343.13,4.2,71.43,3510.33,200
6ddf2727-11e4-4fed-a722-79b441e93f1b,2026-06-07T14:14:55.888Z,instance-1,A,burst,heavy,heavy,k6,Exp_A_09,129,POST,/api/heavy,heavy,0.01,117.38,57.6,139,40.82,117.38,5893.66,8148.14,8343.13,4.4,68.18,3692.51,200
ceef00ef-756a-48fc-b69b-5f47e5295563,2026-06-07T14:14:55.889Z,instance-1,A,burst,heavy,heavy,k6,Exp_A_09,65,POST,/api/heavy,heavy,0.01,117.38,57.6,140,40.82,117.38,5893.66,8148.14,8343.13,4.6,65.22,3834.86,200
8d665bc7-54e2-4d37-baae-f4b8f5781a6b,2026-06-07T14:14:55.889Z,instance-1,A,burst,heavy,heavy,k6,Exp_A_09,13,POST,/api/heavy,heavy,0.01,117.38,57.6,141,40.82,117.38,5893.66,8148.14,8343.13,4.8,62.5,4061.38,200
e35b7e45-1bd5-4e7d-87d3-94834f864437,2026-06-07T14:14:55.889Z,instance-1,A,burst,heavy,heavy,k6,Exp_A_09,101,POST,/api/heavy,heavy,0.01,117.38,57.6,142,40.82,117.38,5893.66,8148.14,8343.13,5,60,4369.99,200
a0a788fb-2e6a-4970-8483-2ccd2493a73d,2026-06-07T14:14:55.889Z,instance-1,A,burst,heavy,heavy,k6,Exp_A_09,18,POST,/api/heavy,heavy,0.01,117.38,57.6,143,40.82,117.38,5893.66,8148.14,8343.13,5.2,57.69,4597.99,200
c4451fa9-c705-42cb-aacb-5a3a327d516a,2026-06-07T14:14:55.889Z,instance-1,A,burst,heavy,heavy,k6,Exp_A_09,1,POST,/api/heavy,heavy,0.01,117.38,57.6,144,40.82,117.38,5893.66,8148.14,8343.13,5.4,55.56,4853.23,200
dd8d11a7-37cc-45f8-9914-b3337735a529,2026-06-07T14:14:55.890Z,instance-1,A,burst,heavy,heavy,k6,Exp_A_09,2,POST,/api/heavy,heavy,0.01,117.38,57.6,145,40.82,117.38,5893.66,8148.14,8343.13,5.6,53.57,5114.25,200
55217928-f225-4ade-aada-1eaba0caa08f,2026-06-07T14:14:55.890Z,instance-1,A,burst,heavy,heavy,k6,Exp_A_09,116,POST,/api/heavy,heavy,0.01,117.38,57.6,146,40.82,117.38,5893.66,8148.14,8343.13,5.8,51.72,5364.78,200
9740bc8a-e0a7-477a-87ff-fe0dad0e4be9,2026-06-07T14:14:55.890Z,instance-1,A,burst,heavy,heavy,k6,Exp_A_09,74,POST,/api/heavy,heavy,0.01,117.38,57.6,147,40.82,117.38,5893.66,8148.14,8343.13,6,50,5597.46,200
29fcfd00-2adf-460c-a356-8023270dd513,2026-06-07T14:14:55.890Z,instance-1,A,burst,heavy,heavy,k6,Exp_A_09,112,POST,/api/heavy,heavy,0.01,117.38,57.6,148,40.82,117.38,5893.66,8148.14,8343.13,6.2,48.39,5881.87,200
8055a9cd-001c-4e51-a55f-d24f9fb247de,2026-06-07T14:14:55.890Z,instance-1,A,burst,heavy,heavy,k6,Exp_A_09,58,POST,/api/heavy,heavy,0.01,117.38,57.6,149,40.82,117.38,5893.66,8148.14,8343.13,6.4,46.88,6098.88,200
cbbc693f-0d83-4b5c-ad01-a65a7789ddce,2026-06-07T14:14:55.890Z,instance-1,A,burst,heavy,heavy,k6,Exp_A_09,47,POST,/api/heavy,heavy,0.01,117.38,57.6,150,40.82,117.38,5893.66,8148.14,8343.13,6.6,45.45,6354.94,200
df160ff8-57d0-4175-965e-55a14f59fe78,2026-06-07T14:14:55.891Z,instance-1,A,burst,heavy,heavy,k6,Exp_A_09,81,POST,/api/heavy,heavy,0.01,117.38,57.6,151,40.82,117.38,5893.66,8148.14,8343.13,6.8,44.12,6550.34,200
502d0fc6-2294-4f83-be0e-03a2dfd95794,2026-06-07T14:14:55.891Z,instance-1,A,burst,heavy,heavy,k6,Exp_A_09,62,POST,/api/heavy,heavy,0.01,117.38,57.6,152,40.82,117.38,5893.66,8148.14,8343.13,7,42.86,6761.52,200
12b7d2f9-5e44-4ef9-a94d-9129856a8ec3,2026-06-07T14:14:55.891Z,instance-1,A,burst,heavy,heavy,k6,Exp_A_09,73,POST,/api/heavy,heavy,0.01,117.38,57.6,153,40.82,117.38,5893.66,8148.14,8343.13,7.2,41.67,6962.02,200
5e6b8e98-0588-4107-abe2-338b0c5add27,2026-06-07T14:14:55.892Z,instance-1,A,burst,heavy,heavy,k6,Exp_A_09,125,POST,/api/heavy,heavy,0.01,117.38,57.6,154,40.82,117.38,5893.66,8148.14,8343.13,7.4,40.54,7167.02,200
2fdb3f5c-0bf3-4850-a3c2-c6e21fc234a3,2026-06-07T14:14:55.894Z,instance-1,A,burst,heavy,heavy,k6,Exp_A_09,83,POST,/api/heavy,heavy,0.01,117.38,57.6,155,40.82,117.38,5893.66,8148.14,8343.13,7.6,39.47,7340,200
1a0c1921-ff29-45de-b775-ddadaaccc3c3,2026-06-07T14:14:55.894Z,instance-1,A,burst,heavy,heavy,k6,Exp_A_09,16,POST,/api/heavy,heavy,0.01,117.38,57.6,156,40.82,117.38,5893.66,8148.14,8343.13,7.8,38.46,7548.77,200
1cd9b551-7fb4-477a-a1b7-3bc87b5ff9a1,2026-06-07T14:14:55.896Z,instance-1,A,burst,heavy,heavy,k6,Exp_A_09,25,POST,/api/heavy,heavy,0.01,117.38,57.6,157,40.82,117.38,5893.66,8148.14,8343.13,8,37.5,7746.8,200
0799e1de-83fe-488a-94c2-b31f8a2c5122,2026-06-07T14:14:55.897Z,instance-1,A,burst,heavy,heavy,k6,Exp_A_09,3,POST,/api/heavy,heavy,0.01,117.38,57.6,158,40.82,117.38,5893.66,8148.14,8343.13,8.2,36.59,7946.32,200
5b374fc8-eec2-4466-904f-a19a931aa534,2026-06-07T14:14:55.898Z,instance-1,A,burst,heavy,heavy,k6,Exp_A_09,8,POST,/api/heavy,heavy,0.01,117.38,57.6,159,40.82,117.38,5893.66,8148.14,8343.13,8.4,35.71,8170.01,200
d9a8af01-9c66-4fce-83e0-3c93836242ad,2026-06-07T14:15:04.085Z,instance-1,A,burst,heavy,heavy,k6,Exp_A_09,53,POST,/api/heavy,heavy,0.01,76.22,56.65,118,34.06,76.22,5777.09,7946.32,8170.01,0.2,1500,244.29,200
16e123e0-05c5-48d6-9f55-ff274ff68c23,2026-06-07T14:15:04.086Z,instance-1,A,burst,heavy,heavy,k6,Exp_A_09,106,POST,/api/heavy,heavy,0.01,76.22,56.65,119,34.06,76.22,5777.09,7946.32,8170.01,0.4,750,448.99,200
c663d8ca-2721-4a35-890e-d6c24e1a45a7,2026-06-07T14:15:04.086Z,instance-1,A,burst,heavy,heavy,k6,Exp_A_09,34,POST,/api/heavy,heavy,0.01,76.22,56.65,120,34.06,76.22,5777.09,7946.32,8170.01,0.6,500,653.54,200
f7d5ff07-f6d3-4312-8ebc-a29d15522674,2026-06-07T14:15:04.087Z,instance-1,A,burst,heavy,heavy,k6,Exp_A_09,69,POST,/api/heavy,heavy,0.01,76.22,56.65,121,34.06,76.22,5777.09,7946.32,8170.01,0.8,375,851.29,200
9ef39ea5-1008-4e18-843a-693de625b4ae,2026-06-07T14:15:04.087Z,instance-1,A,burst,heavy,heavy,k6,Exp_A_09,23,POST,/api/heavy,heavy,0.01,76.22,56.65,122,34.06,76.22,5777.09,7946.32,8170.01,1,300,1036.29,200
df14fadf-0ee6-4595-a6bc-07c51b0a6439,2026-06-07T14:15:04.088Z,instance-1,A,burst,heavy,heavy,k6,Exp_A_09,96,POST,/api/heavy,heavy,0.01,76.22,56.65,123,34.06,76.22,5777.09,7946.32,8170.01,1.2,250,1190.59,200
bad113f9-a549-4953-8c9c-3cad85088242,2026-06-07T14:15:04.089Z,instance-1,A,burst,heavy,heavy,k6,Exp_A_09,102,POST,/api/heavy,heavy,0.01,76.22,56.65,124,34.06,76.22,5777.09,7946.32,8170.01,1.4,214.29,1367.26,200
f542b77d-161b-48f5-b0df-748d40965067,2026-06-07T14:15:04.090Z,instance-1,A,burst,heavy,heavy,k6,Exp_A_09,50,POST,/api/heavy,heavy,0.01,76.22,56.65,125,34.06,76.22,5777.09,7946.32,8170.01,1.6,187.5,1562.74,200
6efa25b5-22ac-4ef4-9a10-fbcd2ec82bd3,2026-06-07T14:15:04.091Z,instance-1,A,burst,heavy,heavy,k6,Exp_A_09,68,POST,/api/heavy,heavy,0.01,76.22,56.65,126,34.06,76.22,5777.09,7946.32,8170.01,1.8,166.67,1737.02,200
8cf900a7-0998-4cf1-b102-840f8cc34a88,2026-06-07T14:15:04.091Z,instance-1,A,burst,heavy,heavy,k6,Exp_A_09,74,POST,/api/heavy,heavy,0.01,76.22,56.65,127,34.06,76.22,5777.09,7946.32,8170.01,2,150,1914.94,200
e61f93e3-2a4a-4a8e-8d08-9046c3000a6c,2026-06-07T14:15:04.092Z,instance-1,A,burst,heavy,heavy,k6,Exp_A_09,112,POST,/api/heavy,heavy,0.01,76.22,56.65,128,34.06,76.22,5777.09,7946.32,8170.01,2.2,136.36,2091.46,200
0d4f4d6c-c2f2-401d-b183-a1957b5d6c28,2026-06-07T14:15:04.092Z,instance-1,A,burst,heavy,heavy,k6,Exp_A_09,47,POST,/api/heavy,heavy,0.01,76.22,56.65,129,34.06,76.22,5777.09,7946.32,8170.01,2.4,125,2245.28,200
3f620a9b-32ba-4682-ad2f-4ef7ff91415a,2026-06-07T14:15:04.093Z,instance-1,A,burst,heavy,heavy,k6,Exp_A_09,42,POST,/api/heavy,heavy,0.01,76.22,56.65,130,34.06,76.22,5777.09,7946.32,8170.01,2.6,115.38,2429.95,200
ce5b999c-4491-4cc0-a553-99695483f1ce,2026-06-07T14:15:04.094Z,instance-1,A,burst,heavy,heavy,k6,Exp_A_09,73,POST,/api/heavy,heavy,0.01,76.22,56.65,131,34.06,76.22,5777.09,7946.32,8170.01,2.8,107.14,2631.18,200
64727d6a-8cb0-4962-bad1-e168b972ff9f,2026-06-07T14:15:04.094Z,instance-1,A,burst,heavy,heavy,k6,Exp_A_09,17,POST,/api/heavy,heavy,0.01,76.22,56.65,132,34.06,76.22,5777.09,7946.32,8170.01,3,100,2835.18,200
0c188608-f0d9-48a9-9a77-40e81f5b9eb8,2026-06-07T14:15:04.094Z,instance-1,A,burst,heavy,heavy,k6,Exp_A_09,77,POST,/api/heavy,heavy,0.01,76.22,56.65,133,34.06,76.22,5777.09,7946.32,8170.01,3.2,93.75,3060.09,200
ad4aa81e-7820-4caa-b5a1-d0350e0a2a9f,2026-06-07T14:15:04.094Z,instance-1,A,burst,heavy,heavy,k6,Exp_A_09,56,POST,/api/heavy,heavy,0.01,76.22,56.65,134,34.06,76.22,5777.09,7946.32,8170.01,3.4,88.24,3263.83,200
31a690f7-0920-4bbd-9b58-92b4480f5653,2026-06-07T14:15:04.095Z,instance-1,A,burst,heavy,heavy,k6,Exp_A_09,79,POST,/api/heavy,heavy,0.01,76.22,56.65,135,34.06,76.22,5777.09,7946.32,8170.01,3.6,83.33,3505.67,200
2d9d2cc7-4405-4584-bb12-b4351c5a0018,2026-06-07T14:15:04.095Z,instance-1,A,burst,heavy,heavy,k6,Exp_A_09,48,POST,/api/heavy,heavy,0.01,76.22,56.65,136,34.06,76.22,5777.09,7946.32,8170.01,3.8,78.95,3733.19,200
a3d5ed64-4494-4581-a22e-9087f05b9f39,2026-06-07T14:15:04.095Z,instance-1,A,burst,heavy,heavy,k6,Exp_A_09,118,POST,/api/heavy,heavy,0.01,76.22,56.65,137,34.06,76.22,5777.09,7946.32,8170.01,4,75,3952.3,200
ebc7b758-26a9-4439-ab43-198abce39194,2026-06-07T14:15:04.095Z,instance-1,A,burst,heavy,heavy,k6,Exp_A_09,63,POST,/api/heavy,heavy,0.01,76.22,56.65,138,34.06,76.22,5777.09,7946.32,8170.01,4.2,71.43,4118.88,200
6b1a5be0-f40b-43cc-9d7d-a19f367f0262,2026-06-07T14:15:04.095Z,instance-1,A,burst,heavy,heavy,k6,Exp_A_09,117,POST,/api/heavy,heavy,0.01,76.22,56.65,139,34.06,76.22,5777.09,7946.32,8170.01,4.4,68.18,4276.06,200
f869da83-ff8a-4f15-a6ac-6e5a97c66676,2026-06-07T14:15:04.095Z,instance-1,A,burst,heavy,heavy,k6,Exp_A_09,43,POST,/api/heavy,heavy,0.01,76.22,56.65,140,34.06,76.22,5777.09,7946.32,8170.01,4.6,65.22,4465.68,200
2bfada4d-7063-44e4-97cb-9c3dbc639a64,2026-06-07T14:15:04.095Z,instance-1,A,burst,heavy,heavy,k6,Exp_A_09,39,POST,/api/heavy,heavy,0.01,76.22,56.65,141,34.06,76.22,5777.09,7946.32,8170.01,4.8,62.5,4639.5,200
1b45ded8-680d-4b92-9164-b570a42a4e78,2026-06-07T14:15:04.096Z,instance-1,A,burst,heavy,heavy,k6,Exp_A_09,22,POST,/api/heavy,heavy,0.01,76.22,56.65,142,34.06,76.22,5777.09,7946.32,8170.01,5,60,4827.93,200
073f704d-370c-4a61-84fc-65acfba5d0fe,2026-06-07T14:15:04.096Z,instance-1,A,burst,heavy,heavy,k6,Exp_A_09,65,POST,/api/heavy,heavy,0.01,76.22,56.65,143,34.06,76.22,5777.09,7946.32,8170.01,5.2,57.69,5021.49,200
bcdf9b14-6c83-4aa4-82fd-1828012bf735,2026-06-07T14:15:04.096Z,instance-1,A,burst,heavy,heavy,k6,Exp_A_09,41,POST,/api/heavy,heavy,0.01,76.22,56.65,144,34.06,76.22,5777.09,7946.32,8170.01,5.4,55.56,5186.1,200
be396a99-7115-484b-b0b7-43c03cb8d4ac,2026-06-07T14:15:04.096Z,instance-1,A,burst,heavy,heavy,k6,Exp_A_09,18,POST,/api/heavy,heavy,0.01,76.22,56.65,145,34.06,76.22,5777.09,7946.32,8170.01,5.6,53.57,5338.44,200
ff90a98b-11e3-4723-b743-6d9c021fbbe9,2026-06-07T14:15:04.097Z,instance-1,A,burst,heavy,heavy,k6,Exp_A_09,37,POST,/api/heavy,heavy,0.01,76.22,56.65,146,34.06,76.22,5777.09,7946.32,8170.01,5.8,51.72,5495.27,200
80d1af5f-ae88-41f9-a08a-4d2137b16f08,2026-06-07T14:15:04.098Z,instance-1,A,burst,heavy,heavy,k6,Exp_A_09,1,POST,/api/heavy,heavy,0.01,76.22,56.65,147,34.06,76.22,5777.09,7946.32,8170.01,6,50,5650.11,200
4d50483c-1910-4e05-86e9-f9c08eb5902b,2026-06-07T14:15:04.098Z,instance-1,A,burst,heavy,heavy,k6,Exp_A_09,98,POST,/api/heavy,heavy,0.01,76.22,56.65,148,34.06,76.22,5777.09,7946.32,8170.01,6.2,48.39,5829.16,200
d01ee8f5-49fe-4fa8-a951-7a0742cc007e,2026-06-07T14:15:04.099Z,instance-1,A,burst,heavy,heavy,k6,Exp_A_09,52,POST,/api/heavy,heavy,0.01,76.22,56.65,149,34.06,76.22,5777.09,7946.32,8170.01,6.4,46.88,5968.33,200
9b1b1938-3e15-4edb-8505-178b841ebf21,2026-06-07T14:15:04.099Z,instance-1,A,burst,heavy,heavy,k6,Exp_A_09,85,POST,/api/heavy,heavy,0.01,76.22,56.65,150,34.06,76.22,5777.09,7946.32,8170.01,6.6,45.45,6128.18,200
50869cbb-423e-40f3-af02-ec134d51ac5a,2026-06-07T14:15:04.100Z,instance-1,A,burst,heavy,heavy,k6,Exp_A_09,101,POST,/api/heavy,heavy,0.01,76.22,56.65,151,34.06,76.22,5777.09,7946.32,8170.01,6.8,44.12,6341.92,200
2a9b5401-f4f5-4723-b468-78be068f9f37,2026-06-07T14:15:04.100Z,instance-1,A,burst,heavy,heavy,k6,Exp_A_09,95,POST,/api/heavy,heavy,0.01,76.22,56.65,152,34.06,76.22,5777.09,7946.32,8170.01,7,42.86,6545.29,200
85e64c09-f08a-4120-b44f-421a4ca3f752,2026-06-07T14:15:06.798Z,instance-3,A,burst,heavy,heavy,k6,Exp_A_09,19,POST,/api/heavy,heavy,0.01,49.95,56.26,353,14.03,59.63,880.02,2040.39,2207.2,4.6,43.48,191.01,200
64286ce9-ada0-4e11-94cf-593a49071a63,2026-06-07T14:15:06.798Z,instance-3,A,burst,heavy,heavy,k6,Exp_A_09,3,POST,/api/heavy,heavy,0.01,49.95,56.26,354,14.03,59.63,880.02,2040.39,2207.2,4.8,41.67,399.09,200
1be24308-b784-4428-b83b-caa3fb37de0b,2026-06-07T14:15:06.799Z,instance-3,A,burst,heavy,heavy,k6,Exp_A_09,8,POST,/api/heavy,heavy,0.01,49.95,56.26,355,14.03,59.63,880.02,2040.39,2207.2,5,40,616.07,200
c3972fd2-b572-46dd-b0c9-177c85dfc00f,2026-06-07T14:15:06.800Z,instance-3,A,burst,heavy,heavy,k6,Exp_A_09,53,POST,/api/heavy,heavy,0.01,49.95,56.26,356,14.03,59.63,880.02,2040.39,2207.2,5.2,38.46,821.37,200
b7a43152-b555-4e8d-81c0-cf804a0602b6,2026-06-07T14:15:06.801Z,instance-3,A,burst,heavy,heavy,k6,Exp_A_09,97,POST,/api/heavy,heavy,0.01,49.95,56.26,357,14.03,59.63,880.02,2040.39,2207.2,5.4,37.04,1055.19,200
bad18c3a-b41b-4882-b1bb-f0a296304ce3,2026-06-07T14:15:06.801Z,instance-3,A,burst,heavy,heavy,k6,Exp_A_09,62,POST,/api/heavy,heavy,0.01,49.95,56.26,358,14.03,59.63,880.02,2040.39,2207.2,5.6,35.71,1260.79,200
33f01b8d-263b-447d-a012-4145bd70cd94,2026-06-07T14:15:06.803Z,instance-3,A,burst,heavy,heavy,k6,Exp_A_09,69,POST,/api/heavy,heavy,0.01,49.95,56.26,359,14.03,59.63,880.02,2040.39,2207.2,5.8,34.48,1451.98,200
9f481a3d-4225-47ce-999a-38fdd02ef1d9,2026-06-07T14:15:06.803Z,instance-3,A,burst,heavy,heavy,k6,Exp_A_09,23,POST,/api/heavy,heavy,0.01,49.95,56.26,360,14.03,59.63,880.02,2040.39,2207.2,6,33.33,1613.61,200
f4b6496b-0cf5-4963-9824-313a2af80356,2026-06-07T14:15:06.803Z,instance-3,A,burst,heavy,heavy,k6,Exp_A_09,13,POST,/api/heavy,heavy,0.01,49.95,56.26,361,14.03,59.63,880.02,2040.39,2207.2,6.2,32.26,1811.89,200
a7b2226c-d5ae-4fa3-b5cd-8573e50f80b1,2026-06-07T14:15:06.803Z,instance-3,A,burst,heavy,heavy,k6,Exp_A_09,90,POST,/api/heavy,heavy,0.01,49.95,56.26,362,14.03,59.63,880.02,2040.39,2207.2,6.4,31.25,1986.12,200
44e79c67-d30d-4a0c-855c-fd6a913cf89d,2026-06-07T14:15:06.804Z,instance-3,A,burst,heavy,heavy,k6,Exp_A_09,35,POST,/api/heavy,heavy,0.01,49.95,56.26,363,14.03,59.63,880.02,2040.39,2207.2,6.6,30.3,2178.06,200
8cd6a80b-3c71-4c83-901d-082c48ec6ab7,2026-06-07T14:15:06.804Z,instance-3,A,burst,heavy,heavy,k6,Exp_A_09,82,POST,/api/heavy,heavy,0.01,49.95,56.26,364,14.03,59.63,880.02,2040.39,2207.2,6.8,29.41,2324.52,200
a7c80c2b-e364-4c75-a0ee-96c8a73dcca5,2026-06-07T14:15:06.804Z,instance-3,A,burst,heavy,heavy,k6,Exp_A_09,25,POST,/api/heavy,heavy,0.01,49.95,56.26,365,14.03,59.63,880.02,2040.39,2207.2,7,28.57,2514.26,200
c974223c-d589-4970-9a61-86be9dd4b9ec,2026-06-07T14:15:06.804Z,instance-3,A,burst,heavy,heavy,k6,Exp_A_09,29,POST,/api/heavy,heavy,0.01,49.95,56.26,366,14.03,59.63,880.02,2040.39,2207.2,7.2,27.78,2711.89,200
998ae320-b9f3-4d46-a209-9c491cfa65fc,2026-06-07T14:15:06.804Z,instance-3,A,burst,heavy,heavy,k6,Exp_A_09,89,POST,/api/heavy,heavy,0.01,49.95,56.26,367,14.03,59.63,880.02,2040.39,2207.2,7.4,27.03,2901.59,200
cc434dda-dd04-4fd1-8035-6a889774a3c1,2026-06-07T14:15:06.804Z,instance-3,A,burst,heavy,heavy,k6,Exp_A_09,9,POST,/api/heavy,heavy,0.01,49.95,56.26,368,14.03,59.63,880.02,2040.39,2207.2,7.6,26.32,3109.37,200
d84e1491-7221-4d47-850a-9f82f3d78eb9,2026-06-07T14:15:06.805Z,instance-3,A,burst,heavy,heavy,k6,Exp_A_09,92,POST,/api/heavy,heavy,0.01,49.95,56.26,369,14.03,59.63,880.02,2040.39,2207.2,7.8,25.64,3300.79,200
11701931-ef92-440e-a7aa-5cf00a577275,2026-06-07T14:15:06.805Z,instance-3,A,burst,heavy,heavy,k6,Exp_A_09,14,POST,/api/heavy,heavy,0.01,49.95,56.26,370,14.03,59.63,880.02,2040.39,2207.2,8,25,3492.53,200
ecb651e0-b195-4a62-aad5-83019f08cae3,2026-06-07T14:15:06.805Z,instance-3,A,burst,heavy,heavy,k6,Exp_A_09,51,POST,/api/heavy,heavy,0.01,49.95,56.26,371,14.03,59.63,880.02,2040.39,2207.2,8.2,24.39,3682.47,200
7491d672-490a-4dfd-a1b2-d66caeecc5d6,2026-06-07T14:15:06.805Z,instance-3,A,burst,heavy,heavy,k6,Exp_A_09,61,POST,/api/heavy,heavy,0.01,49.95,56.26,372,14.03,59.63,880.02,2040.39,2207.2,8.4,23.81,3885.24,200
a2bb1043-e7f5-4848-9170-ff69e7c69581,2026-06-07T14:15:06.805Z,instance-3,A,burst,heavy,heavy,k6,Exp_A_09,76,POST,/api/heavy,heavy,0.01,49.95,56.26,373,14.03,59.63,880.02,2040.39,2207.2,8.6,23.26,4045.49,200
2903ca94-9a0b-45ec-a860-1700598d4b99,2026-06-07T14:15:06.805Z,instance-3,A,burst,heavy,heavy,k6,Exp_A_09,45,POST,/api/heavy,heavy,0.01,49.95,56.26,374,14.03,59.63,880.02,2040.39,2207.2,8.8,22.73,4195.01,200
616af5ef-e634-4006-a191-9405c0d00076,2026-06-07T14:15:06.805Z,instance-3,A,burst,heavy,heavy,k6,Exp_A_09,106,POST,/api/heavy,heavy,0.01,49.95,56.26,375,14.03,59.63,880.02,2040.39,2207.2,9,22.22,4336.71,200
9fa32644-d0ea-4c76-8068-6fd052bc914d,2026-06-07T14:15:06.805Z,instance-3,A,burst,heavy,heavy,k6,Exp_A_09,96,POST,/api/heavy,heavy,0.01,49.95,56.26,376,14.03,59.63,880.02,2040.39,2207.2,9.2,21.74,4480.4,200
fb5f359b-62b6-49a7-b418-2e75d112548c,2026-06-07T14:15:06.806Z,instance-3,A,burst,heavy,heavy,k6,Exp_A_09,59,POST,/api/heavy,heavy,0.01,49.95,56.26,377,14.03,59.63,880.02,2040.39,2207.2,9.4,21.28,4624.15,200
44dfad87-16af-43ae-b81b-0d80407a06f9,2026-06-07T14:15:15.078Z,instance-1,A,burst,heavy,heavy,k6,Exp_A_09,54,POST,/api/heavy,heavy,0.01,1.6,58.55,118,0.02,109.55,4099.83,6341.92,6545.29,0.2,1500,185.48,200
c92d2fb2-86ee-4b96-ad17-d7dc2dc1699e,2026-06-07T14:15:15.264Z,instance-1,A,burst,heavy,heavy,k6,Exp_A_09,18,POST,/api/heavy,heavy,0.01,1.6,58.55,118,0.02,109.55,4357.56,6545.29,6545.29,0.4,750,182.22,200
7ba20e89-37e2-4545-bcba-eeaa0d06e3d5,2026-06-07T14:15:15.447Z,instance-1,A,burst,heavy,heavy,k6,Exp_A_09,21,POST,/api/heavy,heavy,0.01,1.6,58.55,118,0.02,109.55,2304.33,6545.29,6545.29,0.6,500,162.98,200
d84576c2-d09d-4164-b6d7-a85f76a137b0,2026-06-07T14:15:15.653Z,instance-1,A,burst,heavy,heavy,k6,Exp_A_09,52,POST,/api/heavy,heavy,0.01,1.6,58.55,118,0.02,109.55,1768.99,6545.29,6545.29,0.8,375,150.76,200
065c32b9-4e9f-406d-8cb6-17d54a361c50,2026-06-07T14:15:15.813Z,instance-1,A,burst,heavy,heavy,k6,Exp_A_09,27,POST,/api/heavy,heavy,0.01,1.6,58.55,118,0.02,109.55,170.36,185.48,185.48,1,300,192.01,200
01cf46bb-1ff8-4336-8030-b92cd346e524,2026-06-07T14:15:16.101Z,instance-1,A,burst,heavy,heavy,k6,Exp_A_09,4,POST,/api/heavy,heavy,0.01,87.5,58.66,118,0.02,18.14,174.69,192.01,192.01,1.2,250,184.64,200
654b2e44-c7db-40e2-9d48-1dde75423ca8,2026-06-07T14:15:16.287Z,instance-1,A,burst,heavy,heavy,k6,Exp_A_09,46,POST,/api/heavy,heavy,0.01,87.5,58.66,118,0.02,18.14,176.35,192.01,192.01,1.4,214.29,154.5,200
643f378f-3725-4afd-ace2-03e5e9f95dae,2026-06-07T14:15:16.448Z,instance-1,A,burst,heavy,heavy,k6,Exp_A_09,18,POST,/api/heavy,heavy,0.01,87.5,58.66,118,0.02,18.14,173.23,192.01,192.01,1.6,187.5,142.07,200
abd9ae1a-8e1f-479b-8f89-47277308b77c,2026-06-07T14:15:16.591Z,instance-1,A,burst,heavy,heavy,k6,Exp_A_09,7,POST,/api/heavy,heavy,0.01,87.5,58.66,118,0.02,18.14,169.33,192.01,192.01,1.8,166.67,189.72,200
997a2683-164a-4299-97dc-0f24b853effe,2026-06-07T14:15:16.803Z,instance-1,A,burst,heavy,heavy,k6,Exp_A_09,19,POST,/api/heavy,heavy,0.01,87.5,58.66,118,0.02,18.14,171.6,192.01,192.01,2,150,180.93,200
35e3b6d6-f8d0-4aa6-b300-9585868365cc,2026-06-07T14:15:16.993Z,instance-1,A,burst,heavy,heavy,k6,Exp_A_09,52,POST,/api/heavy,heavy,0.01,87.5,58.66,118,0.02,18.14,172.53,192.01,192.01,2.2,136.36,194.53,200
677f8c55-dc99-4d7b-b853-867670abf1a7,2026-06-07T14:15:11.438Z,instance-3,A,burst,heavy,heavy,k6,Exp_A_09,24,POST,/api/heavy,heavy,0.01,19.7,56.34,353,16.29,34.83,2467.37,4480.4,4624.15,5.2,38.46,161.5,200
63174368-f614-4420-a194-0a203d16feff,2026-06-07T14:15:11.439Z,instance-3,A,burst,heavy,heavy,k6,Exp_A_09,93,POST,/api/heavy,heavy,0.01,19.7,56.34,354,16.29,34.83,2467.37,4480.4,4624.15,5.4,37.04,329.11,200
7031e328-4e42-4708-b45d-8c3f17e09a83,2026-06-07T14:15:11.439Z,instance-3,A,burst,heavy,heavy,k6,Exp_A_09,16,POST,/api/heavy,heavy,0.01,19.7,56.34,355,16.29,34.83,2467.37,4480.4,4624.15,5.6,35.71,472.01,200
1973c3d0-b6c5-4322-97ff-76ddd2efb280,2026-06-07T14:15:11.439Z,instance-3,A,burst,heavy,heavy,k6,Exp_A_09,60,POST,/api/heavy,heavy,0.01,19.7,56.34,356,16.29,34.83,2467.37,4480.4,4624.15,5.8,34.48,614.43,200
5ec92dc3-59c1-4f32-8338-803f0347993f,2026-06-07T14:15:11.440Z,instance-3,A,burst,heavy,heavy,k6,Exp_A_09,73,POST,/api/heavy,heavy,0.01,19.7,56.34,357,16.29,34.83,2467.37,4480.4,4624.15,6,33.33,758.84,200
737f5be2-4ce7-4007-bfbf-6f702f18d337,2026-06-07T14:15:11.440Z,instance-3,A,burst,heavy,heavy,k6,Exp_A_09,17,POST,/api/heavy,heavy,0.01,19.7,56.34,358,16.29,34.83,2467.37,4480.4,4624.15,6.2,32.26,903.27,200
757525ec-473c-41b3-9d6d-cfb859316018,2026-06-07T14:15:11.441Z,instance-3,A,burst,heavy,heavy,k6,Exp_A_09,3,POST,/api/heavy,heavy,0.01,19.7,56.34,359,16.29,34.83,2467.37,4480.4,4624.15,6.4,31.25,1046.22,200
0e1b0869-7b12-4c80-a9b3-c53d5ca70919,2026-06-07T14:15:11.441Z,instance-3,A,burst,heavy,heavy,k6,Exp_A_09,66,POST,/api/heavy,heavy,0.01,19.7,56.34,360,16.29,34.83,2467.37,4480.4,4624.15,6.6,30.3,1188.22,200
d2b406e2-d86a-4889-a0fb-cefa599260b7,2026-06-07T14:15:11.441Z,instance-3,A,burst,heavy,heavy,k6,Exp_A_09,8,POST,/api/heavy,heavy,0.01,19.7,56.34,361,16.29,34.83,2467.37,4480.4,4624.15,6.8,29.41,1332.01,200
bbc72b16-1501-43de-902d-50a4518c61d2,2026-06-07T14:15:11.441Z,instance-3,A,burst,heavy,heavy,k6,Exp_A_09,48,POST,/api/heavy,heavy,0.01,19.7,56.34,362,16.29,34.83,2467.37,4480.4,4624.15,7,28.57,1471.44,200
fda0b9e3-75e9-47b3-b42f-429335e60292,2026-06-07T14:15:11.441Z,instance-3,A,burst,heavy,heavy,k6,Exp_A_09,62,POST,/api/heavy,heavy,0.01,19.7,56.34,363,16.29,34.83,2467.37,4480.4,4624.15,7.2,27.78,1615.67,200
aed231c5-709f-471c-88e3-413bc2ba10b8,2026-06-07T14:15:11.442Z,instance-3,A,burst,heavy,heavy,k6,Exp_A_09,69,POST,/api/heavy,heavy,0.01,19.7,56.34,364,16.29,34.83,2467.37,4480.4,4624.15,7.4,27.03,1754.76,200
f6b28477-1eff-4746-8d2c-e15bbb5bf77d,2026-06-07T14:15:11.442Z,instance-3,A,burst,heavy,heavy,k6,Exp_A_09,36,POST,/api/heavy,heavy,0.01,19.7,56.34,365,16.29,34.83,2467.37,4480.4,4624.15,7.6,26.32,1894.67,200
adbb9f5c-2192-4dab-b818-8d3774712ebb,2026-06-07T14:15:11.442Z,instance-3,A,burst,heavy,heavy,k6,Exp_A_09,13,POST,/api/heavy,heavy,0.01,19.7,56.34,366,16.29,34.83,2467.37,4480.4,4624.15,7.8,25.64,2040.26,200
451c77bb-af11-479b-8a0a-94dc7def7bb3,2026-06-07T14:15:11.442Z,instance-3,A,burst,heavy,heavy,k6,Exp_A_09,39,POST,/api/heavy,heavy,0.01,19.7,56.34,367,16.29,34.83,2467.37,4480.4,4624.15,8,25,2179.42,200
3809bc84-e28e-4b51-ba07-ad3bb14b0705,2026-06-07T14:15:11.442Z,instance-3,A,burst,heavy,heavy,k6,Exp_A_09,35,POST,/api/heavy,heavy,0.01,19.7,56.34,368,16.29,34.83,2467.37,4480.4,4624.15,8.2,24.39,2338.91,200
49f2e1c6-3dd3-45aa-9f8d-c6c37200d665,2026-06-07T14:15:11.442Z,instance-3,A,burst,heavy,heavy,k6,Exp_A_09,10,POST,/api/heavy,heavy,0.01,19.7,56.34,369,16.29,34.83,2467.37,4480.4,4624.15,8.4,23.81,2489.45,200
4ffec4e1-0f24-4611-954f-64746485ce43,2026-06-07T14:15:11.442Z,instance-3,A,burst,heavy,heavy,k6,Exp_A_09,54,POST,/api/heavy,heavy,0.01,19.7,56.34,370,16.29,34.83,2467.37,4480.4,4624.15,8.6,23.26,2633.85,200
6c3b35e4-7690-47bb-bbcf-d1b148e4095c,2026-06-07T14:15:11.443Z,instance-3,A,burst,heavy,heavy,k6,Exp_A_09,18,POST,/api/heavy,heavy,0.01,19.7,56.34,371,16.29,34.83,2467.37,4480.4,4624.15,8.8,22.73,2778.61,200
4b99a65f-df31-49c7-93f7-562aa4368cf1,2026-06-07T14:15:11.443Z,instance-3,A,burst,heavy,heavy,k6,Exp_A_09,37,POST,/api/heavy,heavy,0.01,19.7,56.34,372,16.29,34.83,2467.37,4480.4,4624.15,9,22.22,2923.28,200
51c6fa27-897a-4404-9126-12ef15e4523d,2026-06-07T14:15:11.443Z,instance-3,A,burst,heavy,heavy,k6,Exp_A_09,89,POST,/api/heavy,heavy,0.01,19.7,56.34,373,16.29,34.83,2467.37,4480.4,4624.15,9.2,21.74,3068.43,200
dc2ce477-8ec1-4c68-9e58-134041f259cb,2026-06-07T14:15:11.444Z,instance-3,A,burst,heavy,heavy,k6,Exp_A_09,52,POST,/api/heavy,heavy,0.01,19.7,56.34,374,16.29,34.83,2467.37,4480.4,4624.15,9.4,21.28,3207.83,200
71bdf07b-7f29-4d5e-8ae7-4ea6bfa957dc,2026-06-07T14:15:11.444Z,instance-3,A,burst,heavy,heavy,k6,Exp_A_09,87,POST,/api/heavy,heavy,0.01,19.7,56.34,375,16.29,34.83,2467.37,4480.4,4624.15,9.6,20.83,3363.06,200
4bf89328-0cf0-4419-ac58-a1bbb2c56cd3,2026-06-07T14:15:11.444Z,instance-3,A,burst,heavy,heavy,k6,Exp_A_09,14,POST,/api/heavy,heavy,0.01,19.7,56.34,376,16.29,34.83,2467.37,4480.4,4624.15,9.8,20.41,3504.97,200
deb46808-7a1b-4c27-94af-39632e383d27,2026-06-07T14:15:11.444Z,instance-3,A,burst,heavy,heavy,k6,Exp_A_09,4,POST,/api/heavy,heavy,0.01,19.7,56.34,377,16.29,34.83,2467.37,4480.4,4624.15,10,20,3656.09,200
3b977a50-516b-453b-8b5e-a37f0826b477,2026-06-07T14:15:11.444Z,instance-3,A,burst,heavy,heavy,k6,Exp_A_09,83,POST,/api/heavy,heavy,0.01,19.7,56.34,378,16.29,34.83,2467.37,4480.4,4624.15,10.2,19.61,3808.64,200
4dfe7914-eb8f-4fd0-a60d-84d974b4eb2e,2026-06-07T14:15:11.445Z,instance-3,A,burst,heavy,heavy,k6,Exp_A_09,31,POST,/api/heavy,heavy,0.01,19.7,56.34,379,16.29,34.83,2467.37,4480.4,4624.15,10.4,19.23,3986.06,200
dc3d6cba-1ea5-45ec-8cd2-24bff55651d7,2026-06-07T14:15:11.446Z,instance-3,A,burst,heavy,heavy,k6,Exp_A_09,42,POST,/api/heavy,heavy,0.01,19.7,56.34,380,16.29,34.83,2467.37,4480.4,4624.15,10.6,18.87,4178.62,200
e32a37c7-ecb0-4999-bd17-97ea0b1c57db,2026-06-07T14:15:11.446Z,instance-3,A,burst,heavy,heavy,k6,Exp_A_09,19,POST,/api/heavy,heavy,0.01,19.7,56.34,381,16.29,34.83,2467.37,4480.4,4624.15,10.8,18.52,4356.03,200
002c496b-001f-4e9e-8fde-467f7fdc0fe8,2026-06-07T14:15:11.447Z,instance-3,A,burst,heavy,heavy,k6,Exp_A_09,84,POST,/api/heavy,heavy,0.01,19.7,56.34,382,16.29,34.83,2467.37,4480.4,4624.15,11,18.18,4518.92,200
b46a029d-7c5f-4e5a-a7e8-9ee2fd3ac694,2026-06-07T14:15:11.447Z,instance-3,A,burst,heavy,heavy,k6,Exp_A_09,53,POST,/api/heavy,heavy,0.01,19.7,56.34,383,16.29,34.83,2467.37,4480.4,4624.15,11.2,17.86,4659.15,200
a58f0204-28dd-4341-afd6-5b39813cd367,2026-06-07T14:15:11.447Z,instance-3,A,burst,heavy,heavy,k6,Exp_A_09,80,POST,/api/heavy,heavy,0.01,19.7,56.34,384,16.29,34.83,2467.37,4480.4,4624.15,11.4,17.54,4870.83,200
1b7dc8ee-4b16-4f61-9ba3-f45ac8ca1650,2026-06-07T14:15:11.447Z,instance-3,A,burst,heavy,heavy,k6,Exp_A_09,82,POST,/api/heavy,heavy,0.01,19.7,56.34,385,16.29,34.83,2467.37,4480.4,4624.15,11.6,17.24,5058.86,200
4ab1032a-fe62-44a1-819e-923754826ff8,2026-06-07T14:15:11.447Z,instance-3,A,burst,heavy,heavy,k6,Exp_A_09,5,POST,/api/heavy,heavy,0.01,19.7,56.34,386,16.29,34.83,2467.37,4480.4,4624.15,11.8,16.95,5245.84,200
55987a86-6468-4986-9613-2bf95b18cffa,2026-06-07T14:15:11.447Z,instance-3,A,burst,heavy,heavy,k6,Exp_A_09,29,POST,/api/heavy,heavy,0.01,19.7,56.34,387,16.29,34.83,2467.37,4480.4,4624.15,12,16.67,5409.1,200
250457d1-3147-43a8-bc9f-2e64a878d7e4,2026-06-07T14:15:11.448Z,instance-3,A,burst,heavy,heavy,k6,Exp_A_09,1,POST,/api/heavy,heavy,0.01,19.7,56.34,388,16.29,34.83,2467.37,4480.4,4624.15,12.2,16.39,5598.36,200
de703bf2-5033-47c9-8707-298958745920,2026-06-07T14:15:11.448Z,instance-3,A,burst,heavy,heavy,k6,Exp_A_09,9,POST,/api/heavy,heavy,0.01,19.7,56.34,389,16.29,34.83,2467.37,4480.4,4624.15,12.4,16.13,5755.01,200
d2f27a05-a863-4d42-890c-38393ee1880f,2026-06-07T14:15:17.188Z,instance-1,A,burst,heavy,heavy,k6,Exp_A_09,53,POST,/api/heavy,heavy,0.01,87.5,58.66,118,0.02,18.14,174.53,194.53,194.53,2.4,125,226.86,200
2cc373a1-9623-4c9a-93de-b59c3582e0bb,2026-06-07T14:14:52.692Z,instance-2,A,burst,heavy,heavy,k6,Exp_A_09,82,POST,/api/heavy,heavy,0.01,5.47,65.25,235,33.98,23.55,6818.1,8952.14,9093.7,7.4,2.7,6020.16,200
41352d39-2d2c-41aa-9b1c-995ee6c41dbb,2026-06-07T14:14:52.692Z,instance-2,A,burst,heavy,heavy,k6,Exp_A_09,106,POST,/api/heavy,heavy,0.01,5.47,65.25,236,33.98,23.55,6818.1,8952.14,9093.7,7.6,2.63,6183.85,200
b0397e6e-3220-4de5-91c6-9c2797d719d5,2026-06-07T14:14:52.692Z,instance-2,A,burst,heavy,heavy,k6,Exp_A_09,150,POST,/api/heavy,heavy,0.01,5.47,65.25,237,33.98,23.55,6818.1,8952.14,9093.7,7.8,2.56,6331.64,200
4726b015-8011-4492-a789-2a669eec50fe,2026-06-07T14:14:52.692Z,instance-2,A,burst,heavy,heavy,k6,Exp_A_09,167,POST,/api/heavy,heavy,0.01,5.47,65.25,238,33.98,23.55,6818.1,8952.14,9093.7,8,2.5,6484.17,200
b7b7777f-8b92-4d4d-88fc-4cb5def60b97,2026-06-07T14:14:52.692Z,instance-2,A,burst,heavy,heavy,k6,Exp_A_09,37,POST,/api/heavy,heavy,0.01,5.47,65.25,239,33.98,23.55,6818.1,8952.14,9093.7,8.2,2.44,6673.1,200
1db147e9-457a-40b3-bf35-0d96df1aa684,2026-06-07T14:14:52.692Z,instance-2,A,burst,heavy,heavy,k6,Exp_A_09,52,POST,/api/heavy,heavy,0.01,5.47,65.25,240,33.98,23.55,6818.1,8952.14,9093.7,8.4,2.38,6856.78,200
52414746-0fbd-4492-abeb-01c4ff81058b,2026-06-07T14:14:52.693Z,instance-2,A,burst,heavy,heavy,k6,Exp_A_09,99,POST,/api/heavy,heavy,0.01,5.47,65.25,241,33.98,23.55,6818.1,8952.14,9093.7,8.6,2.33,6998.01,200
bf4c6b45-7f36-4cb5-9e65-813ac1b59f21,2026-06-07T14:14:52.693Z,instance-2,A,burst,heavy,heavy,k6,Exp_A_09,23,POST,/api/heavy,heavy,0.01,5.47,65.25,242,33.98,23.55,6818.1,8952.14,9093.7,8.8,2.27,7190.11,200
9cf15dea-40e4-441f-910d-1a878cedc575,2026-06-07T14:14:52.693Z,instance-2,A,burst,heavy,heavy,k6,Exp_A_09,41,POST,/api/heavy,heavy,0.01,5.47,65.25,243,33.98,23.55,6818.1,8952.14,9093.7,9,2.22,7503.05,200
edd8834b-2352-44f0-afda-155621d53741,2026-06-07T14:14:52.693Z,instance-2,A,burst,heavy,heavy,k6,Exp_A_09,85,POST,/api/heavy,heavy,0.01,5.47,65.25,244,33.98,23.55,6818.1,8952.14,9093.7,9.2,2.17,7735.34,200
b4cb8e1a-f2ed-4622-b20e-80855a4358a0,2026-06-07T14:14:52.693Z,instance-2,A,burst,heavy,heavy,k6,Exp_A_09,50,POST,/api/heavy,heavy,0.01,5.47,65.25,245,33.98,23.55,6818.1,8952.14,9093.7,9.4,2.13,8018.36,200
a4780d4f-d96e-4022-82df-4e53c44be3bc,2026-06-07T14:14:52.694Z,instance-2,A,burst,heavy,heavy,k6,Exp_A_09,68,POST,/api/heavy,heavy,0.01,5.47,65.25,246,33.98,23.55,6818.1,8952.14,9093.7,9.6,2.08,8246.4,200
e1bd648b-925f-4f33-8dfd-ba3254411222,2026-06-07T14:14:52.694Z,instance-2,A,burst,heavy,heavy,k6,Exp_A_09,136,POST,/api/heavy,heavy,0.01,5.47,65.25,247,33.98,23.55,6818.1,8952.14,9093.7,9.8,2.04,8511.99,200
31d9c256-3417-4231-b5bc-b75af444b263,2026-06-07T14:14:52.694Z,instance-2,A,burst,heavy,heavy,k6,Exp_A_09,153,POST,/api/heavy,heavy,0.01,5.47,65.25,248,33.98,23.55,6818.1,8952.14,9093.7,10,2,8738.79,200
4fd47cb7-0dec-4f14-a7aa-5a2538888492,2026-06-07T14:15:01.453Z,instance-2,A,burst,heavy,heavy,k6,Exp_A_09,29,POST,/api/heavy,heavy,0.01,19.09,65.27,199,33.98,19.09,6131.86,8511.99,8738.79,0.2,100,339.76,200
c214f7da-6cf9-4d14-a2e4-544735549834,2026-06-07T14:15:01.454Z,instance-2,A,burst,heavy,heavy,k6,Exp_A_09,120,POST,/api/heavy,heavy,0.01,19.09,65.27,200,33.98,19.09,6131.86,8511.99,8738.79,0.4,50,578.2,200
101811a3-ebf6-4b1b-acf1-9902cee8bb2c,2026-06-07T14:15:01.454Z,instance-2,A,burst,heavy,heavy,k6,Exp_A_09,78,POST,/api/heavy,heavy,0.01,19.09,65.27,201,33.98,19.09,6131.86,8511.99,8738.79,0.6,33.33,815.05,200
4987e8ed-e6ef-40e2-88c4-473157feb23c,2026-06-07T14:15:01.454Z,instance-2,A,burst,heavy,heavy,k6,Exp_A_09,105,POST,/api/heavy,heavy,0.01,19.09,65.27,202,33.98,19.09,6131.86,8511.99,8738.79,0.8,25,1021.95,200
66afda4a-02b8-4e8e-b7a7-7fa82bec4642,2026-06-07T14:15:01.455Z,instance-2,A,burst,heavy,heavy,k6,Exp_A_09,4,POST,/api/heavy,heavy,0.01,19.09,65.27,203,33.98,19.09,6131.86,8511.99,8738.79,1,20,1261.63,200
8e653e17-c4f6-4af4-bc0f-f2478b58b112,2026-06-07T14:15:01.455Z,instance-2,A,burst,heavy,heavy,k6,Exp_A_09,72,POST,/api/heavy,heavy,0.01,19.09,65.27,204,33.98,19.09,6131.86,8511.99,8738.79,1.2,16.67,1452.65,200
2db95cbd-bd3b-4b04-9301-9e67c67879ae,2026-06-07T14:15:01.456Z,instance-2,A,burst,heavy,heavy,k6,Exp_A_09,90,POST,/api/heavy,heavy,0.01,19.09,65.27,205,33.98,19.09,6131.86,8511.99,8738.79,1.4,14.29,1680.61,200
a8717784-c682-46c9-a8b8-5600ea4fe2a3,2026-06-07T14:15:01.457Z,instance-2,A,burst,heavy,heavy,k6,Exp_A_09,31,POST,/api/heavy,heavy,0.01,19.09,65.27,206,33.98,19.09,6131.86,8511.99,8738.79,1.6,12.5,1900.2,200
134afb56-2a61-4a56-ad4e-b2590b050737,2026-06-07T14:15:01.458Z,instance-2,A,burst,heavy,heavy,k6,Exp_A_09,44,POST,/api/heavy,heavy,0.01,19.09,65.27,207,33.98,19.09,6131.86,8511.99,8738.79,1.8,11.11,2075.75,200
fda6b7f9-f9c2-46c3-923e-1558fd9fb1d9,2026-06-07T14:15:01.458Z,instance-2,A,burst,heavy,heavy,k6,Exp_A_09,19,POST,/api/heavy,heavy,0.01,19.09,65.27,208,33.98,19.09,6131.86,8511.99,8738.79,2,10,2293.79,200
c1911c60-1f38-49ab-9414-9006a41229b9,2026-06-07T14:15:01.459Z,instance-2,A,burst,heavy,heavy,k6,Exp_A_09,99,POST,/api/heavy,heavy,0.01,19.09,65.27,209,33.98,19.09,6131.86,8511.99,8738.79,2.2,9.09,2519.43,200
e2b13809-92a8-4c7b-8123-dd49308b514a,2026-06-07T14:15:01.459Z,instance-2,A,burst,heavy,heavy,k6,Exp_A_09,45,POST,/api/heavy,heavy,0.01,19.09,65.27,210,33.98,19.09,6131.86,8511.99,8738.79,2.4,8.33,2751.12,200
8f27b038-e8ba-4def-adeb-53d898968cbe,2026-06-07T14:15:01.460Z,instance-2,A,burst,heavy,heavy,k6,Exp_A_09,97,POST,/api/heavy,heavy,0.01,19.09,65.27,211,33.98,19.09,6131.86,8511.99,8738.79,2.6,7.69,2932.43,200
ec25f379-0ed8-4227-91f8-48868b3a06df,2026-06-07T14:15:01.461Z,instance-2,A,burst,heavy,heavy,k6,Exp_A_09,130,POST,/api/heavy,heavy,0.01,19.09,65.27,212,33.98,19.09,6131.86,8511.99,8738.79,2.8,7.14,3138.06,200
27754e77-be18-47c7-959a-6ff5a3fbb1af,2026-06-07T14:15:01.463Z,instance-2,A,burst,heavy,heavy,k6,Exp_A_09,126,POST,/api/heavy,heavy,0.01,19.09,65.27,213,33.98,19.09,6131.86,8511.99,8738.79,3,6.67,3320.3,200
1cddcdc6-71a0-4e50-9986-bc193bb41277,2026-06-07T14:15:01.463Z,instance-2,A,burst,heavy,heavy,k6,Exp_A_09,157,POST,/api/heavy,heavy,0.01,19.09,65.27,214,33.98,19.09,6131.86,8511.99,8738.79,3.2,6.25,3578.55,200
869f605f-df88-425a-af24-dbc671355ed9,2026-06-07T14:15:01.464Z,instance-2,A,burst,heavy,heavy,k6,Exp_A_09,49,POST,/api/heavy,heavy,0.01,19.09,65.27,215,33.98,19.09,6131.86,8511.99,8738.79,3.4,5.88,3784.16,200
4915ca7a-89ad-49e8-867a-47aacedde11c,2026-06-07T14:15:01.465Z,instance-2,A,burst,heavy,heavy,k6,Exp_A_09,57,POST,/api/heavy,heavy,0.01,19.09,65.27,216,33.98,19.09,6131.86,8511.99,8738.79,3.6,5.56,3964.52,200
96abe86c-037e-4cab-b9f0-f4b76f654210,2026-06-07T14:15:01.466Z,instance-2,A,burst,heavy,heavy,k6,Exp_A_09,35,POST,/api/heavy,heavy,0.01,19.09,65.27,217,33.98,19.09,6131.86,8511.99,8738.79,3.8,5.26,4148.82,200
b8233f1a-3e14-4173-8c89-3e32809136ca,2026-06-07T14:15:01.466Z,instance-2,A,burst,heavy,heavy,k6,Exp_A_09,24,POST,/api/heavy,heavy,0.01,19.09,65.27,218,33.98,19.09,6131.86,8511.99,8738.79,4,5,4343.58,200
679d2b4a-1e64-477e-8519-0fed04aff4f0,2026-06-07T14:15:01.467Z,instance-2,A,burst,heavy,heavy,k6,Exp_A_09,93,POST,/api/heavy,heavy,0.01,19.09,65.27,219,33.98,19.09,6131.86,8511.99,8738.79,4.2,4.76,4525.81,200
87c797c9-d840-48f1-98e3-7368de7c3edb,2026-06-07T14:15:01.467Z,instance-2,A,burst,heavy,heavy,k6,Exp_A_09,107,POST,/api/heavy,heavy,0.01,19.09,65.27,220,33.98,19.09,6131.86,8511.99,8738.79,4.4,4.55,4710.27,200
d89cc0a8-5ca5-4b94-9dc5-37946d572a19,2026-06-07T14:15:01.468Z,instance-2,A,burst,heavy,heavy,k6,Exp_A_09,132,POST,/api/heavy,heavy,0.01,19.09,65.27,221,33.98,19.09,6131.86,8511.99,8738.79,4.6,4.35,4867.42,200
c0d3aaee-f08b-4c48-94cf-ce77f0c8133b,2026-06-07T14:15:01.468Z,instance-2,A,burst,heavy,heavy,k6,Exp_A_09,141,POST,/api/heavy,heavy,0.01,19.09,65.27,222,33.98,19.09,6131.86,8511.99,8738.79,4.8,4.17,5058.66,200
8bb94e37-b0ab-4519-bc53-e997892b0bdb,2026-06-07T14:15:01.468Z,instance-2,A,burst,heavy,heavy,k6,Exp_A_09,60,POST,/api/heavy,heavy,0.01,19.09,65.27,223,33.98,19.09,6131.86,8511.99,8738.79,5,4,5245.46,200
b0c6a4e9-c3be-43f2-9613-6bdffb445cd2,2026-06-07T14:15:01.469Z,instance-2,A,burst,heavy,heavy,k6,Exp_A_09,173,POST,/api/heavy,heavy,0.01,19.09,65.27,224,33.98,19.09,6131.86,8511.99,8738.79,5.2,3.85,5433.76,200
a10354eb-26bc-481a-b4ac-d00f3bfea7ba,2026-06-07T14:15:01.469Z,instance-2,A,burst,heavy,heavy,k6,Exp_A_09,6,POST,/api/heavy,heavy,0.01,19.09,65.27,225,33.98,19.09,6131.86,8511.99,8738.79,5.4,3.7,5594.46,200
b3f6dc8d-ecf5-4535-b3a6-58a197608168,2026-06-07T14:15:01.470Z,instance-2,A,burst,heavy,heavy,k6,Exp_A_09,66,POST,/api/heavy,heavy,0.01,19.09,65.27,226,33.98,19.09,6131.86,8511.99,8738.79,5.6,3.57,5798.21,200
40c9127e-c344-4c7d-b714-da4c0e26b175,2026-06-07T14:15:01.470Z,instance-2,A,burst,heavy,heavy,k6,Exp_A_09,84,POST,/api/heavy,heavy,0.01,19.09,65.27,227,33.98,19.09,6131.86,8511.99,8738.79,5.8,3.45,6021.01,200
eb2f4efc-8779-4de8-8f99-83b14c576d96,2026-06-07T14:15:01.471Z,instance-2,A,burst,heavy,heavy,k6,Exp_A_09,156,POST,/api/heavy,heavy,0.01,19.09,65.27,228,33.98,19.09,6131.86,8511.99,8738.79,6,3.33,6245.61,200
047ee80e-ad0f-4975-8bc1-49bc34f92a5b,2026-06-07T14:15:01.471Z,instance-2,A,burst,heavy,heavy,k6,Exp_A_09,80,POST,/api/heavy,heavy,0.01,19.09,65.27,229,33.98,19.09,6131.86,8511.99,8738.79,6.2,3.23,6482.39,200
731846cb-236d-48f3-b829-1820054c6fe9,2026-06-07T14:15:01.471Z,instance-2,A,burst,heavy,heavy,k6,Exp_A_09,151,POST,/api/heavy,heavy,0.01,19.09,65.27,230,33.98,19.09,6131.86,8511.99,8738.79,6.4,3.13,6691.42,200
76d0ad36-0d12-4ede-82fb-9aaceb1b4b8d,2026-06-07T14:15:01.471Z,instance-2,A,burst,heavy,heavy,k6,Exp_A_09,36,POST,/api/heavy,heavy,0.01,19.09,65.27,231,33.98,19.09,6131.86,8511.99,8738.79,6.6,3.03,6908.97,200
f6661af5-d7ea-4243-9bdd-c06dc3f5b375,2026-06-07T14:15:01.472Z,instance-2,A,burst,heavy,heavy,k6,Exp_A_09,100,POST,/api/heavy,heavy,0.01,19.09,65.27,232,33.98,19.09,6131.86,8511.99,8738.79,6.8,2.94,7074.31,200
b04768e3-a76a-4adf-99bb-a13c6ac677d4,2026-06-07T14:15:01.473Z,instance-2,A,burst,heavy,heavy,k6,Exp_A_09,111,POST,/api/heavy,heavy,0.01,19.09,65.27,233,33.98,19.09,6131.86,8511.99,8738.79,7,2.86,7232.44,200
e408418c-6724-4a78-9ca3-77ceb73eab1c,2026-06-07T14:15:01.473Z,instance-2,A,burst,heavy,heavy,k6,Exp_A_09,170,POST,/api/heavy,heavy,0.01,19.09,65.27,234,33.98,19.09,6131.86,8511.99,8738.79,7.2,2.78,7401.66,200
291b04f5-49a0-4a93-b62b-cc3ebc347372,2026-06-07T14:15:01.473Z,instance-2,A,burst,heavy,heavy,k6,Exp_A_09,10,POST,/api/heavy,heavy,0.01,19.09,65.27,235,33.98,19.09,6131.86,8511.99,8738.79,7.4,2.7,7573.2,200
d942291c-1a70-458c-8d37-5d5f8de516c1,2026-06-07T14:15:01.473Z,instance-2,A,burst,heavy,heavy,k6,Exp_A_09,54,POST,/api/heavy,heavy,0.01,19.09,65.27,236,33.98,19.09,6131.86,8511.99,8738.79,7.6,2.63,7745.69,200
c23c696b-26b4-4e13-bdef-2822f960ecdb,2026-06-07T14:15:01.474Z,instance-2,A,burst,heavy,heavy,k6,Exp_A_09,5,POST,/api/heavy,heavy,0.01,19.09,65.27,237,33.98,19.09,6131.86,8511.99,8738.79,7.8,2.56,7971.22,200
f6c79de7-47b3-41e4-8548-b12191f4aca9,2026-06-07T14:15:01.474Z,instance-2,A,burst,heavy,heavy,k6,Exp_A_09,165,POST,/api/heavy,heavy,0.01,19.09,65.27,238,33.98,19.09,6131.86,8511.99,8738.79,8,2.5,8140.44,200
3ca35780-2ab2-4e94-9a73-f2399f88f463,2026-06-07T14:15:01.474Z,instance-2,A,burst,heavy,heavy,k6,Exp_A_09,127,POST,/api/heavy,heavy,0.01,19.09,65.27,239,33.98,19.09,6131.86,8511.99,8738.79,8.2,2.44,8321.27,200
629a20a0-5a99-4a1e-8172-7ede195c55b8,2026-06-07T14:15:01.474Z,instance-2,A,burst,heavy,heavy,k6,Exp_A_09,148,POST,/api/heavy,heavy,0.01,19.09,65.27,240,33.98,19.09,6131.86,8511.99,8738.79,8.4,2.38,8502.52,200
847fb16e-8780-4bdc-90a7-9d49cb49d681,2026-06-07T14:15:01.474Z,instance-2,A,burst,heavy,heavy,k6,Exp_A_09,87,POST,/api/heavy,heavy,0.01,19.09,65.27,241,33.98,19.09,6131.86,8511.99,8738.79,8.6,2.33,8690.34,200
0a74bbc0-be79-48b9-957b-3ef5f7f71587,2026-06-07T14:15:01.474Z,instance-2,A,burst,heavy,heavy,k6,Exp_A_09,26,POST,/api/heavy,heavy,0.01,19.09,65.27,242,33.98,19.09,6131.86,8511.99,8738.79,8.8,2.27,8852.66,200
992df121-09d1-48ae-9f64-0514840480e5,2026-06-07T14:15:01.475Z,instance-2,A,burst,heavy,heavy,k6,Exp_A_09,160,POST,/api/heavy,heavy,0.01,19.09,65.27,243,33.98,19.09,6131.86,8511.99,8738.79,9,2.22,9006.98,200
1caea7c4-05db-4ef0-b958-efc5370e5e0d,2026-06-07T14:15:10.497Z,instance-2,A,burst,heavy,heavy,k6,Exp_A_09,64,POST,/api/heavy,heavy,0.01,96.52,65.53,199,40.85,96.52,6614.39,8852.66,9006.98,0.2,100,174.69,200
1eabc8d2-fa20-47c8-8825-5fe7a8a8e16e,2026-06-07T14:15:10.497Z,instance-2,A,burst,heavy,heavy,k6,Exp_A_09,94,POST,/api/heavy,heavy,0.01,96.52,65.53,200,40.85,96.52,6614.39,8852.66,9006.98,0.4,50,344.25,200
ad41d308-f74c-4958-a160-3e070b1266e9,2026-06-07T14:15:10.497Z,instance-2,A,burst,heavy,heavy,k6,Exp_A_09,34,POST,/api/heavy,heavy,0.01,96.52,65.53,201,40.85,96.52,6614.39,8852.66,9006.98,0.6,33.33,495.2,200
e76d7b26-5f5d-4551-94c1-15e2d2e04b37,2026-06-07T14:15:10.498Z,instance-2,A,burst,heavy,heavy,k6,Exp_A_09,72,POST,/api/heavy,heavy,0.01,96.52,65.53,202,40.85,96.52,6614.39,8852.66,9006.98,0.8,25,637.16,200
2c9360b9-ed7d-469b-b7a0-678d7b5e79f1,2026-06-07T14:15:10.498Z,instance-2,A,burst,heavy,heavy,k6,Exp_A_09,49,POST,/api/heavy,heavy,0.01,96.52,65.53,203,40.85,96.52,6614.39,8852.66,9006.98,1,20,783.97,200
b87a7ab2-f233-4c1b-9da9-293093681556,2026-06-07T14:15:10.498Z,instance-2,A,burst,heavy,heavy,k6,Exp_A_09,50,POST,/api/heavy,heavy,0.01,96.52,65.53,204,40.85,96.52,6614.39,8852.66,9006.98,1.2,16.67,925.86,200
ecb7681e-0925-43a4-957b-6112acf692b4,2026-06-07T14:15:10.498Z,instance-2,A,burst,heavy,heavy,k6,Exp_A_09,74,POST,/api/heavy,heavy,0.01,96.52,65.53,205,40.85,96.52,6614.39,8852.66,9006.98,1.4,14.29,1085.95,200
07603460-df76-461b-8fa7-0eb49cfe1c64,2026-06-07T14:15:10.498Z,instance-2,A,burst,heavy,heavy,k6,Exp_A_09,47,POST,/api/heavy,heavy,0.01,96.52,65.53,206,40.85,96.52,6614.39,8852.66,9006.98,1.6,12.5,1231.26,200
cf226b80-ee3e-4f06-b8e6-030f9c4009c5,2026-06-07T14:15:10.498Z,instance-2,A,burst,heavy,heavy,k6,Exp_A_09,2,POST,/api/heavy,heavy,0.01,96.52,65.53,207,40.85,96.52,6614.39,8852.66,9006.98,1.8,11.11,1372.65,200
6f2e5257-ae4e-49eb-ba99-44284a38d8c0,2026-06-07T14:15:10.498Z,instance-2,A,burst,heavy,heavy,k6,Exp_A_09,56,POST,/api/heavy,heavy,0.01,96.52,65.53,208,40.85,96.52,6614.39,8852.66,9006.98,2,10,1516.75,200
5b14e935-e5cc-4678-a4c3-bb998c4a170d,2026-06-07T14:15:10.498Z,instance-2,A,burst,heavy,heavy,k6,Exp_A_09,79,POST,/api/heavy,heavy,0.01,96.52,65.53,209,40.85,96.52,6614.39,8852.66,9006.98,2.2,9.09,1661.01,200
e266d176-e9a1-472f-8b67-b64a3a3b472e,2026-06-07T14:15:10.499Z,instance-2,A,burst,heavy,heavy,k6,Exp_A_09,63,POST,/api/heavy,heavy,0.01,96.52,65.53,210,40.85,96.52,6614.39,8852.66,9006.98,2.4,8.33,1809.04,200
5eb46c87-a7b8-4510-a778-471379d04ffe,2026-06-07T14:15:10.499Z,instance-2,A,burst,heavy,heavy,k6,Exp_A_09,43,POST,/api/heavy,heavy,0.01,96.52,65.53,211,40.85,96.52,6614.39,8852.66,9006.98,2.6,7.69,1951.33,200
7db7d7cd-f2d9-4ecd-be0c-415e280cdaa9,2026-06-07T14:15:10.499Z,instance-2,A,burst,heavy,heavy,k6,Exp_A_09,55,POST,/api/heavy,heavy,0.01,96.52,65.53,212,40.85,96.52,6614.39,8852.66,9006.98,2.8,7.14,2093.5,200
adf7670a-fa50-481a-b31b-9ebe67823455,2026-06-07T14:15:10.499Z,instance-2,A,burst,heavy,heavy,k6,Exp_A_09,133,POST,/api/heavy,heavy,0.01,96.52,65.53,213,40.85,96.52,6614.39,8852.66,9006.98,3,6.67,2257.7,200
4bc83b53-a8e0-4819-853f-8c4a95c85bc5,2026-06-07T14:15:10.499Z,instance-2,A,burst,heavy,heavy,k6,Exp_A_09,124,POST,/api/heavy,heavy,0.01,96.52,65.53,214,40.85,96.52,6614.39,8852.66,9006.98,3.2,6.25,2404.17,200
0c5b04e3-c202-4177-97b8-db66dd4d27f9,2026-06-07T14:15:10.500Z,instance-2,A,burst,heavy,heavy,k6,Exp_A_09,28,POST,/api/heavy,heavy,0.01,96.52,65.53,215,40.85,96.52,6614.39,8852.66,9006.98,3.4,5.88,2543.75,200
af285257-553c-4ccd-8feb-846762eb6374,2026-06-07T14:15:10.500Z,instance-2,A,burst,heavy,heavy,k6,Exp_A_09,86,POST,/api/heavy,heavy,0.01,96.52,65.53,216,40.85,96.52,6614.39,8852.66,9006.98,3.6,5.56,2685.97,200
96eff668-f220-43c0-b935-00e0c4c79828,2026-06-07T14:15:10.501Z,instance-2,A,burst,heavy,heavy,k6,Exp_A_09,91,POST,/api/heavy,heavy,0.01,96.52,65.53,217,40.85,96.52,6614.39,8852.66,9006.98,3.8,5.26,2831.7,200
79387f29-376c-4c73-8953-6458a778013c,2026-06-07T14:15:17.416Z,instance-1,A,burst,heavy,heavy,k6,Exp_A_09,15,POST,/api/heavy,heavy,0.01,87.5,58.66,118,0.02,18.14,178.89,226.86,226.86,2.6,115.38,192.71,200
e589ea8c-7334-4659-8277-d5c38f3a12d8,2026-06-07T14:15:17.610Z,instance-1,A,burst,heavy,heavy,k6,Exp_A_09,18,POST,/api/heavy,heavy,0.01,100,58.71,118,0.02,38.14,179.96,226.86,226.86,2.8,107.14,217.09,200
00f567f0-754e-4c7d-8f16-e1788b842d1a,2026-06-07T14:15:17.828Z,instance-1,A,burst,heavy,heavy,k6,Exp_A_09,38,POST,/api/heavy,heavy,0.01,100,58.71,118,0.81,38.14,182.61,226.86,226.86,3,100,175.44,200
d807dba1-3178-4415-a633-b562fe010b28,2026-06-07T14:15:17.829Z,instance-1,A,burst,heavy,heavy,k6,Exp_A_09,32,POST,/api/heavy,heavy,0.01,100,58.71,119,0.81,38.14,182.61,226.86,226.86,3.2,93.75,352.77,200
df4d1e32-653f-46f9-87ef-468b8a1c1efa,2026-06-07T14:15:18.190Z,instance-1,A,burst,heavy,heavy,k6,Exp_A_09,1,POST,/api/heavy,heavy,0.01,100,58.71,118,0.81,38.14,192.8,352.77,352.77,3.4,88.24,177.86,200
d3974886-90d0-4c9e-b010-585a2c700b58,2026-06-07T14:15:18.190Z,instance-1,A,burst,heavy,heavy,k6,Exp_A_09,12,POST,/api/heavy,heavy,0.01,100,58.71,119,0.81,38.14,192.8,352.77,352.77,3.6,83.33,362.7,200
ba962c0e-a5a7-48ff-84f4-ea5e9f19c697,2026-06-07T14:15:18.191Z,instance-1,A,burst,heavy,heavy,k6,Exp_A_09,29,POST,/api/heavy,heavy,0.01,100,58.71,120,0.81,38.14,192.8,352.77,352.77,3.8,78.95,504.61,200
61c125a2-0fca-4088-aa59-f0f1774beeb9,2026-06-07T14:15:18.696Z,instance-1,A,burst,heavy,heavy,k6,Exp_A_09,23,POST,/api/heavy,heavy,0.01,100,58.71,118,0.81,38.14,217.36,504.61,504.61,4,75,200.15,200
b04f4146-f32b-47f1-8a88-676cfcbc1d30,2026-06-07T14:15:18.697Z,instance-1,A,burst,heavy,heavy,k6,Exp_A_09,51,POST,/api/heavy,heavy,0.01,100,58.71,119,0.81,38.14,217.36,504.61,504.61,4.2,71.43,384.3,200
e657d85a-9eef-45a1-89a7-42ad34d2c466,2026-06-07T14:15:18.697Z,instance-1,A,burst,heavy,heavy,k6,Exp_A_09,15,POST,/api/heavy,heavy,0.01,100,58.71,120,0.81,38.14,217.36,504.61,504.61,4.4,68.18,577.46,200
bbb2b9e1-8ea5-4d65-af17-2188dbfdef9a,2026-06-07T14:15:18.697Z,instance-1,A,burst,heavy,heavy,k6,Exp_A_09,53,POST,/api/heavy,heavy,0.01,100,58.71,121,0.81,38.14,217.36,504.61,504.61,4.6,65.22,760.57,200
246369b2-0272-48ab-b472-c023eab8b77b,2026-06-07T14:15:10.501Z,instance-2,A,burst,heavy,heavy,k6,Exp_A_09,142,POST,/api/heavy,heavy,0.01,96.52,65.53,218,40.85,96.52,6614.39,8852.66,9006.98,4,5,2978.78,200
01856da2-3e3e-43b7-953f-9e20c8a3946e,2026-06-07T14:15:10.501Z,instance-2,A,burst,heavy,heavy,k6,Exp_A_09,103,POST,/api/heavy,heavy,0.01,96.52,65.53,219,40.85,96.52,6614.39,8852.66,9006.98,4.2,4.76,3123.45,200
07697f59-32eb-40ca-84ca-de4c9824d587,2026-06-07T14:15:10.501Z,instance-2,A,burst,heavy,heavy,k6,Exp_A_09,131,POST,/api/heavy,heavy,0.01,96.52,65.53,220,40.85,96.52,6614.39,8852.66,9006.98,4.4,4.55,3264.59,200
392d715f-d2ba-4985-8023-6de9bbcf1f83,2026-06-07T14:15:10.501Z,instance-2,A,burst,heavy,heavy,k6,Exp_A_09,138,POST,/api/heavy,heavy,0.01,96.52,65.53,221,40.85,96.52,6614.39,8852.66,9006.98,4.6,4.35,3412.63,200
8ff295b8-c835-41af-abd5-31eeb5cc27ff,2026-06-07T14:15:10.501Z,instance-2,A,burst,heavy,heavy,k6,Exp_A_09,75,POST,/api/heavy,heavy,0.01,96.52,65.53,222,40.85,96.52,6614.39,8852.66,9006.98,4.8,4.17,3552.61,200
dc051619-465a-4127-ac12-7d283a7f14c9,2026-06-07T14:15:10.502Z,instance-2,A,burst,heavy,heavy,k6,Exp_A_09,104,POST,/api/heavy,heavy,0.01,96.52,65.53,223,40.85,96.52,6614.39,8852.66,9006.98,5,4,3694.75,200
42b8253a-3f12-477c-b8d2-e0b7c9c1dd4c,2026-06-07T14:15:10.502Z,instance-2,A,burst,heavy,heavy,k6,Exp_A_09,21,POST,/api/heavy,heavy,0.01,96.52,65.53,224,40.85,96.52,6614.39,8852.66,9006.98,5.2,3.85,3838.04,200
06f53c78-fb2a-4144-b0be-092756161016,2026-06-07T14:15:10.502Z,instance-2,A,burst,heavy,heavy,k6,Exp_A_09,70,POST,/api/heavy,heavy,0.01,96.52,65.53,225,40.85,96.52,6614.39,8852.66,9006.98,5.4,3.7,3982.45,200
9ef1a847-2725-4f24-ad2d-3508cd5da9df,2026-06-07T14:15:10.502Z,instance-2,A,burst,heavy,heavy,k6,Exp_A_09,115,POST,/api/heavy,heavy,0.01,96.52,65.53,226,40.85,96.52,6614.39,8852.66,9006.98,5.6,3.57,4124.25,200
b2b50956-6030-4840-bc83-acdf1926f812,2026-06-07T14:15:10.502Z,instance-2,A,burst,heavy,heavy,k6,Exp_A_09,27,POST,/api/heavy,heavy,0.01,96.52,65.53,227,40.85,96.52,6614.39,8852.66,9006.98,5.8,3.45,4267.68,200
9c66d2dd-128f-40ea-a8cb-808c051d4bab,2026-06-07T14:15:10.502Z,instance-2,A,burst,heavy,heavy,k6,Exp_A_09,30,POST,/api/heavy,heavy,0.01,96.52,65.53,228,40.85,96.52,6614.39,8852.66,9006.98,6,3.33,4418.41,200
26dad923-1058-4376-aec6-3bc580184b7d,2026-06-07T14:15:10.502Z,instance-2,A,burst,heavy,heavy,k6,Exp_A_09,110,POST,/api/heavy,heavy,0.01,96.52,65.53,229,40.85,96.52,6614.39,8852.66,9006.98,6.2,3.23,4559.1,200
ce764947-5eb5-4209-8843-c0814411f154,2026-06-07T14:15:10.503Z,instance-2,A,burst,heavy,heavy,k6,Exp_A_09,46,POST,/api/heavy,heavy,0.01,96.52,65.53,230,40.85,96.52,6614.39,8852.66,9006.98,6.4,3.13,4748.65,200
46c7bcc2-b413-4f91-a548-7484a3846939,2026-06-07T14:15:10.503Z,instance-2,A,burst,heavy,heavy,k6,Exp_A_09,88,POST,/api/heavy,heavy,0.01,96.52,65.53,231,40.85,96.52,6614.39,8852.66,9006.98,6.6,3.03,4906.07,200
90a24559-6e9e-4caf-9048-09e6a6389b1c,2026-06-07T14:15:10.503Z,instance-2,A,burst,heavy,heavy,k6,Exp_A_09,7,POST,/api/heavy,heavy,0.01,96.52,65.53,232,40.85,96.52,6614.39,8852.66,9006.98,6.8,2.94,5077.11,200
d71160f3-4c3d-4ee4-9e25-3b569af0318a,2026-06-07T14:15:10.503Z,instance-2,A,burst,heavy,heavy,k6,Exp_A_09,143,POST,/api/heavy,heavy,0.01,96.52,65.53,233,40.85,96.52,6614.39,8852.66,9006.98,7,2.86,5268.76,200
68854fea-7457-4a22-998d-8a16b47e2b1f,2026-06-07T14:15:10.503Z,instance-2,A,burst,heavy,heavy,k6,Exp_A_09,33,POST,/api/heavy,heavy,0.01,96.52,65.53,234,40.85,96.52,6614.39,8852.66,9006.98,7.2,2.78,5467.46,200
1141df02-e691-4255-9666-733a5ea3a8a6,2026-06-07T14:15:10.504Z,instance-2,A,burst,heavy,heavy,k6,Exp_A_09,109,POST,/api/heavy,heavy,0.01,96.52,65.53,235,40.85,96.52,6614.39,8852.66,9006.98,7.4,2.7,5615.63,200
6a4cd98c-7942-46e6-9e2e-6d3654be57c0,2026-06-07T14:15:10.505Z,instance-2,A,burst,heavy,heavy,k6,Exp_A_09,15,POST,/api/heavy,heavy,0.01,96.52,65.53,236,40.85,96.52,6614.39,8852.66,9006.98,7.6,2.63,5752.97,200
d480436f-d5b5-4ff4-86ef-cdd0ceb4b6cc,2026-06-07T14:15:10.505Z,instance-2,A,burst,heavy,heavy,k6,Exp_A_09,139,POST,/api/heavy,heavy,0.01,96.52,65.53,237,40.85,96.52,6614.39,8852.66,9006.98,7.8,2.56,5942.6,200
1d99b1d2-794c-4bff-ba16-f6ecad8fcbd6,2026-06-07T14:15:10.506Z,instance-2,A,burst,heavy,heavy,k6,Exp_A_09,38,POST,/api/heavy,heavy,0.01,96.52,65.53,238,40.85,96.52,6614.39,8852.66,9006.98,8,2.5,6141.44,200
dca00b7f-a9fa-4ed5-b838-85454878c2fc,2026-06-07T14:15:10.506Z,instance-2,A,burst,heavy,heavy,k6,Exp_A_09,32,POST,/api/heavy,heavy,0.01,96.52,65.53,239,40.85,96.52,6614.39,8852.66,9006.98,8.2,2.44,6304.7,200
1b85d995-aa20-4696-89b9-308056bd2e71,2026-06-07T14:15:10.506Z,instance-2,A,burst,heavy,heavy,k6,Exp_A_09,40,POST,/api/heavy,heavy,0.01,96.52,65.53,240,40.85,96.52,6614.39,8852.66,9006.98,8.4,2.38,6443.39,200
08dbf872-e1de-4d59-bd36-5bee492f5eb9,2026-06-07T14:15:10.507Z,instance-2,A,burst,heavy,heavy,k6,Exp_A_09,12,POST,/api/heavy,heavy,0.01,96.52,65.53,241,40.85,96.52,6614.39,8852.66,9006.98,8.6,2.33,6632.29,200
cbd6d29e-77ac-443b-a9e4-f855ddeeb19a,2026-06-07T14:15:10.508Z,instance-2,A,burst,heavy,heavy,k6,Exp_A_09,121,POST,/api/heavy,heavy,0.01,96.52,65.53,242,40.85,96.52,6614.39,8852.66,9006.98,8.8,2.27,6812.58,200
805fd117-a0ad-4727-89ff-c09037d5013c,2026-06-07T14:15:10.508Z,instance-2,A,burst,heavy,heavy,k6,Exp_A_09,20,POST,/api/heavy,heavy,0.01,96.52,65.53,243,40.85,96.52,6614.39,8852.66,9006.98,9,2.22,6965.8,200
e1b121dc-3c9f-4991-a284-fa8df1a7d8cd,2026-06-07T14:15:17.488Z,instance-2,A,burst,heavy,heavy,k6,Exp_A_09,108,POST,/api/heavy,heavy,0.01,121.87,65.4,199,27.87,121.87,4441.03,6812.58,6965.8,0.2,100,159.36,200
53ae4c55-9cd3-4917-890c-087d9b8cc6ea,2026-06-07T14:15:17.488Z,instance-2,A,burst,heavy,heavy,k6,Exp_A_09,11,POST,/api/heavy,heavy,0.01,121.87,65.4,200,27.87,121.87,4441.03,6812.58,6965.8,0.4,50,304.55,200
e5cdd34f-3e13-4630-8434-7d28f684120f,2026-06-07T14:15:17.488Z,instance-2,A,burst,heavy,heavy,k6,Exp_A_09,122,POST,/api/heavy,heavy,0.01,121.87,65.4,201,27.87,121.87,4441.03,6812.58,6965.8,0.6,33.33,467.84,200
3836faf2-6afa-4b24-9acf-5186d6481218,2026-06-07T14:15:17.489Z,instance-2,A,burst,heavy,heavy,k6,Exp_A_09,58,POST,/api/heavy,heavy,0.01,121.87,65.4,202,27.87,121.87,4441.03,6812.58,6965.8,0.8,25,657.72,200
6b1f64c2-04d3-4435-b1ef-0539dc35cbd6,2026-06-07T14:15:17.489Z,instance-2,A,burst,heavy,heavy,k6,Exp_A_09,78,POST,/api/heavy,heavy,0.01,121.87,65.4,203,27.87,121.87,4441.03,6812.58,6965.8,1,20,827.45,200
1db7b59e-4700-41e0-9f03-4f2c8cf0f796,2026-06-07T14:15:17.490Z,instance-2,A,burst,heavy,heavy,k6,Exp_A_09,57,POST,/api/heavy,heavy,0.01,121.87,65.4,204,27.87,121.87,4441.03,6812.58,6965.8,1.2,16.67,1023.92,200
00dd99dc-3a7d-4346-bdc7-43b6c76b9f52,2026-06-07T14:15:17.490Z,instance-2,A,burst,heavy,heavy,k6,Exp_A_09,68,POST,/api/heavy,heavy,0.01,121.87,65.4,205,27.87,121.87,4441.03,6812.58,6965.8,1.4,14.29,1203.93,200
908a1cbf-bd98-40f5-8c71-7c4035cc854c,2026-06-07T14:15:17.491Z,instance-2,A,burst,heavy,heavy,k6,Exp_A_09,44,POST,/api/heavy,heavy,0.01,121.87,65.4,206,27.87,121.87,4441.03,6812.58,6965.8,1.6,12.5,1370.91,200
60506d5d-ca5f-47ed-bc5b-516389625953,2026-06-07T14:15:17.491Z,instance-2,A,burst,heavy,heavy,k6,Exp_A_09,6,POST,/api/heavy,heavy,0.01,121.87,65.4,207,27.87,121.87,4441.03,6812.58,6965.8,1.8,11.11,1534.64,200
bf44abf9-0468-445f-9f1c-2456b929d215,2026-06-07T14:15:17.491Z,instance-2,A,burst,heavy,heavy,k6,Exp_A_09,97,POST,/api/heavy,heavy,0.01,121.87,65.4,208,27.87,121.87,4441.03,6812.58,6965.8,2,10,1687.29,200
dfc9c15a-0b43-40df-a139-8de12daa837d,2026-06-07T14:15:17.492Z,instance-2,A,burst,heavy,heavy,k6,Exp_A_09,22,POST,/api/heavy,heavy,0.01,121.87,65.4,209,27.87,121.87,4441.03,6812.58,6965.8,2.2,9.09,1831.69,200
e3ad7046-139f-417a-bf74-94e551532695,2026-06-07T14:15:17.492Z,instance-2,A,burst,heavy,heavy,k6,Exp_A_09,65,POST,/api/heavy,heavy,0.01,121.87,65.4,210,27.87,121.87,4441.03,6812.58,6965.8,2.4,8.33,2032.48,200
297e0042-5c41-4ee1-a8ca-15eef2b8e9ca,2026-06-07T14:15:17.492Z,instance-2,A,burst,heavy,heavy,k6,Exp_A_09,25,POST,/api/heavy,heavy,0.01,121.87,65.4,211,27.87,121.87,4441.03,6812.58,6965.8,2.6,7.69,2229.17,200
eaac8b5b-1846-4e10-8c0f-d5d2c2ad070c,2026-06-07T14:15:19.467Z,instance-1,A,burst,heavy,heavy,k6,Exp_A_09,34,POST,/api/heavy,heavy,0.01,59.35,58.72,118,0.81,62.11,263.15,577.46,760.57,4.8,62.5,174.04,200
a696eb59-d470-405d-9615-32985d87d8d2,2026-06-07T14:15:19.467Z,instance-1,A,burst,heavy,heavy,k6,Exp_A_09,58,POST,/api/heavy,heavy,0.01,59.35,58.72,119,0.81,62.11,263.15,577.46,760.57,5,60,334.84,200
078c493b-3866-49e5-b0a5-c4367ca2f8fd,2026-06-07T14:15:19.468Z,instance-1,A,burst,heavy,heavy,k6,Exp_A_09,18,POST,/api/heavy,heavy,0.01,59.35,58.72,120,0.81,62.11,263.15,577.46,760.57,5.2,57.69,500.63,200
610a05f1-04d9-4250-8047-804c88d5a3ba,2026-06-07T14:15:19.468Z,instance-1,A,burst,heavy,heavy,k6,Exp_A_09,32,POST,/api/heavy,heavy,0.01,59.35,58.72,121,0.81,62.11,263.15,577.46,760.57,5.4,55.56,653.44,200
6411aa22-ffd9-4e6e-936b-c9092fb5c427,2026-06-07T14:15:20.122Z,instance-1,A,burst,heavy,heavy,k6,Exp_A_09,12,POST,/api/heavy,heavy,0.01,59.35,58.72,118,10.14,62.11,285.75,653.44,760.57,5.4,55.56,151.37,200
023dcc13-c11b-4f4a-b8fa-6ba5306bb064,2026-06-07T14:15:20.122Z,instance-1,A,burst,heavy,heavy,k6,Exp_A_09,29,POST,/api/heavy,heavy,0.01,59.35,58.72,119,10.14,62.11,285.75,653.44,760.57,5.6,53.57,297.41,200
d0800b83-c0f4-4e15-ae34-f4c95dc09e45,2026-06-07T14:15:20.123Z,instance-1,A,burst,heavy,heavy,k6,Exp_A_09,23,POST,/api/heavy,heavy,0.01,59.35,58.72,120,10.14,62.11,285.75,653.44,760.57,5.8,51.72,444.11,200
4376e6e4-65f1-4ab2-9b8b-1add51bac619,2026-06-07T14:15:20.123Z,instance-1,A,burst,heavy,heavy,k6,Exp_A_09,6,POST,/api/heavy,heavy,0.01,59.35,58.72,121,10.14,62.11,285.75,653.44,760.57,6,50,595.55,200
eb22cce8-3b7d-43a3-bd64-7d718f87e142,2026-06-07T14:15:20.727Z,instance-1,A,burst,heavy,heavy,k6,Exp_A_09,15,POST,/api/heavy,heavy,0.01,123.5,58.85,118,10.14,92.59,309.75,653.44,760.57,5.6,53.57,160.46,200
812b286b-9d02-4b2d-b5f6-ca786db80d02,2026-06-07T14:15:20.728Z,instance-1,A,burst,heavy,heavy,k6,Exp_A_09,22,POST,/api/heavy,heavy,0.01,123.5,58.85,119,10.14,92.59,309.75,653.44,760.57,5.8,51.72,308.24,200
d085f7a1-b799-44cc-b02f-269589cebbfe,2026-06-07T14:15:20.728Z,instance-1,A,burst,heavy,heavy,k6,Exp_A_09,34,POST,/api/heavy,heavy,0.01,123.5,58.85,120,10.14,92.59,309.75,653.44,760.57,6,50,504.02,200
f661f4c6-395a-47be-b5a7-c387b977afd5,2026-06-07T14:15:20.728Z,instance-1,A,burst,heavy,heavy,k6,Exp_A_09,43,POST,/api/heavy,heavy,0.01,123.5,58.85,121,10.14,92.59,309.75,653.44,760.57,6.2,48.39,672.66,200
8019e0c0-1f7a-4bcb-8fa2-a17c774e2a0f,2026-06-07T14:15:21.571Z,instance-2,A,burst,heavy,heavy,k6,Exp_A_09,23,POST,/api/heavy,heavy,0.01,0,65.42,199,0.02,151.11,3688.52,6812.58,6965.8,2.8,7.14,139.75,200
b9989989-4d19-4ea2-87a7-7c7f5959f2c9,2026-06-07T14:15:21.402Z,instance-1,A,burst,heavy,heavy,k6,Exp_A_09,3,POST,/api/heavy,heavy,0.01,123.5,58.85,118,9.62,92.59,337.62,672.66,760.57,5.8,51.72,151.91,200
a9f20485-a926-4a77-a261-cc6807e52416,2026-06-07T14:15:21.402Z,instance-1,A,burst,heavy,heavy,k6,Exp_A_09,18,POST,/api/heavy,heavy,0.01,123.5,58.85,119,9.62,92.59,337.62,672.66,760.57,6,50,332.35,200
ee1b7be4-1161-4da7-963f-3374f0870690,2026-06-07T14:15:21.743Z,instance-1,A,burst,heavy,heavy,k6,Exp_A_09,29,POST,/api/heavy,heavy,0.01,126.6,58.65,118,9.62,102.36,344.09,672.66,760.57,5.8,51.72,178.78,200
7ec642a3-a868-452a-a62f-8751fbeabef3,2026-06-07T14:15:21.743Z,instance-1,A,burst,heavy,heavy,k6,Exp_A_09,28,POST,/api/heavy,heavy,0.01,126.6,58.65,119,9.62,102.36,344.09,672.66,760.57,6,50,374.07,200
5d1a8c05-5452-40df-b9f6-46ff0efccab6,2026-06-07T14:15:22.039Z,instance-2,A,burst,heavy,heavy,k6,Exp_A_09,22,POST,/api/heavy,heavy,0.01,0,65.42,199,0.02,151.11,2559.44,6965.8,6965.8,3,6.67,175.89,200
51c03663-1b2f-40f5-a7c8-211dedfb3d0e,2026-06-07T14:15:22.118Z,instance-1,A,burst,heavy,heavy,k6,Exp_A_09,15,POST,/api/heavy,heavy,0.01,126.6,58.65,118,8.98,102.36,350.38,672.66,760.57,5.8,51.72,175.12,200
10d001b3-c445-4da5-8190-7f691ace2c3b,2026-06-07T14:15:22.118Z,instance-1,A,burst,heavy,heavy,k6,Exp_A_09,41,POST,/api/heavy,heavy,0.01,126.6,58.65,119,8.98,102.36,350.38,672.66,760.57,6,50,319.67,200
208bb5d1-2559-4ab1-b53f-4e78df830f62,2026-06-07T14:15:22.440Z,instance-1,A,burst,heavy,heavy,k6,Exp_A_09,43,POST,/api/heavy,heavy,0.01,98.3,58.67,118,8.98,101.55,352.91,672.66,760.57,5.8,51.72,144.62,200
4df1734b-618a-4470-82f7-b6b33c4535a9,2026-06-07T14:15:22.440Z,instance-1,A,burst,heavy,heavy,k6,Exp_A_09,35,POST,/api/heavy,heavy,0.01,98.3,58.67,119,8.98,101.55,352.91,672.66,760.57,6,50,313.61,200
6aa321d5-7b00-45a5-95e4-2407957eaecb,2026-06-07T14:15:17.212Z,instance-3,A,burst,heavy,heavy,k6,Exp_A_09,23,POST,/api/heavy,heavy,0.01,36.2,56.54,353,17.54,36.2,3213.62,5598.36,5755.01,0.2,1000,170.27,200
cc0fe0dd-d8cc-4919-b389-6b9d265de82e,2026-06-07T14:15:17.213Z,instance-3,A,burst,heavy,heavy,k6,Exp_A_09,51,POST,/api/heavy,heavy,0.01,36.2,56.54,354,17.54,36.2,3213.62,5598.36,5755.01,0.4,500,372.67,200
10915673-deda-4287-a89a-339119354e1d,2026-06-07T14:15:17.214Z,instance-3,A,burst,heavy,heavy,k6,Exp_A_09,61,POST,/api/heavy,heavy,0.01,36.2,56.54,355,17.54,36.2,3213.62,5598.36,5755.01,0.6,333.33,550.04,200
fe953174-41dd-453b-b7f6-150370ceedf7,2026-06-07T14:15:17.215Z,instance-3,A,burst,heavy,heavy,k6,Exp_A_09,34,POST,/api/heavy,heavy,0.01,36.2,56.54,356,17.54,36.2,3213.62,5598.36,5755.01,0.8,250,715.92,200
a280249a-96ed-49a5-b01b-70de424c485b,2026-06-07T14:15:17.215Z,instance-3,A,burst,heavy,heavy,k6,Exp_A_09,45,POST,/api/heavy,heavy,0.01,36.2,56.54,357,17.54,36.2,3213.62,5598.36,5755.01,1,200,884.58,200
bfcbb635-eb29-4d93-ba4f-863f70b27d70,2026-06-07T14:15:17.215Z,instance-3,A,burst,heavy,heavy,k6,Exp_A_09,49,POST,/api/heavy,heavy,0.01,36.2,56.54,358,17.54,36.2,3213.62,5598.36,5755.01,1.2,166.67,1105,200
961344d1-6c2e-42b5-a136-6abac9bee25e,2026-06-07T14:15:17.216Z,instance-3,A,burst,heavy,heavy,k6,Exp_A_09,56,POST,/api/heavy,heavy,0.01,36.2,56.54,359,17.54,36.2,3213.62,5598.36,5755.01,1.4,142.86,1277.86,200
631a90a6-ffa0-4422-9b1b-5183729340bd,2026-06-07T14:15:17.216Z,instance-3,A,burst,heavy,heavy,k6,Exp_A_09,60,POST,/api/heavy,heavy,0.01,36.2,56.54,360,17.54,36.2,3213.62,5598.36,5755.01,1.6,125,1489.08,200
a61d95a8-704a-4e71-94b9-923db262398f,2026-06-07T14:15:17.216Z,instance-3,A,burst,heavy,heavy,k6,Exp_A_09,79,POST,/api/heavy,heavy,0.01,36.2,56.54,361,17.54,36.2,3213.62,5598.36,5755.01,1.8,111.11,1651.09,200
da60d8d4-3bc9-4aa1-917b-05e372ec8245,2026-06-07T14:15:17.217Z,instance-3,A,burst,heavy,heavy,k6,Exp_A_09,85,POST,/api/heavy,heavy,0.01,36.2,56.54,362,17.54,36.2,3213.62,5598.36,5755.01,2,100,1834.26,200
ecf3a927-de2c-463d-adc7-689d2bcff4e5,2026-06-07T14:15:17.217Z,instance-3,A,burst,heavy,heavy,k6,Exp_A_09,17,POST,/api/heavy,heavy,0.01,36.2,56.54,363,17.54,36.2,3213.62,5598.36,5755.01,2.2,90.91,2044.63,200
ef88810b-686f-4d92-938b-86ad5cdee68a,2026-06-07T14:15:17.217Z,instance-3,A,burst,heavy,heavy,k6,Exp_A_09,26,POST,/api/heavy,heavy,0.01,36.2,56.54,364,17.54,36.2,3213.62,5598.36,5755.01,2.4,83.33,2207.79,200
f645ad63-27d6-4177-b340-545a1da99126,2026-06-07T14:15:17.217Z,instance-3,A,burst,heavy,heavy,k6,Exp_A_09,43,POST,/api/heavy,heavy,0.01,36.2,56.54,365,17.54,36.2,3213.62,5598.36,5755.01,2.6,76.92,2429.28,200
2a8a58be-f45d-491f-b04b-b775651a1d8a,2026-06-07T14:15:17.217Z,instance-3,A,burst,heavy,heavy,k6,Exp_A_09,3,POST,/api/heavy,heavy,0.01,36.2,56.54,366,17.54,36.2,3213.62,5598.36,5755.01,2.8,71.43,2612.71,200
56e04b0a-7c87-45c3-a59c-6b65ab871f46,2026-06-07T14:15:17.217Z,instance-3,A,burst,heavy,heavy,k6,Exp_A_09,67,POST,/api/heavy,heavy,0.01,36.2,56.54,367,17.54,36.2,3213.62,5598.36,5755.01,3,66.67,2769.47,200
5ea76953-bd9f-4406-b2b7-38e7318f261c,2026-06-07T14:15:17.217Z,instance-3,A,burst,heavy,heavy,k6,Exp_A_09,55,POST,/api/heavy,heavy,0.01,36.2,56.54,368,17.54,36.2,3213.62,5598.36,5755.01,3.2,62.5,2931.42,200
832906c7-2d29-472b-a0a5-c93c27c55878,2026-06-07T14:15:17.218Z,instance-3,A,burst,heavy,heavy,k6,Exp_A_09,66,POST,/api/heavy,heavy,0.01,36.2,56.54,369,17.54,36.2,3213.62,5598.36,5755.01,3.4,58.82,3077.02,200
b7fbf024-5e7c-46ad-b3e2-aedc46171c47,2026-06-07T14:15:17.218Z,instance-3,A,burst,heavy,heavy,k6,Exp_A_09,28,POST,/api/heavy,heavy,0.01,36.2,56.54,370,17.54,36.2,3213.62,5598.36,5755.01,3.6,55.56,3221,200
a73bdbb4-ed4b-4a67-8739-2df6542261dc,2026-06-07T14:15:17.218Z,instance-3,A,burst,heavy,heavy,k6,Exp_A_09,62,POST,/api/heavy,heavy,0.01,36.2,56.54,371,17.54,36.2,3213.62,5598.36,5755.01,3.8,52.63,3365.49,200
dcb3baad-9c20-4f36-8746-ff6a1d85b133,2026-06-07T14:15:17.218Z,instance-3,A,burst,heavy,heavy,k6,Exp_A_09,36,POST,/api/heavy,heavy,0.01,36.2,56.54,372,17.54,36.2,3213.62,5598.36,5755.01,4,50,3517.11,200
ad090f44-e7b5-43fc-8be4-584f641c5094,2026-06-07T14:15:17.218Z,instance-3,A,burst,heavy,heavy,k6,Exp_A_09,41,POST,/api/heavy,heavy,0.01,36.2,56.54,373,17.54,36.2,3213.62,5598.36,5755.01,4.2,47.62,3689.84,200
a0ec3b93-e508-48ac-932f-ce2af96816b3,2026-06-07T14:15:17.219Z,instance-3,A,burst,heavy,heavy,k6,Exp_A_09,59,POST,/api/heavy,heavy,0.01,36.2,56.54,374,17.54,36.2,3213.62,5598.36,5755.01,4.4,45.45,3837.69,200
21c86f99-832b-4ea1-ae7f-89baacb498f6,2026-06-07T14:15:17.219Z,instance-3,A,burst,heavy,heavy,k6,Exp_A_09,39,POST,/api/heavy,heavy,0.01,36.2,56.54,375,17.54,36.2,3213.62,5598.36,5755.01,4.6,43.48,4041.44,200
69c061c7-af88-4929-a662-10db21a8c09a,2026-06-07T14:15:17.219Z,instance-3,A,burst,heavy,heavy,k6,Exp_A_09,35,POST,/api/heavy,heavy,0.01,36.2,56.54,376,17.54,36.2,3213.62,5598.36,5755.01,4.8,41.67,4196.24,200
9eff558f-8474-4608-94e8-8f5439b19fd5,2026-06-07T14:15:17.219Z,instance-3,A,burst,heavy,heavy,k6,Exp_A_09,2,POST,/api/heavy,heavy,0.01,36.2,56.54,377,17.54,36.2,3213.62,5598.36,5755.01,5,40,4352.25,200
b45d1961-c6e5-40e4-97fb-7af0b828ea07,2026-06-07T14:15:17.220Z,instance-3,A,burst,heavy,heavy,k6,Exp_A_09,73,POST,/api/heavy,heavy,0.01,36.2,56.54,378,17.54,36.2,3213.62,5598.36,5755.01,5.2,38.46,4537.36,200
6af7dbb8-8e67-48ec-92f4-6857712361b9,2026-06-07T14:15:17.221Z,instance-3,A,burst,heavy,heavy,k6,Exp_A_09,63,POST,/api/heavy,heavy,0.01,36.2,56.54,379,17.54,36.2,3213.62,5598.36,5755.01,5.4,37.04,4724.88,200
fb4ed5df-fb15-4241-a549-37183fab1372,2026-06-07T14:15:17.221Z,instance-3,A,burst,heavy,heavy,k6,Exp_A_09,70,POST,/api/heavy,heavy,0.01,36.2,56.54,380,17.54,36.2,3213.62,5598.36,5755.01,5.6,35.71,4909.75,200
f7dcbbe3-9da3-45c2-9aab-fc6e8bcf7af8,2026-06-07T14:15:17.221Z,instance-3,A,burst,heavy,heavy,k6,Exp_A_09,30,POST,/api/heavy,heavy,0.01,36.2,56.54,381,17.54,36.2,3213.62,5598.36,5755.01,5.8,34.48,5083.15,200
fcd6cc6a-b80b-4b4e-b76f-273d6ff68e14,2026-06-07T14:15:17.222Z,instance-3,A,burst,heavy,heavy,k6,Exp_A_09,54,POST,/api/heavy,heavy,0.01,36.2,56.54,382,17.54,36.2,3213.62,5598.36,5755.01,6,33.33,5226.98,200
8d5ac6ff-4be6-4c38-96ca-924f18bebb0f,2026-06-07T14:15:17.222Z,instance-3,A,burst,heavy,heavy,k6,Exp_A_09,31,POST,/api/heavy,heavy,0.01,36.2,56.54,383,17.54,36.2,3213.62,5598.36,5755.01,6.2,32.26,5378.63,200
57f760d9-f721-4d1a-8431-a55727aea2a1,2026-06-07T14:15:17.222Z,instance-3,A,burst,heavy,heavy,k6,Exp_A_09,21,POST,/api/heavy,heavy,0.01,36.2,56.54,384,17.54,36.2,3213.62,5598.36,5755.01,6.4,31.25,5539.47,200
d3d0ac68-9075-4279-9cdc-720dd66dd016,2026-06-07T14:15:17.222Z,instance-3,A,burst,heavy,heavy,k6,Exp_A_09,42,POST,/api/heavy,heavy,0.01,36.2,56.54,385,17.54,36.2,3213.62,5598.36,5755.01,6.6,30.3,5745.91,200
24b53bcc-e390-4d2a-ac46-2ec43b73efdd,2026-06-07T14:15:17.222Z,instance-3,A,burst,heavy,heavy,k6,Exp_A_09,33,POST,/api/heavy,heavy,0.01,36.2,56.54,386,17.54,36.2,3213.62,5598.36,5755.01,6.8,29.41,5896.42,200
cab86ab5-84f0-4b02-b528-3e7f432b3076,2026-06-07T14:15:17.222Z,instance-3,A,burst,heavy,heavy,k6,Exp_A_09,27,POST,/api/heavy,heavy,0.01,36.2,56.54,387,17.54,36.2,3213.62,5598.36,5755.01,7,28.57,6046.73,200
24cd0040-e28e-4a46-8b4d-316c03ef6417,2026-06-07T14:15:17.222Z,instance-3,A,burst,heavy,heavy,k6,Exp_A_09,81,POST,/api/heavy,heavy,0.01,36.2,56.54,388,17.54,36.2,3213.62,5598.36,5755.01,7.2,27.78,6200.85,200
ef8d8823-9d18-4f55-b911-27a695a470df,2026-06-07T14:15:17.223Z,instance-3,A,burst,heavy,heavy,k6,Exp_A_09,71,POST,/api/heavy,heavy,0.01,36.2,56.54,389,17.54,36.2,3213.62,5598.36,5755.01,7.4,27.03,6355.44,200
ef52c8bd-46c8-4e7d-ac0e-8c0b097a333b,2026-06-07T14:15:17.223Z,instance-3,A,burst,heavy,heavy,k6,Exp_A_09,76,POST,/api/heavy,heavy,0.01,36.2,56.54,390,17.54,36.2,3213.62,5598.36,5755.01,7.6,26.32,6502.12,200
3bb04c6a-c872-43dd-8a33-ddcb388116af,2026-06-07T14:15:17.223Z,instance-3,A,burst,heavy,heavy,k6,Exp_A_09,72,POST,/api/heavy,heavy,0.01,36.2,56.54,391,17.54,36.2,3213.62,5598.36,5755.01,7.8,25.64,6674.54,200
7ff6d941-7eb5-4161-898a-4f200f774fa8,2026-06-07T14:15:17.223Z,instance-3,A,burst,heavy,heavy,k6,Exp_A_09,8,POST,/api/heavy,heavy,0.01,36.2,56.54,392,17.54,36.2,3213.62,5598.36,5755.01,8,25,6830.52,200
5518df45-abaa-4b63-934d-8a29ec76aacc,2026-06-07T14:15:17.223Z,instance-3,A,burst,heavy,heavy,k6,Exp_A_09,48,POST,/api/heavy,heavy,0.01,36.2,56.54,393,17.54,36.2,3213.62,5598.36,5755.01,8.2,24.39,6977.51,200
e9796e0d-66e7-4b52-b51d-68255cfa34c2,2026-06-07T14:15:17.223Z,instance-3,A,burst,heavy,heavy,k6,Exp_A_09,69,POST,/api/heavy,heavy,0.01,36.2,56.54,394,17.54,36.2,3213.62,5598.36,5755.01,8.4,23.81,7138.69,200
115e7e5f-b291-4d46-bb18-0945ea8caab4,2026-06-07T14:15:17.223Z,instance-3,A,burst,heavy,heavy,k6,Exp_A_09,13,POST,/api/heavy,heavy,0.01,36.2,56.54,395,17.54,36.2,3213.62,5598.36,5755.01,8.6,23.26,7288.64,200
b405e038-2f59-43c9-9ba5-f22faf8d5d9a,2026-06-07T14:15:17.224Z,instance-3,A,burst,heavy,heavy,k6,Exp_A_09,74,POST,/api/heavy,heavy,0.01,36.2,56.54,396,17.54,36.2,3213.62,5598.36,5755.01,8.8,22.73,7437.86,200
33eccc06-7451-448d-880c-1e011971a520,2026-06-07T14:15:17.224Z,instance-3,A,burst,heavy,heavy,k6,Exp_A_09,24,POST,/api/heavy,heavy,0.01,36.2,56.54,397,17.54,36.2,3213.62,5598.36,5755.01,9,22.22,7610.65,200
fe9cd6d5-435e-4313-a984-cbecc96c9bd0,2026-06-07T14:15:17.224Z,instance-3,A,burst,heavy,heavy,k6,Exp_A_09,47,POST,/api/heavy,heavy,0.01,36.2,56.54,398,17.54,36.2,3213.62,5598.36,5755.01,9.2,21.74,7763.9,200
46474dbb-235a-4d3d-bf7b-a43c52081411,2026-06-07T14:15:17.225Z,instance-3,A,burst,heavy,heavy,k6,Exp_A_09,10,POST,/api/heavy,heavy,0.01,36.2,56.54,399,17.54,36.2,3213.62,5598.36,5755.01,9.4,21.28,7907.55,200
2715034b-3f9c-4940-b2f7-44c2e29d902e,2026-06-07T14:15:17.225Z,instance-3,A,burst,heavy,heavy,k6,Exp_A_09,16,POST,/api/heavy,heavy,0.01,36.2,56.54,400,17.54,36.2,3213.62,5598.36,5755.01,9.6,20.83,8049.31,200
ae052b85-1897-4ea1-876c-df9382013b7f,2026-06-07T14:15:17.225Z,instance-3,A,burst,heavy,heavy,k6,Exp_A_09,37,POST,/api/heavy,heavy,0.01,36.2,56.54,401,17.54,36.2,3213.62,5598.36,5755.01,9.8,20.41,8195.04,200
0fb2132a-7e43-4910-b838-09ea1a9b5a51,2026-06-07T14:15:17.225Z,instance-3,A,burst,heavy,heavy,k6,Exp_A_09,14,POST,/api/heavy,heavy,0.01,36.2,56.54,402,17.54,36.2,3213.62,5598.36,5755.01,10,20,8340.02,200
6286e104-012d-45d5-a3aa-f7d2c80831c4,2026-06-07T14:15:25.575Z,instance-3,A,burst,heavy,heavy,k6,Exp_A_09,60,POST,/api/heavy,heavy,0.01,57.43,57.3,353,22.28,57.43,5917.56,8195.04,8340.02,0.2,1000,148.37,200
d4d2d57d-bdd7-4230-90ce-695a37348f87,2026-06-07T14:15:25.575Z,instance-3,A,burst,heavy,heavy,k6,Exp_A_09,44,POST,/api/heavy,heavy,0.01,57.43,57.3,354,22.28,57.43,5917.56,8195.04,8340.02,0.4,500,322.4,200
2558667d-8a0a-4bab-80ec-6e537e56e620,2026-06-07T14:15:25.576Z,instance-3,A,burst,heavy,heavy,k6,Exp_A_09,51,POST,/api/heavy,heavy,0.01,57.43,57.3,355,22.28,57.43,5917.56,8195.04,8340.02,0.6,333.33,462.77,200
029ce456-ecaa-4c00-897d-4e62d394a33b,2026-06-07T14:15:25.576Z,instance-3,A,burst,heavy,heavy,k6,Exp_A_09,17,POST,/api/heavy,heavy,0.01,57.43,57.3,356,22.28,57.43,5917.56,8195.04,8340.02,0.8,250,605.43,200
2c0cfc82-cd30-43ec-9406-5d310875e0ba,2026-06-07T14:15:25.576Z,instance-3,A,burst,heavy,heavy,k6,Exp_A_09,26,POST,/api/heavy,heavy,0.01,57.43,57.3,357,22.28,57.43,5917.56,8195.04,8340.02,1,200,745.29,200
28298bbd-28d8-4239-990d-1b21c1151931,2026-06-07T14:15:25.578Z,instance-3,A,burst,heavy,heavy,k6,Exp_A_09,53,POST,/api/heavy,heavy,0.01,57.43,57.3,358,22.28,57.43,5917.56,8195.04,8340.02,1.2,166.67,892.96,200
7410b48a-8830-48d8-97ed-0911d393f985,2026-06-07T14:15:25.578Z,instance-3,A,burst,heavy,heavy,k6,Exp_A_09,25,POST,/api/heavy,heavy,0.01,57.43,57.3,359,22.28,57.43,5917.56,8195.04,8340.02,1.4,142.86,1035.25,200
61de79fa-460a-4d99-a52e-097000a6294c,2026-06-07T14:15:25.579Z,instance-3,A,burst,heavy,heavy,k6,Exp_A_09,32,POST,/api/heavy,heavy,0.01,57.43,57.3,360,22.28,57.43,5917.56,8195.04,8340.02,1.6,125,1181.01,200
9c73988a-d5ff-4aad-930d-fc17b94caebe,2026-06-07T14:15:25.579Z,instance-3,A,burst,heavy,heavy,k6,Exp_A_09,12,POST,/api/heavy,heavy,0.01,57.43,57.3,361,22.28,57.43,5917.56,8195.04,8340.02,1.8,111.11,1342.77,200
b2e524c0-46be-4273-8e7c-66d575192c9e,2026-06-07T14:15:25.579Z,instance-3,A,burst,heavy,heavy,k6,Exp_A_09,6,POST,/api/heavy,heavy,0.01,57.43,57.3,362,22.28,57.43,5917.56,8195.04,8340.02,2,100,1484.16,200
75499634-a43c-4f33-9269-45c1e253d81f,2026-06-07T14:15:25.580Z,instance-3,A,burst,heavy,heavy,k6,Exp_A_09,36,POST,/api/heavy,heavy,0.01,57.43,57.3,363,22.28,57.43,5917.56,8195.04,8340.02,2.2,90.91,1624.52,200
5c580bee-47f0-40f2-859a-1610cbea6137,2026-06-07T14:15:25.580Z,instance-3,A,burst,heavy,heavy,k6,Exp_A_09,34,POST,/api/heavy,heavy,0.01,57.43,57.3,364,22.28,57.43,5917.56,8195.04,8340.02,2.4,83.33,1764.77,200
163d9d1f-7eeb-4dd2-a540-6789386bc268,2026-06-07T14:15:25.580Z,instance-3,A,burst,heavy,heavy,k6,Exp_A_09,39,POST,/api/heavy,heavy,0.01,57.43,57.3,365,22.28,57.43,5917.56,8195.04,8340.02,2.6,76.92,1910.13,200
f32c3ed5-5f46-42ad-9546-fb8bf4c972b2,2026-06-07T14:15:25.580Z,instance-3,A,burst,heavy,heavy,k6,Exp_A_09,20,POST,/api/heavy,heavy,0.01,57.43,57.3,366,22.28,57.43,5917.56,8195.04,8340.02,2.8,71.43,2052.43,200
